{
	"credit": "Made with Blockbench",
	"texture_size": [32, 32],
	"textures": {
		"0": "item/amberfirework",
		"particle": "amberfirework"
	},
	"elements": [
		{
			"from": [6, 10, 5],
			"to": [10, 14, 9],
			"faces": {
				"north": {"uv": [0, 0, 2, 2], "texture": "#0"},
				"east": {"uv": [0, 2, 2, 4], "texture": "#0"},
				"south": {"uv": [2, 0, 4, 2], "texture": "#0"},
				"west": {"uv": [2, 2, 4, 4], "texture": "#0"},
				"up": {"uv": [2, 6, 0, 4], "texture": "#0"},
				"down": {"uv": [6, 0, 4, 2], "texture": "#0"}
			}
		},
		{
			"from": [7, 10, 3],
			"to": [9, 12, 5],
			"faces": {
				"north": {"uv": [7, 6, 8, 7], "texture": "#0"},
				"east": {"uv": [3.5, 7.5, 4.5, 8.5], "texture": "#0"},
				"south": {"uv": [4.5, 7.5, 5.5, 8.5], "texture": "#0"},
				"west": {"uv": [7.5, 7, 8.5, 8], "texture": "#0"},
				"up": {"uv": [1, 9, 0, 8], "texture": "#0"},
				"down": {"uv": [9, 0, 8, 1], "texture": "#0"}
			}
		},
		{
			"from": [6, 14, 7],
			"to": [7, 15, 9],
			"faces": {
				"north": {"uv": [1.5, 7, 2, 7.5], "texture": "#0"},
				"east": {"uv": [9, 0, 10, 0.5], "texture": "#0"},
				"south": {"uv": [5.5, 7.5, 6, 8], "texture": "#0"},
				"west": {"uv": [9, 0.5, 10, 1], "texture": "#0"},
				"up": {"uv": [1.5, 9, 1, 8], "texture": "#0"},
				"down": {"uv": [1.5, 9, 1, 10], "texture": "#0"}
			}
		},
		{
			"from": [9, 14, 7],
			"to": [10, 15, 9],
			"faces": {
				"north": {"uv": [3, 9, 3.5, 9.5], "texture": "#0"},
				"east": {"uv": [1.5, 9, 2.5, 9.5], "texture": "#0"},
				"south": {"uv": [9, 3.5, 9.5, 4], "texture": "#0"},
				"west": {"uv": [9, 2, 10, 2.5], "texture": "#0"},
				"up": {"uv": [3, 10, 2.5, 9], "texture": "#0"},
				"down": {"uv": [9.5, 2.5, 9, 3.5], "texture": "#0"}
			}
		},
		{
			"from": [6, 6, 6],
			"to": [10, 10, 8],
			"faces": {
				"north": {"uv": [2, 4, 4, 6], "texture": "#0"},
				"east": {"uv": [4, 4, 5, 6], "texture": "#0"},
				"south": {"uv": [4, 2, 6, 4], "texture": "#0"},
				"west": {"uv": [5, 4, 6, 6], "texture": "#0"},
				"up": {"uv": [2, 7, 0, 6], "texture": "#0"},
				"down": {"uv": [8, 0, 6, 1], "texture": "#0"}
			}
		},
		{
			"from": [6, 6, 6],
			"to": [10, 10, 8],
			"faces": {
				"north": {"uv": [2, 4, 4, 6], "texture": "#0"},
				"east": {"uv": [4, 4, 5, 6], "texture": "#0"},
				"south": {"uv": [4, 2, 6, 4], "texture": "#0"},
				"west": {"uv": [5, 4, 6, 6], "texture": "#0"},
				"up": {"uv": [2, 7, 0, 6], "texture": "#0"},
				"down": {"uv": [8, 0, 6, 1], "texture": "#0"}
			}
		},
		{
			"from": [7, 6, 8],
			"to": [9, 8, 10],
			"faces": {
				"north": {"uv": [8, 2, 9, 3], "texture": "#0"},
				"east": {"uv": [8, 3, 9, 4], "texture": "#0"},
				"south": {"uv": [8, 4, 9, 5], "texture": "#0"},
				"west": {"uv": [5.5, 8, 6.5, 9], "texture": "#0"},
				"up": {"uv": [9, 7, 8, 6], "texture": "#0"},
				"down": {"uv": [7.5, 8, 6.5, 9], "texture": "#0"}
			}
		},
		{
			"from": [9, 6.8, 6],
			"to": [10.5, 9.8, 8],
			"rotation": {"angle": 45, "axis": "x", "origin": [9.75, 9.5, 7]},
			"faces": {
				"north": {"uv": [6, 1, 7, 2.5], "texture": "#0"},
				"east": {"uv": [2, 6, 3, 7.5], "texture": "#0"},
				"south": {"uv": [6, 2.5, 7, 4], "texture": "#0"},
				"west": {"uv": [3, 6, 4, 7.5], "texture": "#0"},
				"up": {"uv": [8.5, 9, 7.5, 8], "texture": "#0"},
				"down": {"uv": [9.5, 1, 8.5, 2], "texture": "#0"}
			}
		},
		{
			"from": [5.5, 6.8, 6],
			"to": [7, 9.8, 8],
			"rotation": {"angle": 45, "axis": "x", "origin": [6.25, 9.5, 7]},
			"faces": {
				"north": {"uv": [4, 6, 5, 7.5], "texture": "#0"},
				"east": {"uv": [6, 4, 7, 5.5], "texture": "#0"},
				"south": {"uv": [5, 6, 6, 7.5], "texture": "#0"},
				"west": {"uv": [6, 5.5, 7, 7], "texture": "#0"},
				"up": {"uv": [4.5, 9.5, 3.5, 8.5], "texture": "#0"},
				"down": {"uv": [5.5, 8.5, 4.5, 9.5], "texture": "#0"}
			}
		},
		{
			"from": [5, 5.5, 4],
			"to": [7, 7.5, 7],
			"rotation": {"angle": 22.5, "axis": "y", "origin": [7, 6, 5.5]},
			"faces": {
				"north": {"uv": [8.5, 5, 9.5, 6], "texture": "#0"},
				"east": {"uv": [0, 7, 1.5, 8], "texture": "#0"},
				"south": {"uv": [8.5, 7, 9.5, 8], "texture": "#0"},
				"west": {"uv": [7, 1, 8.5, 2], "texture": "#0"},
				"up": {"uv": [8, 3.5, 7, 2], "texture": "#0"},
				"down": {"uv": [8, 3.5, 7, 5], "texture": "#0"}
			}
		},
		{
			"from": [9, 5.5, 4],
			"to": [11, 7.5, 7],
			"rotation": {"angle": -22.5, "axis": "y", "origin": [9, 6, 5.5]},
			"faces": {
				"north": {"uv": [8.5, 8, 9.5, 9], "texture": "#0"},
				"east": {"uv": [7, 5, 8.5, 6], "texture": "#0"},
				"south": {"uv": [0, 9, 1, 10], "texture": "#0"},
				"west": {"uv": [6, 7, 7.5, 8], "texture": "#0"},
				"up": {"uv": [2.5, 9, 1.5, 7.5], "texture": "#0"},
				"down": {"uv": [3.5, 7.5, 2.5, 9], "texture": "#0"}
			}
		},
		{
			"from": [6.5, 5, 9],
			"to": [9.5, 15, 12],
			"faces": {
				"north": {"uv": [14.5, 10.5, 16, 15.5], "texture": "#0"},
				"east": {"uv": [13, 10.5, 14.5, 15.5], "texture": "#0"},
				"south": {"uv": [10, 10.5, 11.5, 15.5], "texture": "#0"},
				"west": {"uv": [11.5, 10.5, 13, 15.5], "texture": "#0"},
				"up": {"uv": [8.5, 12, 10, 13.5], "texture": "#0"},
				"down": {"uv": [8.5, 10.5, 10, 12], "texture": "#0"}
			}
		},
		{
			"from": [5.5, 15, 8],
			"to": [10.5, 17, 13],
			"faces": {
				"north": {"uv": [12.5, 3.5, 15, 4.5], "texture": "#0"},
				"east": {"uv": [10, 3.5, 12.5, 4.5], "texture": "#0"},
				"south": {"uv": [10, 0, 12.5, 1], "texture": "#0"},
				"west": {"uv": [12.5, 0, 15, 1], "texture": "#0"},
				"up": {"uv": [12.5, 1, 15, 3.5], "texture": "#0"},
				"down": {"uv": [10, 1, 12.5, 3.5], "texture": "#0"}
			}
		},
		{
			"from": [6.5, 17, 9],
			"to": [9.5, 18, 12],
			"faces": {
				"north": {"uv": [14.5, 5, 16, 5.5], "texture": "#0"},
				"east": {"uv": [14.5, 4.5, 16, 5], "texture": "#0"},
				"south": {"uv": [10, 4.5, 11.5, 5], "texture": "#0"},
				"west": {"uv": [10, 5, 11.5, 5.5], "texture": "#0"},
				"up": {"uv": [13, 4.5, 14.5, 6], "texture": "#0"},
				"down": {"uv": [11.5, 4.5, 13, 6], "texture": "#0"}
			}
		},
		{
			"from": [7.5, 18, 10],
			"to": [8.5, 19, 11],
			"faces": {
				"north": {"uv": [12.5, 5.5, 13, 6], "texture": "#0"},
				"east": {"uv": [12, 5.5, 12.5, 6], "texture": "#0"},
				"south": {"uv": [11, 5.5, 11.5, 6], "texture": "#0"},
				"west": {"uv": [11.5, 5.5, 12, 6], "texture": "#0"},
				"up": {"uv": [10.5, 5.5, 11, 6], "texture": "#0"},
				"down": {"uv": [10, 5.5, 10.5, 6], "texture": "#0"}
			}
		},
		{
			"from": [8, 0, 9],
			"to": [8, 5, 14],
			"faces": {
				"north": {"uv": [0, 0, 0, 2.5], "texture": "#0"},
				"east": {"uv": [2.5, 10.5, 5, 13], "texture": "#0"},
				"south": {"uv": [10, 0, 10, 2.5], "texture": "#0"},
				"west": {"uv": [0, 10.5, 2.5, 13], "texture": "#0"},
				"up": {"uv": [0, 0, 0, 2.5], "texture": "#0"},
				"down": {"uv": [0, 0, 0, 2.5], "texture": "#0"}
			}
		}
	],
	"gui_light": "front",
	"display": {
		"thirdperson_righthand": {
			"translation": [0, -3.25, -1.5],
			"scale": [0.5, 0.5, 0.5]
		},
		"thirdperson_lefthand": {
			"translation": [0, -3.25, -1.5],
			"scale": [0.5, 0.5, 0.5]
		},
		"firstperson_righthand": {
			"rotation": [-23, 130, 1],
			"translation": [1.5, 0, 0]
		},
		"firstperson_lefthand": {
			"rotation": [-23, 130, 1],
			"translation": [1.5, 0, 0]
		},
		"ground": {
			"rotation": [0, 180, 0],
			"translation": [0, -1.25, 0],
			"scale": [0.6, 0.6, 0.6]
		},
		"gui": {
			"rotation": [0, 180, 0],
			"translation": [0, -3.75, 0]
		},
		"head": {
			"translation": [0, 8.75, 1]
		},
		"fixed": {
			"rotation": [0, 180, 0],
			"translation": [0, -2.25, 0],
			"scale": [1.2, 1.2, 1]
		}
	}
}