{
	"credit": "Made with Blockbench",
	"texture_size": [32, 32],
	"textures": {
		"1": "item/amethystsword",
		"particle": "amethystsword"
	},
	"elements": [
		{
			"from": [7.1, -15, 7.1],
			"to": [8.9, -13.2, 8.9],
			"rotation": {"angle": 0, "axis": "y", "origin": [7, -15.2, 7]},
			"faces": {
				"north": {"uv": [4, 10.5, 5, 11.5], "texture": "#1"},
				"east": {"uv": [10.5, 11, 11.5, 12], "texture": "#1"},
				"south": {"uv": [11.5, 0, 12.5, 1], "texture": "#1"},
				"west": {"uv": [4, 11.5, 5, 12.5], "texture": "#1"},
				"up": {"uv": [12.5, 5.5, 11.5, 4.5], "texture": "#1"},
				"down": {"uv": [12.5, 5.5, 11.5, 6.5], "texture": "#1"}
			}
		},
		{
			"from": [7.35, -13.2, 7.35],
			"to": [8.65, -6.2, 8.65],
			"rotation": {"angle": 0, "axis": "y", "origin": [7, -13.2, 7]},
			"faces": {
				"north": {"uv": [9.5, 10, 10, 13.5], "texture": "#1"},
				"east": {"uv": [10, 10, 10.5, 13.5], "texture": "#1"},
				"south": {"uv": [3, 10.5, 3.5, 14], "texture": "#1"},
				"west": {"uv": [3.5, 10.5, 4, 14], "texture": "#1"},
				"up": {"uv": [11.5, 9, 11, 8.5], "texture": "#1"},
				"down": {"uv": [14, 10.5, 13.5, 11], "texture": "#1"}
			}
		},
		{
			"from": [6.95, -16, 6.95],
			"to": [9.05, -15, 9.05],
			"rotation": {"angle": 0, "axis": "y", "origin": [7, -17, 7]},
			"faces": {
				"north": {"uv": [13, 3.5, 14, 4], "texture": "#1"},
				"east": {"uv": [13, 4, 14, 4.5], "texture": "#1"},
				"south": {"uv": [13, 4.5, 14, 5], "texture": "#1"},
				"west": {"uv": [6, 13, 7, 13.5], "texture": "#1"},
				"up": {"uv": [12.5, 7.5, 11.5, 6.5], "texture": "#1"},
				"down": {"uv": [12.5, 8.5, 11.5, 9.5], "texture": "#1"}
			}
		},
		{
			"from": [6, -6.3, 7],
			"to": [10, -4.3, 9],
			"rotation": {"angle": 0, "axis": "y", "origin": [7, -6.3, 7]},
			"faces": {
				"north": {"uv": [9.5, 4.5, 11.5, 5.5], "texture": "#1"},
				"east": {"uv": [11.5, 11, 12.5, 12], "texture": "#1"},
				"south": {"uv": [9.5, 5.5, 11.5, 6.5], "texture": "#1"},
				"west": {"uv": [6, 12, 7, 13], "texture": "#1"},
				"up": {"uv": [11.5, 7.5, 9.5, 6.5], "texture": "#1"},
				"down": {"uv": [11.5, 9, 9.5, 10], "texture": "#1"}
			}
		},
		{
			"from": [10, -5.55, 7.25],
			"to": [12.25, -4.3, 8.75],
			"rotation": {"angle": 0, "axis": "y", "origin": [11, -6.3, 7]},
			"faces": {
				"north": {"uv": [13, 6, 14, 6.5], "texture": "#1"},
				"east": {"uv": [13, 6.5, 14, 7], "texture": "#1"},
				"south": {"uv": [7, 13, 8, 13.5], "texture": "#1"},
				"west": {"uv": [13, 7, 14, 7.5], "texture": "#1"},
				"up": {"uv": [8, 13, 7, 12], "texture": "#1"},
				"down": {"uv": [9, 12, 8, 13], "texture": "#1"}
			}
		},
		{
			"from": [10.25, -5.3, 7.35],
			"to": [12.5, -4.05, 8.65],
			"rotation": {"angle": -22.5, "axis": "z", "origin": [11.25, -6.05, 7]},
			"faces": {
				"north": {"uv": [8, 13, 9, 13.5], "texture": "#1"},
				"east": {"uv": [11, 13.5, 11.5, 14], "texture": "#1"},
				"south": {"uv": [10.5, 13, 11.5, 13.5], "texture": "#1"},
				"west": {"uv": [11.5, 13.5, 12, 14], "texture": "#1"},
				"up": {"uv": [14, 11.5, 13, 11], "texture": "#1"},
				"down": {"uv": [12.5, 13, 11.5, 13.5], "texture": "#1"}
			}
		},
		{
			"from": [3.5, -5.3, 7.35],
			"to": [5.75, -4.05, 8.65],
			"rotation": {"angle": 22.5, "axis": "z", "origin": [4.75, -6.05, 7]},
			"faces": {
				"north": {"uv": [13, 11.5, 14, 12], "texture": "#1"},
				"east": {"uv": [12, 13.5, 12.5, 14], "texture": "#1"},
				"south": {"uv": [13, 12, 14, 12.5], "texture": "#1"},
				"west": {"uv": [13, 13.5, 13.5, 14], "texture": "#1"},
				"up": {"uv": [14, 13, 13, 12.5], "texture": "#1"},
				"down": {"uv": [14, 13, 13, 13.5], "texture": "#1"}
			}
		},
		{
			"from": [3.75, -5.55, 7.25],
			"to": [6, -4.3, 8.75],
			"rotation": {"angle": 0, "axis": "y", "origin": [4.75, -6.3, 7]},
			"faces": {
				"north": {"uv": [0, 13.5, 1, 14], "texture": "#1"},
				"east": {"uv": [13.5, 0, 14.5, 0.5], "texture": "#1"},
				"south": {"uv": [13.5, 0.5, 14.5, 1], "texture": "#1"},
				"west": {"uv": [1, 13.5, 2, 14], "texture": "#1"},
				"up": {"uv": [11.5, 13, 10.5, 12], "texture": "#1"},
				"down": {"uv": [12.5, 12, 11.5, 13], "texture": "#1"}
			}
		},
		{
			"from": [6.25, -6.3, 7.35],
			"to": [9.5, -3.05, 8.65],
			"rotation": {"angle": -45, "axis": "z", "origin": [8.375, -4.675, 8]},
			"faces": {
				"north": {"uv": [9.5, 1.5, 11, 3], "texture": "#1"},
				"east": {"uv": [12.5, 3.5, 13, 5], "texture": "#1"},
				"south": {"uv": [9.5, 3, 11, 4.5], "texture": "#1"},
				"west": {"uv": [4, 12.5, 4.5, 14], "texture": "#1"},
				"up": {"uv": [14, 5.5, 12.5, 5], "texture": "#1"},
				"down": {"uv": [14, 5.5, 12.5, 6], "texture": "#1"}
			}
		},
		{
			"from": [5, -4.5, 7.6],
			"to": [11, 10.5, 8.4],
			"rotation": {"angle": 0, "axis": "y", "origin": [7, -4.5, 7]},
			"faces": {
				"north": {"uv": [0, 0, 3, 7.5], "texture": "#1"},
				"east": {"uv": [2, 7.5, 2.5, 15], "texture": "#1"},
				"south": {"uv": [3, 0, 6, 7.5], "texture": "#1"},
				"west": {"uv": [2.5, 7.5, 3, 15], "texture": "#1"},
				"up": {"uv": [13.5, 10.5, 10.5, 10], "texture": "#1"},
				"down": {"uv": [13.5, 10.5, 10.5, 11], "texture": "#1"}
			}
		},
		{
			"from": [5.25, 10.5, 7.7],
			"to": [10.75, 22.5, 8.3],
			"rotation": {"angle": 0, "axis": "y", "origin": [7, 10.5, 7]},
			"faces": {
				"north": {"uv": [6, 0, 9, 6], "texture": "#1"},
				"east": {"uv": [5.5, 7.5, 6, 13.5], "texture": "#1"},
				"south": {"uv": [6, 6, 9, 12], "texture": "#1"},
				"west": {"uv": [9, 1.5, 9.5, 7.5], "texture": "#1"},
				"up": {"uv": [14, 2, 11, 1.5], "texture": "#1"},
				"down": {"uv": [14, 2, 11, 2.5], "texture": "#1"}
			}
		},
		{
			"from": [5.75, 22.5, 7.7],
			"to": [10.25, 25, 8.3],
			"rotation": {"angle": 0, "axis": "y", "origin": [7, 19.5, 7]},
			"faces": {
				"north": {"uv": [3, 7.5, 5.5, 9], "texture": "#1"},
				"east": {"uv": [4.5, 12.5, 5, 14], "texture": "#1"},
				"south": {"uv": [9, 0, 11.5, 1.5], "texture": "#1"},
				"west": {"uv": [12.5, 6, 13, 7.5], "texture": "#1"},
				"up": {"uv": [13.5, 8, 11, 7.5], "texture": "#1"},
				"down": {"uv": [13.5, 8, 11, 8.5], "texture": "#1"}
			}
		},
		{
			"from": [6.25, 25, 7.7],
			"to": [9.75, 27.5, 8.3],
			"rotation": {"angle": 0, "axis": "y", "origin": [7, 22, 7]},
			"faces": {
				"north": {"uv": [3, 9, 5, 10.5], "texture": "#1"},
				"east": {"uv": [12.5, 11, 13, 12.5], "texture": "#1"},
				"south": {"uv": [9, 7.5, 11, 9], "texture": "#1"},
				"west": {"uv": [12.5, 12.5, 13, 14], "texture": "#1"},
				"up": {"uv": [13.5, 1.5, 11.5, 1], "texture": "#1"},
				"down": {"uv": [13.5, 9.5, 11.5, 10], "texture": "#1"}
			}
		},
		{
			"from": [6.75, 27.5, 7.7],
			"to": [9.25, 29.25, 8.3],
			"rotation": {"angle": 0, "axis": "y", "origin": [7, 24.5, 7]},
			"faces": {
				"north": {"uv": [11, 2.5, 12.5, 3.5], "texture": "#1"},
				"east": {"uv": [13.5, 2.5, 14, 3.5], "texture": "#1"},
				"south": {"uv": [11, 3.5, 12.5, 4.5], "texture": "#1"},
				"west": {"uv": [5.5, 13.5, 6, 14.5], "texture": "#1"},
				"up": {"uv": [14, 9, 12.5, 8.5], "texture": "#1"},
				"down": {"uv": [14, 9, 12.5, 9.5], "texture": "#1"}
			}
		},
		{
			"from": [7.25, 29.25, 7.7],
			"to": [8.75, 31, 8.3],
			"rotation": {"angle": 0, "axis": "y", "origin": [7, 26.25, 7]},
			"faces": {
				"north": {"uv": [0, 12.5, 1, 13.5], "texture": "#1"},
				"east": {"uv": [6, 13.5, 6.5, 14.5], "texture": "#1"},
				"south": {"uv": [12.5, 0, 13.5, 1], "texture": "#1"},
				"west": {"uv": [6.5, 13.5, 7, 14.5], "texture": "#1"},
				"up": {"uv": [14.5, 1.5, 13.5, 1], "texture": "#1"},
				"down": {"uv": [8, 13.5, 7, 14], "texture": "#1"}
			}
		},
		{
			"from": [7.75, 31, 7.7],
			"to": [8.25, 32, 8.3],
			"rotation": {"angle": 0, "axis": "y", "origin": [7, 27.25, 7]},
			"faces": {
				"north": {"uv": [13.5, 13.5, 14, 14], "texture": "#1"},
				"east": {"uv": [0, 14, 0.5, 14.5], "texture": "#1"},
				"south": {"uv": [0.5, 14, 1, 14.5], "texture": "#1"},
				"west": {"uv": [1, 14, 1.5, 14.5], "texture": "#1"},
				"up": {"uv": [2, 14.5, 1.5, 14], "texture": "#1"},
				"down": {"uv": [14.5, 1.5, 14, 2], "texture": "#1"}
			}
		},
		{
			"from": [7, -4, 7.4],
			"to": [9, 6, 8.6],
			"rotation": {"angle": 0, "axis": "y", "origin": [7, -4, 7]},
			"faces": {
				"north": {"uv": [0, 7.5, 1, 12.5], "texture": "#1"},
				"east": {"uv": [5, 9, 5.5, 14], "texture": "#1"},
				"south": {"uv": [1, 7.5, 2, 12.5], "texture": "#1"},
				"west": {"uv": [9, 9, 9.5, 14], "texture": "#1"},
				"up": {"uv": [14.5, 8, 13.5, 7.5], "texture": "#1"},
				"down": {"uv": [9, 13.5, 8, 14], "texture": "#1"}
			}
		},
		{
			"from": [7.2, 6, 7.4],
			"to": [8.8, 8, 8.6],
			"rotation": {"angle": 0, "axis": "y", "origin": [7, -2, 7]},
			"faces": {
				"north": {"uv": [1, 12.5, 2, 13.5], "texture": "#1"},
				"east": {"uv": [9.5, 13.5, 10, 14.5], "texture": "#1"},
				"south": {"uv": [12.5, 2.5, 13.5, 3.5], "texture": "#1"},
				"west": {"uv": [13.5, 9.5, 14, 10.5], "texture": "#1"},
				"up": {"uv": [14.5, 8.5, 13.5, 8], "texture": "#1"},
				"down": {"uv": [11, 13.5, 10, 14], "texture": "#1"}
			}
		},
		{
			"from": [7.5, 8, 7.4],
			"to": [8.5, 9, 8.6],
			"rotation": {"angle": 0, "axis": "y", "origin": [7, 0, 7]},
			"faces": {
				"north": {"uv": [14, 2, 14.5, 2.5], "texture": "#1"},
				"east": {"uv": [14, 2.5, 14.5, 3], "texture": "#1"},
				"south": {"uv": [3, 14, 3.5, 14.5], "texture": "#1"},
				"west": {"uv": [14, 3, 14.5, 3.5], "texture": "#1"},
				"up": {"uv": [4, 14.5, 3.5, 14], "texture": "#1"},
				"down": {"uv": [14.5, 3.5, 14, 4], "texture": "#1"}
			}
		}
	],
	"gui_light": "front",
	"display": {
		"thirdperson_righthand": {
			"rotation": [0, 90, 0],
			"translation": [-0.25, 10, 1],
			"scale": [0.7, 0.7, 0.7]
		},
		"thirdperson_lefthand": {
			"rotation": [0, 90, 0],
			"translation": [-0.25, 10, 1],
			"scale": [0.7, 0.7, 0.7]
		},
		"firstperson_righthand": {
			"rotation": [15, 90, 0],
			"translation": [6, 7.5, -4.25]
		},
		"firstperson_lefthand": {
			"rotation": [15, 90, 0],
			"translation": [6, 7.5, -4.25]
		},
		"ground": {
			"translation": [0, 16.25, 0],
			"scale": [0.8, 0.8, 0.8]
		},
		"gui": {
			"rotation": [0, 0, -45],
			"translation": [0.25, 0.5, 0],
			"scale": [0.49219, 0.47656, 1]
		}
	}
}