{
	"credit": "Made with Blockbench",
	"texture_size": [32, 32],
	"textures": {
		"0": "item/ancientsword",
		"particle": "ancientsword"
	},
	"elements": [
		{
			"from": [5, 0, 7],
			"to": [10, 1, 9],
			"faces": {
				"north": {"uv": [8, 8.5, 10.5, 9], "texture": "#0"},
				"east": {"uv": [9, 10, 10, 10.5], "texture": "#0"},
				"south": {"uv": [9, 4, 11.5, 4.5], "texture": "#0"},
				"west": {"uv": [10, 9, 11, 9.5], "texture": "#0"},
				"up": {"uv": [3, 7.5, 0.5, 6.5], "texture": "#0"},
				"down": {"uv": [9, 6, 6.5, 7], "texture": "#0"}
			}
		},
		{
			"from": [5, 2.5, 7],
			"to": [10, 3.5, 9],
			"faces": {
				"north": {"uv": [9, 4.5, 11.5, 5], "texture": "#0"},
				"east": {"uv": [10, 9.5, 11, 10], "texture": "#0"},
				"south": {"uv": [9, 5, 11.5, 5.5], "texture": "#0"},
				"west": {"uv": [10, 10, 11, 10.5], "texture": "#0"},
				"up": {"uv": [9, 8, 6.5, 7], "texture": "#0"},
				"down": {"uv": [3, 7.5, 0.5, 8.5], "texture": "#0"}
			}
		},
		{
			"from": [5, 1, 7],
			"to": [6, 2.5, 9],
			"faces": {
				"north": {"uv": [0.5, 10.5, 1, 11.5], "texture": "#0"},
				"east": {"uv": [9, 6, 10, 7], "texture": "#0"},
				"south": {"uv": [1, 10.5, 1.5, 11.5], "texture": "#0"},
				"west": {"uv": [9, 7, 10, 8], "texture": "#0"},
				"up": {"uv": [2, 11.5, 1.5, 10.5], "texture": "#0"},
				"down": {"uv": [2.5, 10.5, 2, 11.5], "texture": "#0"}
			}
		},
		{
			"from": [9, 1, 7],
			"to": [10, 2.5, 9],
			"faces": {
				"north": {"uv": [2.5, 10.5, 3, 11.5], "texture": "#0"},
				"east": {"uv": [9, 9, 10, 10], "texture": "#0"},
				"south": {"uv": [3, 10.5, 3.5, 11.5], "texture": "#0"},
				"west": {"uv": [0.5, 9.5, 1.5, 10.5], "texture": "#0"},
				"up": {"uv": [7, 11.5, 6.5, 10.5], "texture": "#0"},
				"down": {"uv": [7.5, 10.5, 7, 11.5], "texture": "#0"}
			}
		},
		{
			"from": [4, 1, 7.5],
			"to": [11, 3, 8.5],
			"faces": {
				"north": {"uv": [4, 4, 7.5, 5], "texture": "#0"},
				"east": {"uv": [9, 10.5, 9.5, 11.5], "texture": "#0"},
				"south": {"uv": [4, 5, 7.5, 6], "texture": "#0"},
				"west": {"uv": [9.5, 10.5, 10, 11.5], "texture": "#0"},
				"up": {"uv": [11, 6, 7.5, 5.5], "texture": "#0"},
				"down": {"uv": [11.5, 8, 8, 8.5], "texture": "#0"}
			}
		},
		{
			"from": [6.88, -5, 7.38],
			"to": [8.13, 0, 8.63],
			"faces": {
				"north": {"uv": [3.5, 6.5, 4, 9], "texture": "#0"},
				"east": {"uv": [3.5, 9, 4, 11.5], "texture": "#0"},
				"south": {"uv": [8, 9, 8.5, 11.5], "texture": "#0"},
				"west": {"uv": [8.5, 9, 9, 11.5], "texture": "#0"},
				"up": {"uv": [3.5, 8.5, 3, 8], "texture": "#0"},
				"down": {"uv": [11.5, 1.5, 11, 2], "texture": "#0"}
			}
		},
		{
			"from": [6.5, -6, 7],
			"to": [8.5, -4, 9],
			"rotation": {"angle": -45, "axis": "z", "origin": [7.5, -5, 8]},
			"faces": {
				"north": {"uv": [1.5, 9.5, 2.5, 10.5], "texture": "#0"},
				"east": {"uv": [2.5, 9.5, 3.5, 10.5], "texture": "#0"},
				"south": {"uv": [6.5, 9.5, 7.5, 10.5], "texture": "#0"},
				"west": {"uv": [10, 0, 11, 1], "texture": "#0"},
				"up": {"uv": [11, 2, 10, 1], "texture": "#0"},
				"down": {"uv": [11, 2, 10, 3], "texture": "#0"}
			}
		},
		{
			"from": [5.5, 3, 7.75],
			"to": [9.5, 16, 8.25],
			"faces": {
				"north": {"uv": [0, 0, 2, 6.5], "texture": "#0"},
				"east": {"uv": [4, 6, 4.5, 12.5], "texture": "#0"},
				"south": {"uv": [2, 0, 4, 6.5], "texture": "#0"},
				"west": {"uv": [4.5, 6, 5, 12.5], "texture": "#0"},
				"up": {"uv": [12, 3.5, 10, 3], "texture": "#0"},
				"down": {"uv": [12, 3.5, 10, 4], "texture": "#0"}
			}
		},
		{
			"from": [6, 16, 7.75],
			"to": [9, 18, 8.25],
			"faces": {
				"north": {"uv": [0.5, 8.5, 2, 9.5], "texture": "#0"},
				"east": {"uv": [10, 10.5, 10.5, 11.5], "texture": "#0"},
				"south": {"uv": [2, 8.5, 3.5, 9.5], "texture": "#0"},
				"west": {"uv": [10.5, 10.5, 11, 11.5], "texture": "#0"},
				"up": {"uv": [11.5, 6.5, 10, 6], "texture": "#0"},
				"down": {"uv": [11.5, 6.5, 10, 7], "texture": "#0"}
			}
		},
		{
			"from": [6.5, 18, 7.75],
			"to": [8.5, 19, 8.25],
			"faces": {
				"north": {"uv": [10.5, 8.5, 11.5, 9], "texture": "#0"},
				"east": {"uv": [11, 2, 11.5, 2.5], "texture": "#0"},
				"south": {"uv": [11, 0, 12, 0.5], "texture": "#0"},
				"west": {"uv": [11, 2.5, 11.5, 3], "texture": "#0"},
				"up": {"uv": [12, 1, 11, 0.5], "texture": "#0"},
				"down": {"uv": [12, 1, 11, 1.5], "texture": "#0"}
			}
		},
		{
			"from": [7, 19, 7.75],
			"to": [8, 19.5, 8.25],
			"faces": {
				"north": {"uv": [11, 5.5, 11.5, 6], "texture": "#0"},
				"east": {"uv": [7.5, 11, 8, 11.5], "texture": "#0"},
				"south": {"uv": [11, 9, 11.5, 9.5], "texture": "#0"},
				"west": {"uv": [11, 9.5, 11.5, 10], "texture": "#0"},
				"up": {"uv": [11.5, 10.5, 11, 10], "texture": "#0"},
				"down": {"uv": [11.5, 10.5, 11, 11], "texture": "#0"}
			}
		},
		{
			"from": [6.5, 2, 7.38],
			"to": [9.5, 5, 8.63],
			"rotation": {"angle": -45, "axis": "z", "origin": [7.5, 4, 8]},
			"faces": {
				"north": {"uv": [7.5, 4, 9, 5.5], "texture": "#0"},
				"east": {"uv": [3, 6.5, 3.5, 8], "texture": "#0"},
				"south": {"uv": [6.5, 8, 8, 9.5], "texture": "#0"},
				"west": {"uv": [7.5, 9.5, 8, 11], "texture": "#0"},
				"up": {"uv": [11.5, 7.5, 10, 7], "texture": "#0"},
				"down": {"uv": [11.5, 7.5, 10, 8], "texture": "#0"}
			}
		},
		{
			"from": [1.5, 1, 8],
			"to": [13.5, 5, 8],
			"faces": {
				"north": {"uv": [4, 0, 10, 2], "texture": "#0"},
				"east": {"uv": [0, 0, 0, 2], "texture": "#0"},
				"south": {"uv": [4, 2, 10, 4], "texture": "#0"},
				"west": {"uv": [0, 0, 0, 2], "texture": "#0"},
				"up": {"uv": [6, 0, 0, 0], "texture": "#0"},
				"down": {"uv": [6, 0, 0, 0], "texture": "#0"}
			}
		},
		{
			"from": [7, 4, 7.5],
			"to": [8, 15, 8.5],
			"faces": {
				"north": {"uv": [5, 6, 5.5, 11.5], "texture": "#0"},
				"east": {"uv": [5.5, 6, 6, 11.5], "texture": "#0"},
				"south": {"uv": [6, 6, 6.5, 11.5], "texture": "#0"},
				"west": {"uv": [0, 6.5, 0.5, 12], "texture": "#0"},
				"up": {"uv": [11.5, 11.5, 11, 11], "texture": "#0"},
				"down": {"uv": [1, 11.5, 0.5, 12], "texture": "#0"}
			}
		}
	],
	"gui_light": "front",
	"display": {
		"thirdperson_righthand": {
			"rotation": [0, 90, 0],
			"translation": [-0.5, 8.25, 0.25]
		},
		"thirdperson_lefthand": {
			"rotation": [0, 90, 0],
			"translation": [-0.5, 8.25, 1.25]
		},
		"firstperson_righthand": {
			"rotation": [8, 90, 0],
			"translation": [0, 5.5, 0]
		},
		"firstperson_lefthand": {
			"rotation": [8, 90, 0],
			"translation": [0, 5.5, 0]
		},
		"ground": {
			"translation": [0, 10, 0]
		},
		"gui": {
			"rotation": [0, 0, -46],
			"translation": [0.5, 0, 0],
			"scale": [0.7, 0.7, 0.7]
		}
	}
}