{
	"credit": "Made with Blockbench",
	"texture_size": [32, 32],
	"textures": {
		"0": "item/andesitesword",
		"particle": "andesitesword"
	},
	"elements": [
		{
			"from": [6.75, -8, 6.75],
			"to": [9.25, -7, 9.25],
			"rotation": {"angle": 0, "axis": "y", "origin": [7, -9, 7]},
			"faces": {
				"north": {"uv": [13.5, 11, 15, 11.5], "texture": "#0"},
				"east": {"uv": [14, 4, 15.5, 4.5], "texture": "#0"},
				"south": {"uv": [14, 8.5, 15.5, 9], "texture": "#0"},
				"west": {"uv": [11.5, 14, 13, 14.5], "texture": "#0"},
				"up": {"uv": [12, 10.5, 10.5, 9], "texture": "#0"},
				"down": {"uv": [12, 10.5, 10.5, 12], "texture": "#0"}
			}
		},
		{
			"from": [7, -9, 7],
			"to": [9, -6, 9],
			"rotation": {"angle": 0, "axis": "y", "origin": [7, -8, 7]},
			"faces": {
				"north": {"uv": [8.5, 10.5, 9.5, 12], "texture": "#0"},
				"east": {"uv": [11.5, 0.5, 12.5, 2], "texture": "#0"},
				"south": {"uv": [11.5, 2, 12.5, 3.5], "texture": "#0"},
				"west": {"uv": [8.5, 12, 9.5, 13.5], "texture": "#0"},
				"up": {"uv": [5.5, 14.5, 4.5, 13.5], "texture": "#0"},
				"down": {"uv": [6.5, 13.5, 5.5, 14.5], "texture": "#0"}
			}
		},
		{
			"from": [7.25, -6, 7.25],
			"to": [8.75, 1, 8.75],
			"rotation": {"angle": 0, "axis": "y", "origin": [7, -2, 7]},
			"faces": {
				"north": {"uv": [9.5, 9, 10.5, 12.5], "texture": "#0"},
				"east": {"uv": [0, 10.5, 1, 14], "texture": "#0"},
				"south": {"uv": [10.5, 0, 11.5, 3.5], "texture": "#0"},
				"west": {"uv": [1, 10.5, 2, 14], "texture": "#0"},
				"up": {"uv": [7.5, 14.5, 6.5, 13.5], "texture": "#0"},
				"down": {"uv": [8.5, 13.5, 7.5, 14.5], "texture": "#0"}
			}
		},
		{
			"from": [4, 2, 6.75],
			"to": [12, 3, 9.25],
			"rotation": {"angle": 0, "axis": "y", "origin": [7, 1, 7]},
			"faces": {
				"north": {"uv": [10, 5.5, 14, 6], "texture": "#0"},
				"east": {"uv": [14, 12.5, 15.5, 13], "texture": "#0"},
				"south": {"uv": [11.5, 0, 15.5, 0.5], "texture": "#0"},
				"west": {"uv": [13, 14, 14.5, 14.5], "texture": "#0"},
				"up": {"uv": [8.5, 7.5, 4.5, 6], "texture": "#0"},
				"down": {"uv": [10, 4.5, 6, 6], "texture": "#0"}
			}
		},
		{
			"from": [5, 3, 7],
			"to": [6.5, 4, 9],
			"rotation": {"angle": 0, "axis": "y", "origin": [8, 2, 7]},
			"faces": {
				"north": {"uv": [12, 11.5, 13, 12], "texture": "#0"},
				"east": {"uv": [14, 13, 15.5, 13.5], "texture": "#0"},
				"south": {"uv": [3.5, 14.5, 4.5, 15], "texture": "#0"},
				"west": {"uv": [14, 13.5, 15.5, 14], "texture": "#0"},
				"up": {"uv": [13, 10.5, 12, 9], "texture": "#0"},
				"down": {"uv": [11.5, 12, 10.5, 13.5], "texture": "#0"}
			}
		},
		{
			"from": [9.5, 3, 7],
			"to": [11, 4, 9],
			"rotation": {"angle": 0, "axis": "y", "origin": [13, 2, 7]},
			"faces": {
				"north": {"uv": [4.5, 14.5, 5.5, 15], "texture": "#0"},
				"east": {"uv": [14.5, 4.5, 15.5, 5], "texture": "#0"},
				"south": {"uv": [14.5, 5, 15.5, 5.5], "texture": "#0"},
				"west": {"uv": [5.5, 14.5, 6.5, 15], "texture": "#0"},
				"up": {"uv": [9.5, 14.5, 8.5, 13.5], "texture": "#0"},
				"down": {"uv": [14.5, 10, 13.5, 11], "texture": "#0"}
			}
		},
		{
			"from": [6.975, 3, 6.75],
			"to": [8.975, 4.5, 9.25],
			"rotation": {"angle": 0, "axis": "y", "origin": [10.475, 2, 7]},
			"faces": {
				"north": {"uv": [10.5, 13.5, 11.5, 14.5], "texture": "#0"},
				"east": {"uv": [12, 10.5, 13.5, 11.5], "texture": "#0"},
				"south": {"uv": [0, 14, 1, 15], "texture": "#0"},
				"west": {"uv": [11.5, 12, 13, 13], "texture": "#0"},
				"up": {"uv": [13.5, 2, 12.5, 0.5], "texture": "#0"},
				"down": {"uv": [13.5, 2, 12.5, 3.5], "texture": "#0"}
			}
		},
		{
			"from": [8.375, 15, 7.25],
			"to": [10.875, 24, 8.75],
			"rotation": {"angle": 0, "axis": "y", "origin": [7.125, 2, 7]},
			"faces": {
				"north": {"uv": [0, 6, 1.5, 10.5], "texture": "#0"},
				"east": {"uv": [7.5, 0, 8.5, 4.5], "texture": "#0"},
				"south": {"uv": [6, 0, 7.5, 4.5], "texture": "#0"},
				"west": {"uv": [8.5, 0, 9.5, 4.5], "texture": "#0"},
				"up": {"uv": [14, 7, 12.5, 6], "texture": "#0"},
				"down": {"uv": [14, 7, 12.5, 8], "texture": "#0"}
			}
		},
		{
			"from": [8.375, 3, 7.25],
			"to": [10.875, 15, 8.75],
			"rotation": {"angle": 0, "axis": "y", "origin": [7.125, -9, 7]},
			"faces": {
				"north": {"uv": [0, 0, 1.5, 6], "texture": "#0"},
				"east": {"uv": [4.5, 7.5, 5.5, 13.5], "texture": "#0"},
				"south": {"uv": [1.5, 0, 3, 6], "texture": "#0"},
				"west": {"uv": [5.5, 7.5, 6.5, 13.5], "texture": "#0"},
				"up": {"uv": [14, 9, 12.5, 8], "texture": "#0"},
				"down": {"uv": [3.5, 13, 2, 14], "texture": "#0"}
			}
		},
		{
			"from": [5.125, 3, 7.25],
			"to": [7.625, 15, 8.75],
			"rotation": {"angle": 0, "axis": "y", "origin": [3.875, -9, 7]},
			"faces": {
				"north": {"uv": [3, 0, 4.5, 6], "texture": "#0"},
				"east": {"uv": [6.5, 7.5, 7.5, 13.5], "texture": "#0"},
				"south": {"uv": [4.5, 0, 6, 6], "texture": "#0"},
				"west": {"uv": [7.5, 7.5, 8.5, 13.5], "texture": "#0"},
				"up": {"uv": [14.5, 5.5, 13, 4.5], "texture": "#0"},
				"down": {"uv": [14.5, 9, 13, 10], "texture": "#0"}
			}
		},
		{
			"from": [5.125, 15, 7.25],
			"to": [7.625, 24, 8.75],
			"rotation": {"angle": 0, "axis": "y", "origin": [3.125, 2, 7]},
			"faces": {
				"north": {"uv": [1.5, 6, 3, 10.5], "texture": "#0"},
				"east": {"uv": [8.5, 6, 9.5, 10.5], "texture": "#0"},
				"south": {"uv": [3, 6, 4.5, 10.5], "texture": "#0"},
				"west": {"uv": [9.5, 0, 10.5, 4.5], "texture": "#0"},
				"up": {"uv": [13, 14, 11.5, 13], "texture": "#0"},
				"down": {"uv": [14.5, 11.5, 13, 12.5], "texture": "#0"}
			}
		},
		{
			"from": [5.125, 24, 7.25],
			"to": [10.875, 27, 8.75],
			"rotation": {"angle": 0, "axis": "y", "origin": [3.125, 5, 7]},
			"faces": {
				"north": {"uv": [9.5, 6, 13, 7.5], "texture": "#0"},
				"east": {"uv": [9.5, 12.5, 10.5, 14], "texture": "#0"},
				"south": {"uv": [9.5, 6, 13, 7.5], "texture": "#0"},
				"west": {"uv": [3.5, 13, 4.5, 14.5], "texture": "#0"},
				"up": {"uv": [13, 5.5, 10, 4.5], "texture": "#0"},
				"down": {"uv": [13.5, 3.5, 10.5, 4.5], "texture": "#0"}
			}
		},
		{
			"from": [5.125, 27, 7.25],
			"to": [6.625, 28, 8.75],
			"rotation": {"angle": 0, "axis": "y", "origin": [3.125, 8, 7]},
			"faces": {
				"north": {"uv": [6.5, 14.5, 7.5, 15], "texture": "#0"},
				"east": {"uv": [7.5, 14.5, 8.5, 15], "texture": "#0"},
				"south": {"uv": [8.5, 14.5, 9.5, 15], "texture": "#0"},
				"west": {"uv": [14.5, 9, 15.5, 9.5], "texture": "#0"},
				"up": {"uv": [2, 15, 1, 14], "texture": "#0"},
				"down": {"uv": [3, 14, 2, 15], "texture": "#0"}
			}
		},
		{
			"from": [9.375, 27, 7.25],
			"to": [10.875, 28, 8.75],
			"rotation": {"angle": 0, "axis": "y", "origin": [7.375, 8, 7]},
			"faces": {
				"north": {"uv": [14.5, 9.5, 15.5, 10], "texture": "#0"},
				"east": {"uv": [14.5, 10, 15.5, 10.5], "texture": "#0"},
				"south": {"uv": [10.5, 14.5, 11.5, 15], "texture": "#0"},
				"west": {"uv": [14.5, 10.5, 15.5, 11], "texture": "#0"},
				"up": {"uv": [15, 3, 14, 2], "texture": "#0"},
				"down": {"uv": [15, 3, 14, 4], "texture": "#0"}
			}
		},
		{
			"from": [7.25, 27, 7.25],
			"to": [8.75, 28, 8.75],
			"rotation": {"angle": 0, "axis": "y", "origin": [5.25, 8, 7]},
			"faces": {
				"north": {"uv": [11.5, 14.5, 12.5, 15], "texture": "#0"},
				"east": {"uv": [14.5, 11.5, 15.5, 12], "texture": "#0"},
				"south": {"uv": [14.5, 12, 15.5, 12.5], "texture": "#0"},
				"west": {"uv": [12.5, 14.5, 13.5, 15], "texture": "#0"},
				"up": {"uv": [15, 6.5, 14, 5.5], "texture": "#0"},
				"down": {"uv": [15, 6.5, 14, 7.5], "texture": "#0"}
			}
		},
		{
			"from": [7.625, 3, 7.25],
			"to": [8.375, 6, 8.75],
			"rotation": {"angle": 0, "axis": "y", "origin": [4.125, 2, 7]},
			"faces": {
				"north": {"uv": [3, 14, 3.5, 15.5], "texture": "#0"},
				"east": {"uv": [13, 12.5, 14, 14], "texture": "#0"},
				"south": {"uv": [14.5, 0.5, 15, 2], "texture": "#0"},
				"west": {"uv": [13.5, 0.5, 14.5, 2], "texture": "#0"},
				"up": {"uv": [14, 15.5, 13.5, 14.5], "texture": "#0"},
				"down": {"uv": [14.5, 14.5, 14, 15.5], "texture": "#0"}
			}
		},
		{
			"from": [7.625, 13, 7.25],
			"to": [8.375, 18, 8.75],
			"rotation": {"angle": 0, "axis": "y", "origin": [4.125, 12, 7]},
			"faces": {
				"north": {"uv": [4, 10.5, 4.5, 13], "texture": "#0"},
				"east": {"uv": [2, 10.5, 3, 13], "texture": "#0"},
				"south": {"uv": [13.5, 2, 14, 4.5], "texture": "#0"},
				"west": {"uv": [3, 10.5, 4, 13], "texture": "#0"},
				"up": {"uv": [15, 15, 14.5, 14], "texture": "#0"},
				"down": {"uv": [0.5, 15, 0, 16], "texture": "#0"}
			}
		},
		{
			"from": [7, 1, 7],
			"to": [9, 2, 9],
			"rotation": {"angle": 0, "axis": "y", "origin": [7, 0, 7]},
			"faces": {
				"north": {"uv": [0.5, 15, 1.5, 15.5], "texture": "#0"},
				"east": {"uv": [15, 0.5, 16, 1], "texture": "#0"},
				"south": {"uv": [15, 1, 16, 1.5], "texture": "#0"},
				"west": {"uv": [1.5, 15, 2.5, 15.5], "texture": "#0"},
				"up": {"uv": [15, 8.5, 14, 7.5], "texture": "#0"},
				"down": {"uv": [10.5, 14, 9.5, 15], "texture": "#0"}
			}
		}
	],
	"gui_light": "front",
	"display": {
		"thirdperson_righthand": {
			"rotation": [0, 90, 0],
			"translation": [-0.25, 4.75, 1.25],
			"scale": [0.7, 0.7, 0.7]
		},
		"thirdperson_lefthand": {
			"rotation": [0, 90, 0],
			"translation": [-0.25, 4.75, 1.25],
			"scale": [0.7, 0.7, 0.7]
		},
		"firstperson_righthand": {
			"rotation": [0, 90, 5],
			"translation": [0.25, 4.25, 0.75],
			"scale": [0.6, 0.6, 0.6]
		},
		"firstperson_lefthand": {
			"rotation": [0, 90, 5],
			"translation": [0.25, 4.25, 0.75],
			"scale": [0.6, 0.6, 0.6]
		},
		"ground": {
			"translation": [0, 6.75, 0],
			"scale": [0.5, 0.5, 0.5]
		},
		"gui": {
			"rotation": [0, 0, -45],
			"translation": [-1, -1, 0],
			"scale": [0.5, 0.5, 0.5]
		},
		"fixed": {
			"translation": [0, -1, 0]
		}
	}
}