{
	"credit": "Made with Blockbench",
	"texture_size": [64, 64],
	"textures": {
		"0": "item/bambooshield",
		"particle": "bambooshield"
	},
	"elements": [
		{
			"from": [7, 0, 10.25],
			"to": [9, 21.5, 14],
			"rotation": {"angle": 0, "axis": "y", "origin": [7, 0, 5]},
			"faces": {
				"north": {"uv": [3, 5.5, 3.5, 11], "texture": "#0"},
				"east": {"uv": [2, 0, 3, 5.5], "texture": "#0"},
				"south": {"uv": [3.5, 5.5, 4, 11], "texture": "#0"},
				"west": {"uv": [3, 0, 4, 5.5], "texture": "#0"},
				"up": {"uv": [7.75, 5.25, 7.25, 4.25], "texture": "#0"},
				"down": {"uv": [8, 6.25, 7.5, 7.25], "texture": "#0"}
			}
		},
		{
			"from": [7, -0.75, 6],
			"to": [9, 22.25, 10],
			"rotation": {"angle": 0, "axis": "y", "origin": [7, 0, 1]},
			"faces": {
				"north": {"uv": [2, 5.5, 2.5, 11.25], "texture": "#0"},
				"east": {"uv": [0, 0, 1, 5.75], "texture": "#0"},
				"south": {"uv": [2.5, 5.5, 3, 11.25], "texture": "#0"},
				"west": {"uv": [1, 0, 2, 5.75], "texture": "#0"},
				"up": {"uv": [8, 8.25, 7.5, 7.25], "texture": "#0"},
				"down": {"uv": [8.25, 4.25, 7.75, 5.25], "texture": "#0"}
			}
		},
		{
			"from": [7, 0.5, 2],
			"to": [9, 22, 5.75],
			"rotation": {"angle": 0, "axis": "y", "origin": [7, 0, -3]},
			"faces": {
				"north": {"uv": [4, 5.5, 4.5, 11], "texture": "#0"},
				"east": {"uv": [4, 0, 5, 5.5], "texture": "#0"},
				"south": {"uv": [4.5, 5.5, 5, 11], "texture": "#0"},
				"west": {"uv": [5, 0, 6, 5.5], "texture": "#0"},
				"up": {"uv": [6.5, 8.75, 6, 7.75], "texture": "#0"},
				"down": {"uv": [7, 7.75, 6.5, 8.75], "texture": "#0"}
			}
		},
		{
			"from": [4, 8.75, 7],
			"to": [5, 13.25, 9],
			"rotation": {"angle": 0, "axis": "x", "origin": [4.5, 11, 8]},
			"faces": {
				"north": {"uv": [7.75, 8.25, 7.5, 9.5], "rotation": 180, "texture": "#0"},
				"east": {"uv": [6, 4.25, 7.25, 4.75], "rotation": 270, "texture": "#0"},
				"south": {"uv": [8.25, 8.75, 8, 7.5], "texture": "#0"},
				"west": {"uv": [6, 4.75, 7.25, 5.25], "rotation": 90, "texture": "#0"},
				"up": {"uv": [6.5, 8.75, 6.75, 9.25], "rotation": 180, "texture": "#0"},
				"down": {"uv": [6.75, 8.75, 7, 9.25], "texture": "#0"}
			}
		},
		{
			"from": [5, 9, 7],
			"to": [7, 10, 9],
			"rotation": {"angle": 0, "axis": "x", "origin": [6, 9.5, 8]},
			"faces": {
				"north": {"uv": [0.75, 9, 0.25, 9.25], "rotation": 180, "texture": "#0"},
				"east": {"uv": [0, 9, 0.25, 9.5], "rotation": 270, "texture": "#0"},
				"south": {"uv": [8, 5.5, 7.5, 5.25], "texture": "#0"},
				"west": {"uv": [9, 0, 9.25, 0.5], "rotation": 90, "texture": "#0"},
				"up": {"uv": [8.25, 4.25, 8.75, 4.75], "rotation": 180, "texture": "#0"},
				"down": {"uv": [8.25, 4.75, 8.75, 5.25], "texture": "#0"}
			}
		},
		{
			"from": [5, 12, 7],
			"to": [7, 13, 9],
			"rotation": {"angle": 0, "axis": "x", "origin": [6, 12.5, 8]},
			"faces": {
				"north": {"uv": [9.5, 1.75, 9, 2], "rotation": 180, "texture": "#0"},
				"east": {"uv": [9, 0.5, 9.25, 1], "rotation": 270, "texture": "#0"},
				"south": {"uv": [9.5, 1.75, 9, 1.5], "texture": "#0"},
				"west": {"uv": [9, 1, 9.25, 1.5], "rotation": 90, "texture": "#0"},
				"up": {"uv": [8.25, 7.5, 8.75, 8], "rotation": 180, "texture": "#0"},
				"down": {"uv": [8.25, 8, 8.75, 8.5], "texture": "#0"}
			}
		},
		{
			"from": [9, 2, 2],
			"to": [9.25, 3, 14],
			"rotation": {"angle": 0, "axis": "y", "origin": [8, 2, 12]},
			"faces": {
				"north": {"uv": [9.25, 0.75, 9.5, 1], "texture": "#0"},
				"east": {"uv": [6, 2.25, 9, 2.5], "texture": "#0"},
				"south": {"uv": [9.25, 1, 9.5, 1.25], "texture": "#0"},
				"west": {"uv": [6, 2.5, 9, 2.75], "texture": "#0"},
				"up": {"uv": [0.25, 8.75, 0, 5.75], "texture": "#0"},
				"down": {"uv": [0.5, 5.75, 0.25, 8.75], "texture": "#0"}
			}
		},
		{
			"from": [9, 19, 2],
			"to": [9.25, 20, 14],
			"rotation": {"angle": 0, "axis": "y", "origin": [8, 19, 12]},
			"faces": {
				"north": {"uv": [9.25, 1.25, 9.5, 1.5], "texture": "#0"},
				"east": {"uv": [6, 2.75, 9, 3], "texture": "#0"},
				"south": {"uv": [5, 9.25, 5.25, 9.5], "texture": "#0"},
				"west": {"uv": [6, 3, 9, 3.25], "texture": "#0"},
				"up": {"uv": [0.75, 8.75, 0.5, 5.75], "texture": "#0"},
				"down": {"uv": [1, 5.75, 0.75, 8.75], "texture": "#0"}
			}
		},
		{
			"from": [6.75, 19, 2],
			"to": [7, 20, 14],
			"rotation": {"angle": 0, "axis": "y", "origin": [5.75, 19, 12]},
			"faces": {
				"north": {"uv": [5.25, 9.25, 5.5, 9.5], "texture": "#0"},
				"east": {"uv": [6, 3.25, 9, 3.5], "texture": "#0"},
				"south": {"uv": [9.25, 5.25, 9.5, 5.5], "texture": "#0"},
				"west": {"uv": [6, 3.5, 9, 3.75], "texture": "#0"},
				"up": {"uv": [1.25, 8.75, 1, 5.75], "texture": "#0"},
				"down": {"uv": [1.5, 5.75, 1.25, 8.75], "texture": "#0"}
			}
		},
		{
			"from": [6.75, 2, 2],
			"to": [7, 3, 14],
			"rotation": {"angle": 0, "axis": "y", "origin": [5.75, 2, 12]},
			"faces": {
				"north": {"uv": [5.5, 9.25, 5.75, 9.5], "texture": "#0"},
				"east": {"uv": [6, 3.75, 9, 4], "texture": "#0"},
				"south": {"uv": [9.25, 5.5, 9.5, 5.75], "texture": "#0"},
				"west": {"uv": [6, 4, 9, 4.25], "texture": "#0"},
				"up": {"uv": [1.75, 8.75, 1.5, 5.75], "texture": "#0"},
				"down": {"uv": [2, 5.75, 1.75, 8.75], "texture": "#0"}
			}
		},
		{
			"from": [6.75, 19, 14],
			"to": [9.25, 20, 14.25],
			"rotation": {"angle": 0, "axis": "y", "origin": [8, 19, 13]},
			"faces": {
				"north": {"uv": [6, 5.25, 6.75, 5.5], "texture": "#0"},
				"east": {"uv": [5.75, 9.25, 6, 9.5], "texture": "#0"},
				"south": {"uv": [6.75, 5.25, 7.5, 5.5], "texture": "#0"},
				"west": {"uv": [9.25, 5.75, 9.5, 6], "texture": "#0"},
				"up": {"uv": [9.25, 5.5, 8.5, 5.25], "texture": "#0"},
				"down": {"uv": [9.25, 5.5, 8.5, 5.75], "texture": "#0"}
			}
		},
		{
			"from": [6.75, 19, 1.75],
			"to": [9.25, 20, 2],
			"rotation": {"angle": 0, "axis": "y", "origin": [8, 19, 0.75]},
			"faces": {
				"north": {"uv": [8.5, 5.75, 9.25, 6], "texture": "#0"},
				"east": {"uv": [9.25, 6, 9.5, 6.25], "texture": "#0"},
				"south": {"uv": [8.5, 6, 9.25, 6.25], "texture": "#0"},
				"west": {"uv": [9.25, 6.25, 9.5, 6.5], "texture": "#0"},
				"up": {"uv": [9.25, 6.5, 8.5, 6.25], "texture": "#0"},
				"down": {"uv": [9.25, 6.5, 8.5, 6.75], "texture": "#0"}
			}
		},
		{
			"from": [7, 19, 5.75],
			"to": [9, 20, 6],
			"rotation": {"angle": 0, "axis": "y", "origin": [8, 19, 4.75]},
			"faces": {
				"north": {"uv": [9, 2, 9.5, 2.25], "texture": "#0"},
				"east": {"uv": [6.5, 9.25, 6.75, 9.5], "texture": "#0"},
				"south": {"uv": [9, 2.25, 9.5, 2.5], "texture": "#0"},
				"west": {"uv": [9.25, 6.5, 9.5, 6.75], "texture": "#0"},
				"up": {"uv": [9.5, 2.75, 9, 2.5], "texture": "#0"},
				"down": {"uv": [9.5, 2.75, 9, 3], "texture": "#0"}
			}
		},
		{
			"from": [7, 2, 5.75],
			"to": [9, 3, 6],
			"rotation": {"angle": 0, "axis": "y", "origin": [8, 2, 4.75]},
			"faces": {
				"north": {"uv": [9, 3, 9.5, 3.25], "texture": "#0"},
				"east": {"uv": [6.75, 9.25, 7, 9.5], "texture": "#0"},
				"south": {"uv": [9, 3.25, 9.5, 3.5], "texture": "#0"},
				"west": {"uv": [7, 9.25, 7.25, 9.5], "texture": "#0"},
				"up": {"uv": [9.5, 3.75, 9, 3.5], "texture": "#0"},
				"down": {"uv": [9.5, 3.75, 9, 4], "texture": "#0"}
			}
		},
		{
			"from": [7, 19, 10],
			"to": [9, 20, 10.25],
			"rotation": {"angle": 0, "axis": "y", "origin": [8, 19, 9]},
			"faces": {
				"north": {"uv": [9, 4, 9.5, 4.25], "texture": "#0"},
				"east": {"uv": [7.25, 9.25, 7.5, 9.5], "texture": "#0"},
				"south": {"uv": [9, 4.25, 9.5, 4.5], "texture": "#0"},
				"west": {"uv": [7.75, 9.25, 8, 9.5], "texture": "#0"},
				"up": {"uv": [9.5, 4.75, 9, 4.5], "texture": "#0"},
				"down": {"uv": [9.5, 4.75, 9, 5], "texture": "#0"}
			}
		},
		{
			"from": [6.75, 9.5, 1.75],
			"to": [9.25, 12.5, 2],
			"rotation": {"angle": 0, "axis": "y", "origin": [8, 10.5, 0.75]},
			"faces": {
				"north": {"uv": [6, 6.25, 6.75, 7], "texture": "#0"},
				"east": {"uv": [7.75, 8.25, 8, 9], "texture": "#0"},
				"south": {"uv": [6.75, 6.25, 7.5, 7], "texture": "#0"},
				"west": {"uv": [8.5, 6.75, 8.75, 7.5], "texture": "#0"},
				"up": {"uv": [9, 8.75, 8.25, 8.5], "texture": "#0"},
				"down": {"uv": [0.75, 8.75, 0, 9], "texture": "#0"}
			}
		},
		{
			"from": [9, 9.5, 2],
			"to": [9.25, 12.5, 14],
			"rotation": {"angle": 0, "axis": "y", "origin": [8, 10.5, 12]},
			"faces": {
				"north": {"uv": [7, 8.5, 7.25, 9.25], "texture": "#0"},
				"east": {"uv": [5, 5.5, 8, 6.25], "texture": "#0"},
				"south": {"uv": [7.25, 8.5, 7.5, 9.25], "texture": "#0"},
				"west": {"uv": [6, 0, 9, 0.75], "texture": "#0"},
				"up": {"uv": [5.25, 9.25, 5, 6.25], "texture": "#0"},
				"down": {"uv": [5.5, 6.25, 5.25, 9.25], "texture": "#0"}
			}
		},
		{
			"from": [7, 9.5, 5.75],
			"to": [9, 12.5, 6],
			"rotation": {"angle": 0, "axis": "y", "origin": [8, 10.5, 4.75]},
			"faces": {
				"north": {"uv": [7, 7.75, 7.5, 8.5], "texture": "#0"},
				"east": {"uv": [0.75, 8.75, 1, 9.5], "texture": "#0"},
				"south": {"uv": [8, 5.25, 8.5, 6], "texture": "#0"},
				"west": {"uv": [1, 8.75, 1.25, 9.5], "texture": "#0"},
				"up": {"uv": [8.25, 9.25, 7.75, 9], "texture": "#0"},
				"down": {"uv": [8.75, 9, 8.25, 9.25], "texture": "#0"}
			}
		},
		{
			"from": [6.75, 9.5, 2],
			"to": [7, 12.5, 14],
			"rotation": {"angle": 0, "axis": "y", "origin": [5.75, 10.5, 12]},
			"faces": {
				"north": {"uv": [1.25, 8.75, 1.5, 9.5], "texture": "#0"},
				"east": {"uv": [6, 0.75, 9, 1.5], "texture": "#0"},
				"south": {"uv": [1.5, 8.75, 1.75, 9.5], "texture": "#0"},
				"west": {"uv": [6, 1.5, 9, 2.25], "texture": "#0"},
				"up": {"uv": [5.75, 9.25, 5.5, 6.25], "texture": "#0"},
				"down": {"uv": [6, 6.25, 5.75, 9.25], "texture": "#0"}
			}
		},
		{
			"from": [7, 9.5, 10],
			"to": [9, 12.5, 10.25],
			"rotation": {"angle": 0, "axis": "y", "origin": [8, 10.5, 9]},
			"faces": {
				"north": {"uv": [8, 6, 8.5, 6.75], "texture": "#0"},
				"east": {"uv": [1.75, 8.75, 2, 9.5], "texture": "#0"},
				"south": {"uv": [8, 6.75, 8.5, 7.5], "texture": "#0"},
				"west": {"uv": [8.75, 4.25, 9, 5], "texture": "#0"},
				"up": {"uv": [9.5, 8.75, 9, 8.5], "texture": "#0"},
				"down": {"uv": [9.25, 9, 8.75, 9.25], "texture": "#0"}
			}
		},
		{
			"from": [6.75, 9.5, 14],
			"to": [9.25, 12.5, 14.25],
			"rotation": {"angle": 0, "axis": "y", "origin": [8, 10.5, 13]},
			"faces": {
				"north": {"uv": [6, 7, 6.75, 7.75], "texture": "#0"},
				"east": {"uv": [6, 8.75, 6.25, 9.5], "texture": "#0"},
				"south": {"uv": [6.75, 7, 7.5, 7.75], "texture": "#0"},
				"west": {"uv": [6.25, 8.75, 6.5, 9.5], "texture": "#0"},
				"up": {"uv": [9.5, 5.25, 8.75, 5], "texture": "#0"},
				"down": {"uv": [9.5, 6.75, 8.75, 7], "texture": "#0"}
			}
		},
		{
			"from": [7, 2, 10],
			"to": [9, 3, 10.25],
			"rotation": {"angle": 0, "axis": "y", "origin": [8, 2, 9]},
			"faces": {
				"north": {"uv": [9.25, 0, 9.75, 0.25], "texture": "#0"},
				"east": {"uv": [8, 9.25, 8.25, 9.5], "texture": "#0"},
				"south": {"uv": [0.25, 9.25, 0.75, 9.5], "texture": "#0"},
				"west": {"uv": [8.25, 9.25, 8.5, 9.5], "texture": "#0"},
				"up": {"uv": [9.75, 0.5, 9.25, 0.25], "texture": "#0"},
				"down": {"uv": [9.75, 0.5, 9.25, 0.75], "texture": "#0"}
			}
		},
		{
			"from": [6.75, 2, 1.75],
			"to": [9.25, 3, 2],
			"rotation": {"angle": 0, "axis": "y", "origin": [8, 2, 0.75]},
			"faces": {
				"north": {"uv": [8.75, 7, 9.5, 7.25], "texture": "#0"},
				"east": {"uv": [8.5, 9.25, 8.75, 9.5], "texture": "#0"},
				"south": {"uv": [8.75, 7.25, 9.5, 7.5], "texture": "#0"},
				"west": {"uv": [8.75, 9.25, 9, 9.5], "texture": "#0"},
				"up": {"uv": [9.5, 7.75, 8.75, 7.5], "texture": "#0"},
				"down": {"uv": [9.5, 7.75, 8.75, 8], "texture": "#0"}
			}
		},
		{
			"from": [6.75, 2, 14],
			"to": [9.25, 3, 14.25],
			"rotation": {"angle": 0, "axis": "y", "origin": [8, 2, 13]},
			"faces": {
				"north": {"uv": [8, 8.75, 8.75, 9], "texture": "#0"},
				"east": {"uv": [9, 9.25, 9.25, 9.5], "texture": "#0"},
				"south": {"uv": [8.75, 8, 9.5, 8.25], "texture": "#0"},
				"west": {"uv": [9.25, 9, 9.5, 9.25], "texture": "#0"},
				"up": {"uv": [9.5, 8.5, 8.75, 8.25], "texture": "#0"},
				"down": {"uv": [9.5, 8.75, 8.75, 9], "texture": "#0"}
			}
		}
	],
	"gui_light": "front",
	"display": {
		"thirdperson_righthand": {
			"translation": [3.25, -3.75, 2]
		},
		"thirdperson_lefthand": {
			"rotation": [0, 180, 0],
			"translation": [3.25, -3.75, 2]
		},
		"firstperson_righthand": {
			"rotation": [0, 64, 0],
			"translation": [0.5, -2.25, 1.75],
			"scale": [0.6, 0.6, 0.6]
		},
		"firstperson_lefthand": {
			"rotation": [0, -116, 0],
			"translation": [1.5, -2.5, 1],
			"scale": [0.6, 0.6, 0.6]
		},
		"ground": {
			"translation": [0, 4.5, 0]
		},
		"gui": {
			"rotation": [-127.52, -55.58, -133.4],
			"translation": [-0.25, -1.5, 0],
			"scale": [0.6, 0.65, 0.65]
		},
		"fixed": {
			"rotation": [0, 90, 0],
			"translation": [0, -2.25, -0.5]
		}
	}
}