{
	"credit": "Made with Blockbench",
	"texture_size": [64, 64],
	"textures": {
		"0": "item/bamboospear",
		"particle": "bamboospear"
	},
	"elements": [
		{
			"from": [7.25, -16, 7.25],
			"to": [8.75, 25.75, 8.75],
			"rotation": {"angle": 0, "axis": "y", "origin": [6.75, 0, 6.75]},
			"faces": {
				"north": {"uv": [0, 0, 0.375, 10.5], "texture": "#0"},
				"east": {"uv": [0.5, 0, 0.875, 10.5], "texture": "#0"},
				"south": {"uv": [1, 0, 1.375, 10.5], "texture": "#0"},
				"west": {"uv": [1.5, 0, 1.875, 10.5], "texture": "#0"},
				"up": {"uv": [3.875, 0.375, 3.5, 0], "texture": "#0"},
				"down": {"uv": [3.875, 0.5, 3.5, 0.875], "texture": "#0"}
			}
		},
		{
			"from": [7.75, 27.75, 7.25],
			"to": [8.75, 28.75, 7.75],
			"rotation": {"angle": 0, "axis": "y", "origin": [6.75, 2, 6.75]},
			"faces": {
				"north": {"uv": [3.5, 2, 3.75, 2.25], "texture": "#0"},
				"east": {"uv": [3.75, 2.5, 3.875, 2.75], "texture": "#0"},
				"south": {"uv": [3.5, 2.25, 3.75, 2.5], "texture": "#0"},
				"west": {"uv": [3.75, 2.75, 3.875, 3], "texture": "#0"},
				"up": {"uv": [3.25, 3.875, 3, 3.75], "texture": "#0"},
				"down": {"uv": [4, 3, 3.75, 3.125], "texture": "#0"}
			}
		},
		{
			"from": [7.25, 25.75, 7.75],
			"to": [7.75, 26.75, 8.25],
			"rotation": {"angle": 0, "axis": "y", "origin": [5.75, 0, 7.25]},
			"faces": {
				"north": {"uv": [3.25, 3.75, 3.375, 4], "texture": "#0"},
				"east": {"uv": [3.75, 3.25, 3.875, 3.5], "texture": "#0"},
				"south": {"uv": [3.5, 3.75, 3.625, 4], "texture": "#0"},
				"west": {"uv": [3.75, 3.75, 3.875, 4], "texture": "#0"},
				"up": {"uv": [4.375, 0.875, 4.25, 0.75], "texture": "#0"},
				"down": {"uv": [4.375, 1, 4.25, 1.125], "texture": "#0"}
			}
		},
		{
			"from": [7.25, 26.75, 7.25],
			"to": [8.75, 27.75, 7.75],
			"rotation": {"angle": 0, "axis": "y", "origin": [6.75, 1, 6.75]},
			"faces": {
				"north": {"uv": [3.5, 1, 3.875, 1.25], "texture": "#0"},
				"east": {"uv": [4, 0, 4.125, 0.25], "texture": "#0"},
				"south": {"uv": [3.5, 1.25, 3.875, 1.5], "texture": "#0"},
				"west": {"uv": [4, 0.25, 4.125, 0.5], "texture": "#0"},
				"up": {"uv": [3.875, 3.625, 3.5, 3.5], "texture": "#0"},
				"down": {"uv": [4.125, 2, 3.75, 2.125], "texture": "#0"}
			}
		},
		{
			"from": [7.25, 25.75, 7.25],
			"to": [8.75, 26.75, 7.75],
			"rotation": {"angle": 0, "axis": "y", "origin": [6.75, 0, 6.75]},
			"faces": {
				"north": {"uv": [3.5, 1.5, 3.875, 1.75], "texture": "#0"},
				"east": {"uv": [4, 0.5, 4.125, 0.75], "texture": "#0"},
				"south": {"uv": [3.5, 1.75, 3.875, 2], "texture": "#0"},
				"west": {"uv": [4, 0.75, 4.125, 1], "texture": "#0"},
				"up": {"uv": [4.125, 2.375, 3.75, 2.25], "texture": "#0"},
				"down": {"uv": [2.875, 3.75, 2.5, 3.875], "texture": "#0"}
			}
		},
		{
			"from": [8.25, 27.75, 7.75],
			"to": [8.75, 28.75, 8.25],
			"rotation": {"angle": 0, "axis": "y", "origin": [6.75, 2, 7.25]},
			"faces": {
				"north": {"uv": [4, 1, 4.125, 1.25], "texture": "#0"},
				"east": {"uv": [4, 1.25, 4.125, 1.5], "texture": "#0"},
				"south": {"uv": [4, 1.5, 4.125, 1.75], "texture": "#0"},
				"west": {"uv": [4, 1.75, 4.125, 2], "texture": "#0"},
				"up": {"uv": [4.375, 1.375, 4.25, 1.25], "texture": "#0"},
				"down": {"uv": [4.375, 1.5, 4.25, 1.625], "texture": "#0"}
			}
		},
		{
			"from": [7.75, 25.75, 8.25],
			"to": [8.25, 26.75, 8.75],
			"rotation": {"angle": 0, "axis": "y", "origin": [6.25, 0, 7.75]},
			"faces": {
				"north": {"uv": [2.5, 4, 2.625, 4.25], "texture": "#0"},
				"east": {"uv": [4, 2.5, 4.125, 2.75], "texture": "#0"},
				"south": {"uv": [2.75, 4, 2.875, 4.25], "texture": "#0"},
				"west": {"uv": [4, 2.75, 4.125, 3], "texture": "#0"},
				"up": {"uv": [4.375, 1.875, 4.25, 1.75], "texture": "#0"},
				"down": {"uv": [4.375, 2, 4.25, 2.125], "texture": "#0"}
			}
		},
		{
			"from": [8.25, 26.75, 7.75],
			"to": [8.75, 27.75, 8.75],
			"rotation": {"angle": 0, "axis": "y", "origin": [6.75, 1, 7.25]},
			"faces": {
				"north": {"uv": [3, 4, 3.125, 4.25], "texture": "#0"},
				"east": {"uv": [3.5, 2.5, 3.75, 2.75], "texture": "#0"},
				"south": {"uv": [4, 3, 4.125, 3.25], "texture": "#0"},
				"west": {"uv": [3.5, 2.75, 3.75, 3], "texture": "#0"},
				"up": {"uv": [3.375, 4.25, 3.25, 4], "texture": "#0"},
				"down": {"uv": [4.125, 3.25, 4, 3.5], "texture": "#0"}
			}
		},
		{
			"from": [8.25, 25.75, 7.75],
			"to": [8.75, 26.75, 8.75],
			"rotation": {"angle": 0, "axis": "y", "origin": [6.75, 0, 7.25]},
			"faces": {
				"north": {"uv": [3.5, 4, 3.625, 4.25], "texture": "#0"},
				"east": {"uv": [3.5, 3, 3.75, 3.25], "texture": "#0"},
				"south": {"uv": [4, 3.5, 4.125, 3.75], "texture": "#0"},
				"west": {"uv": [3.5, 3.25, 3.75, 3.5], "texture": "#0"},
				"up": {"uv": [3.875, 4.25, 3.75, 4], "texture": "#0"},
				"down": {"uv": [4.125, 3.75, 4, 4], "texture": "#0"}
			}
		},
		{
			"from": [8.25, 28.75, 7.25],
			"to": [8.75, 29.75, 7.75],
			"rotation": {"angle": 0, "axis": "y", "origin": [6.75, 3, 6.75]},
			"faces": {
				"north": {"uv": [4, 4, 4.125, 4.25], "texture": "#0"},
				"east": {"uv": [4.25, 0, 4.375, 0.25], "texture": "#0"},
				"south": {"uv": [4.25, 0.25, 4.375, 0.5], "texture": "#0"},
				"west": {"uv": [4.25, 0.5, 4.375, 0.75], "texture": "#0"},
				"up": {"uv": [4.375, 2.375, 4.25, 2.25], "texture": "#0"},
				"down": {"uv": [2.625, 4.25, 2.5, 4.375], "texture": "#0"}
			}
		},
		{
			"from": [7.2, -14, 7.2],
			"to": [8.8, -1, 8.8],
			"rotation": {"angle": 0, "axis": "y", "origin": [7, -5, 7]},
			"faces": {
				"north": {"uv": [2, 0, 2.5, 3.25], "texture": "#0"},
				"east": {"uv": [2.5, 0, 3, 3.25], "texture": "#0"},
				"south": {"uv": [3, 0, 3.5, 3.25], "texture": "#0"},
				"west": {"uv": [2, 3.25, 2.5, 6.5], "texture": "#0"},
				"up": {"uv": [3, 3.75, 2.5, 3.25], "texture": "#0"},
				"down": {"uv": [3.5, 3.25, 3, 3.75], "texture": "#0"}
			}
		},
		{
			"from": [4.25, 0, 8],
			"to": [7.25, 6, 8],
			"rotation": {"angle": 0, "axis": "y", "origin": [5.25, 0, 7]},
			"faces": {
				"north": {"uv": [6.125, 0.5, 6.875, 2], "texture": "#0"},
				"east": {"uv": [0, 0, 0, 1.5], "texture": "#0"},
				"south": {"uv": [3.25, 10.125, 4, 11.625], "texture": "#0"},
				"west": {"uv": [0, 0, 0, 1.5], "texture": "#0"},
				"up": {"uv": [0, 0, 0.75, 0], "texture": "#0"},
				"down": {"uv": [0, 0, 0.75, 0], "texture": "#0"}
			}
		},
		{
			"from": [8, 2.25, 4.25],
			"to": [8, 8.25, 7.25],
			"rotation": {"angle": 0, "axis": "y", "origin": [8, 5.25, 5.75]},
			"faces": {
				"north": {"uv": [0, 0, 0, 1.5], "texture": "#0"},
				"east": {"uv": [9.75, 10.625, 10.5, 12.125], "texture": "#0"},
				"south": {"uv": [0, 0, 0, 1.5], "texture": "#0"},
				"west": {"uv": [7.625, 10.125, 8.375, 11.625], "texture": "#0"},
				"up": {"uv": [0, 0, 0.75, 0], "rotation": 270, "texture": "#0"},
				"down": {"uv": [0, 0, 0.75, 0], "rotation": 90, "texture": "#0"}
			}
		}
	],
	"gui_light": "front",
	"display": {
		"thirdperson_righthand": {
			"rotation": [-21.25, 0, 0],
			"translation": [-0.5, 5.75, -0.25]
		},
		"thirdperson_lefthand": {
			"rotation": [72.82, 88.74, -95.36],
			"translation": [-0.25, 5.75, -0.25]
		},
		"firstperson_righthand": {
			"rotation": [-53, 100, 0],
			"translation": [5.5, 3, -6.75]
		},
		"firstperson_lefthand": {
			"rotation": [-53, 180, 0],
			"translation": [5.5, 3, -6.75]
		},
		"ground": {
			"translation": [0, 16.5, 0],
			"scale": [0.8, 0.8, 0.8]
		},
		"gui": {
			"rotation": [0, 0, -45],
			"translation": [0.5, 0.5, 0],
			"scale": [0.66, 0.47, 1]
		}
	}
}