{
	"credit": "Made with Blockbench",
	"texture_size": [32, 32],
	"textures": {
		"0": "item/bamboosword",
		"particle": "bamboosword"
	},
	"elements": [
		{
			"from": [6, -7, 6],
			"to": [9, -4, 9],
			"rotation": {"angle": -45, "axis": "z", "origin": [7.5, -5.5, 8]},
			"faces": {
				"north": {"uv": [4, 8, 5.5, 9.5], "texture": "#0"},
				"east": {"uv": [5.5, 8, 7, 9.5], "texture": "#0"},
				"south": {"uv": [7, 8, 8.5, 9.5], "texture": "#0"},
				"west": {"uv": [8.5, 0, 10, 1.5], "texture": "#0"},
				"up": {"uv": [10, 3, 8.5, 1.5], "texture": "#0"},
				"down": {"uv": [10, 3, 8.5, 4.5], "texture": "#0"}
			}
		},
		{
			"from": [6.5, -5, 6.5],
			"to": [8.5, 3, 8.5],
			"faces": {
				"north": {"uv": [4, 0, 5, 4], "texture": "#0"},
				"east": {"uv": [4, 4, 5, 8], "texture": "#0"},
				"south": {"uv": [5, 0, 6, 4], "texture": "#0"},
				"west": {"uv": [5, 4, 6, 8], "texture": "#0"},
				"up": {"uv": [10, 10.5, 9, 9.5], "texture": "#0"},
				"down": {"uv": [11, 0, 10, 1], "texture": "#0"}
			}
		},
		{
			"from": [6, 2, 6],
			"to": [9, 4, 9],
			"faces": {
				"north": {"uv": [8.5, 7.5, 10, 8.5], "texture": "#0"},
				"east": {"uv": [8.5, 8.5, 10, 9.5], "texture": "#0"},
				"south": {"uv": [4, 9.5, 5.5, 10.5], "texture": "#0"},
				"west": {"uv": [5.5, 9.5, 7, 10.5], "texture": "#0"},
				"up": {"uv": [10, 6, 8.5, 4.5], "texture": "#0"},
				"down": {"uv": [10, 6, 8.5, 7.5], "texture": "#0"}
			}
		},
		{
			"from": [2, 2, 6.5],
			"to": [7, 3.5, 8.5],
			"rotation": {"angle": -22.5, "axis": "z", "origin": [7, 3, 7]},
			"faces": {
				"north": {"uv": [6, 0, 8.5, 1], "texture": "#0"},
				"east": {"uv": [10, 1, 11, 2], "texture": "#0"},
				"south": {"uv": [6, 1, 8.5, 2], "texture": "#0"},
				"west": {"uv": [10, 2, 11, 3], "texture": "#0"},
				"up": {"uv": [8.5, 3, 6, 2], "texture": "#0"},
				"down": {"uv": [8.5, 3, 6, 4], "texture": "#0"}
			}
		},
		{
			"from": [8, 2.4, 6.5],
			"to": [13, 3.9, 8.5],
			"rotation": {"angle": 22.5, "axis": "z", "origin": [9, 3, 7]},
			"faces": {
				"north": {"uv": [6, 4, 8.5, 5], "texture": "#0"},
				"east": {"uv": [10, 3, 11, 4], "texture": "#0"},
				"south": {"uv": [6, 5, 8.5, 6], "texture": "#0"},
				"west": {"uv": [10, 4, 11, 5], "texture": "#0"},
				"up": {"uv": [8.5, 7, 6, 6], "texture": "#0"},
				"down": {"uv": [8.5, 7, 6, 8], "texture": "#0"}
			}
		},
		{
			"from": [6, 4, 7],
			"to": [9, 27, 8],
			"faces": {
				"north": {"uv": [0, 0, 1.5, 11.5], "texture": "#0"},
				"east": {"uv": [3, 0, 3.5, 11.5], "texture": "#0"},
				"south": {"uv": [1.5, 0, 3, 11.5], "texture": "#0"},
				"west": {"uv": [3.5, 0, 4, 11.5], "texture": "#0"},
				"up": {"uv": [11.5, 7.5, 10, 7], "texture": "#0"},
				"down": {"uv": [11.5, 7.5, 10, 8], "texture": "#0"}
			}
		},
		{
			"from": [5.5, 3.5, 6.75],
			"to": [7, 4.5, 8.25],
			"rotation": {"angle": -45, "axis": "z", "origin": [7.5, 4, 7.5]},
			"faces": {
				"north": {"uv": [4, 10.5, 5, 11], "texture": "#0"},
				"east": {"uv": [5, 10.5, 6, 11], "texture": "#0"},
				"south": {"uv": [6, 10.5, 7, 11], "texture": "#0"},
				"west": {"uv": [10.5, 8, 11.5, 8.5], "texture": "#0"},
				"up": {"uv": [11, 6, 10, 5], "texture": "#0"},
				"down": {"uv": [11, 6, 10, 7], "texture": "#0"}
			}
		},
		{
			"from": [7, 3, 6.75],
			"to": [8, 6, 8.25],
			"rotation": {"angle": -45, "axis": "z", "origin": [7.5, 4, 7.5]},
			"faces": {
				"north": {"uv": [10, 8, 10.5, 9.5], "texture": "#0"},
				"east": {"uv": [7, 9.5, 8, 11], "texture": "#0"},
				"south": {"uv": [10, 9.5, 10.5, 11], "texture": "#0"},
				"west": {"uv": [8, 9.5, 9, 11], "texture": "#0"},
				"up": {"uv": [11, 9.5, 10.5, 8.5], "texture": "#0"},
				"down": {"uv": [9.5, 10.5, 9, 11.5], "texture": "#0"}
			}
		}
	],
	"gui_light": "front",
	"display": {
		"thirdperson_righthand": {
			"rotation": [0, 90, 0],
			"translation": [0, 5.75, 0.5],
			"scale": [0.8, 0.8, 0.8]
		},
		"thirdperson_lefthand": {
			"rotation": [0, 90, 0],
			"translation": [0, 5.75, 1.5],
			"scale": [0.8, 0.8, 0.8]
		},
		"firstperson_righthand": {
			"rotation": [0, 90, 0],
			"translation": [1.5, 4, 0],
			"scale": [0.8, 0.74, 0.8]
		},
		"firstperson_lefthand": {
			"rotation": [0, 90, 0],
			"translation": [1.5, 4, 0],
			"scale": [0.8, 0.74, 0.8]
		},
		"ground": {
			"translation": [0, 4, 0],
			"scale": [0.5, 0.5, 0.5]
		},
		"gui": {
			"rotation": [0, 0, -45],
			"translation": [-0.5, -1, 0],
			"scale": [0.6, 0.6, 0.6]
		}
	}
}