{
	"credit": "Made with Blockbench",
	"texture_size": [32, 32],
	"textures": {
		"0": "item/bastionsword",
		"particle": "bastionsword"
	},
	"elements": [
		{
			"from": [7, 0, 7],
			"to": [8, 3, 9],
			"rotation": {"angle": -45, "axis": "z", "origin": [7.5, 1.5, 8]},
			"faces": {
				"north": {"uv": [1, 9, 1.5, 10.5], "texture": "#0"},
				"east": {"uv": [5, 6, 6, 7.5], "texture": "#0"},
				"south": {"uv": [1.5, 9, 2, 10.5], "texture": "#0"},
				"west": {"uv": [6, 6, 7, 7.5], "texture": "#0"},
				"up": {"uv": [7, 8.5, 6.5, 7.5], "texture": "#0"},
				"down": {"uv": [9.5, 7.5, 9, 8.5], "texture": "#0"}
			}
		},
		{
			"from": [9, 0, 7],
			"to": [10, 3, 9],
			"rotation": {"angle": -45, "axis": "z", "origin": [7.5, 1.5, 8]},
			"faces": {
				"north": {"uv": [2, 9, 2.5, 10.5], "texture": "#0"},
				"east": {"uv": [7, 2, 8, 3.5], "texture": "#0"},
				"south": {"uv": [9, 2, 9.5, 3.5], "texture": "#0"},
				"west": {"uv": [7, 3.5, 8, 5], "texture": "#0"},
				"up": {"uv": [8.5, 10, 8, 9], "texture": "#0"},
				"down": {"uv": [9, 9, 8.5, 10], "texture": "#0"}
			}
		},
		{
			"from": [8, 2, 7],
			"to": [9, 3, 9],
			"rotation": {"angle": -45, "axis": "z", "origin": [7.5, 1.5, 8]},
			"faces": {
				"north": {"uv": [4, 8, 4.5, 8.5], "texture": "#0"},
				"east": {"uv": [9, 8.5, 10, 9], "texture": "#0"},
				"south": {"uv": [9.5, 5.5, 10, 6], "texture": "#0"},
				"west": {"uv": [9, 9, 10, 9.5], "texture": "#0"},
				"up": {"uv": [10, 1, 9.5, 0], "texture": "#0"},
				"down": {"uv": [10, 2, 9.5, 3], "texture": "#0"}
			}
		},
		{
			"from": [8, 0, 7],
			"to": [9, 1, 9],
			"rotation": {"angle": -45, "axis": "z", "origin": [7.5, 1.5, 8]},
			"faces": {
				"north": {"uv": [6.5, 9.5, 7, 10], "texture": "#0"},
				"east": {"uv": [2.5, 9.5, 3.5, 10], "texture": "#0"},
				"south": {"uv": [7, 9.5, 7.5, 10], "texture": "#0"},
				"west": {"uv": [9.5, 3, 10.5, 3.5], "texture": "#0"},
				"up": {"uv": [4, 10.5, 3.5, 9.5], "texture": "#0"},
				"down": {"uv": [4.5, 9.5, 4, 10.5], "texture": "#0"}
			}
		},
		{
			"from": [7.5, 2, 7.25],
			"to": [9, 6, 8.75],
			"faces": {
				"north": {"uv": [5, 2, 6, 4], "texture": "#0"},
				"east": {"uv": [5, 4, 6, 6], "texture": "#0"},
				"south": {"uv": [6, 2, 7, 4], "texture": "#0"},
				"west": {"uv": [6, 4, 7, 6], "texture": "#0"},
				"up": {"uv": [5.5, 8.5, 4.5, 7.5], "texture": "#0"},
				"down": {"uv": [6.5, 7.5, 5.5, 8.5], "texture": "#0"}
			}
		},
		{
			"from": [7.38, 2, 7.12],
			"to": [9.13, 4, 8.87],
			"faces": {
				"north": {"uv": [2, 8, 3, 9], "texture": "#0"},
				"east": {"uv": [8, 2, 9, 3], "texture": "#0"},
				"south": {"uv": [3, 8, 4, 9], "texture": "#0"},
				"west": {"uv": [8, 3, 9, 4], "texture": "#0"},
				"up": {"uv": [9, 5, 8, 4], "texture": "#0"},
				"down": {"uv": [9, 7, 8, 8], "texture": "#0"}
			}
		},
		{
			"from": [7.25, 5.65, 7],
			"to": [9.25, 7.65, 9],
			"faces": {
				"north": {"uv": [8, 8, 9, 9], "texture": "#0"},
				"east": {"uv": [8.5, 0, 9.5, 1], "texture": "#0"},
				"south": {"uv": [4, 8.5, 5, 9.5], "texture": "#0"},
				"west": {"uv": [5, 8.5, 6, 9.5], "texture": "#0"},
				"up": {"uv": [9.5, 6, 8.5, 5], "texture": "#0"},
				"down": {"uv": [7, 8.5, 6, 9.5], "texture": "#0"}
			}
		},
		{
			"from": [8.75, 7.65, 7.75],
			"to": [12.75, 22.65, 8.25],
			"faces": {
				"north": {"uv": [0, 0, 2, 7.5], "texture": "#0"},
				"east": {"uv": [4, 0, 4.5, 7.5], "texture": "#0"},
				"south": {"uv": [2, 0, 4, 7.5], "texture": "#0"},
				"west": {"uv": [4.5, 0, 5, 7.5], "texture": "#0"},
				"up": {"uv": [10.5, 1.5, 8.5, 1], "texture": "#0"},
				"down": {"uv": [10.5, 6, 8.5, 6.5], "texture": "#0"}
			}
		},
		{
			"from": [8.75, 22.65, 7.75],
			"to": [11.75, 24.65, 8.25],
			"faces": {
				"north": {"uv": [7, 5, 8.5, 6], "texture": "#0"},
				"east": {"uv": [4.5, 9.5, 5, 10.5], "texture": "#0"},
				"south": {"uv": [7, 6, 8.5, 7], "texture": "#0"},
				"west": {"uv": [5, 9.5, 5.5, 10.5], "texture": "#0"},
				"up": {"uv": [10, 7, 8.5, 6.5], "texture": "#0"},
				"down": {"uv": [4, 9, 2.5, 9.5], "texture": "#0"}
			}
		},
		{
			"from": [7.75, 24.65, 7.75],
			"to": [10.75, 25.65, 8.25],
			"faces": {
				"north": {"uv": [9, 3.5, 10.5, 4], "texture": "#0"},
				"east": {"uv": [7.5, 9.5, 8, 10], "texture": "#0"},
				"south": {"uv": [9, 4, 10.5, 4.5], "texture": "#0"},
				"west": {"uv": [9.5, 7.5, 10, 8], "texture": "#0"},
				"up": {"uv": [10.5, 5, 9, 4.5], "texture": "#0"},
				"down": {"uv": [10.5, 7, 9, 7.5], "texture": "#0"}
			}
		},
		{
			"from": [8.25, 7.65, 7],
			"to": [13.25, 8.65, 9],
			"rotation": {"angle": -22.5, "axis": "z", "origin": [10.25, 8, 7]},
			"faces": {
				"north": {"uv": [7.5, 1.5, 10, 2], "texture": "#0"},
				"east": {"uv": [9.5, 5, 10.5, 5.5], "texture": "#0"},
				"south": {"uv": [2, 7.5, 4.5, 8], "texture": "#0"},
				"west": {"uv": [5.5, 9.5, 6.5, 10], "texture": "#0"},
				"up": {"uv": [7.5, 1, 5, 0], "texture": "#0"},
				"down": {"uv": [7.5, 1, 5, 2], "texture": "#0"}
			}
		},
		{
			"from": [7.5, 6, 7.25],
			"to": [9, 9, 8.75],
			"rotation": {"angle": -45, "axis": "z", "origin": [8.25, 6.5, 8]},
			"faces": {
				"north": {"uv": [7, 7, 8, 8.5], "texture": "#0"},
				"east": {"uv": [0, 7.5, 1, 9], "texture": "#0"},
				"south": {"uv": [7.5, 0, 8.5, 1.5], "texture": "#0"},
				"west": {"uv": [1, 7.5, 2, 9], "texture": "#0"},
				"up": {"uv": [8, 9.5, 7, 8.5], "texture": "#0"},
				"down": {"uv": [1, 9, 0, 10], "texture": "#0"}
			}
		}
	],
	"gui_light": "front",
	"display": {
		"thirdperson_righthand": {
			"rotation": [0, 90, 0],
			"translation": [0, 1, 2.5]
		},
		"thirdperson_lefthand": {
			"rotation": [0, -90, 0],
			"translation": [0, 1, 2.5]
		},
		"firstperson_righthand": {
			"rotation": [0, 90, 21],
			"translation": [0.25, -0.5, 0.25],
			"scale": [0.9, 0.9, 0.9]
		},
		"firstperson_lefthand": {
			"rotation": [0, -90, -21],
			"translation": [0.25, -0.5, 0.25],
			"scale": [0.9, 0.9, 0.9]
		},
		"ground": {
			"translation": [0, 0.75, 0],
			"scale": [0.5, 0.5, 0.5]
		},
		"gui": {
			"rotation": [0, 0, -45],
			"translation": [-2.5, -1.75, 0],
			"scale": [0.7, 0.7, 0.7]
		}
	}
}