{
	"credit": "Made with Blockbench",
	"texture_size": [64, 64],
	"textures": {
		"0": "item/battleaxew",
		"particle": "battleaxew"
	},
	"elements": [
		{
			"from": [7, -11.25, 7.25],
			"to": [9, 23, 8.75],
			"rotation": {"angle": 0, "axis": "y", "origin": [7.25, -9, 7.25]},
			"faces": {
				"north": {"uv": [0, 0, 0.5, 8.5], "texture": "#0"},
				"east": {"uv": [0.5, 0, 1, 8.5], "texture": "#0"},
				"south": {"uv": [1, 0, 1.5, 8.5], "texture": "#0"},
				"west": {"uv": [1.5, 0, 2, 8.5], "texture": "#0"},
				"up": {"uv": [5.75, 3.25, 5.25, 2.75], "texture": "#0"},
				"down": {"uv": [5.75, 3.25, 5.25, 3.75], "texture": "#0"}
			}
		},
		{
			"from": [6.5, -13.75, 7],
			"to": [9.5, -10.75, 9],
			"rotation": {"angle": -45, "axis": "z", "origin": [8, -12.25, 8]},
			"faces": {
				"north": {"uv": [2.75, 4, 3.5, 4.75], "texture": "#0"},
				"east": {"uv": [4.75, 2.25, 5.25, 3], "texture": "#0"},
				"south": {"uv": [4, 3, 4.75, 3.75], "texture": "#0"},
				"west": {"uv": [4.75, 3, 5.25, 3.75], "texture": "#0"},
				"up": {"uv": [2.75, 5.5, 2, 5], "texture": "#0"},
				"down": {"uv": [5.75, 3.75, 5, 4.25], "texture": "#0"}
			}
		},
		{
			"from": [6.5, 19, 7],
			"to": [9.5, 22.25, 9],
			"rotation": {"angle": 0, "axis": "y", "origin": [7.75, 22.25, 7.25]},
			"faces": {
				"north": {"uv": [3.5, 4, 4.25, 4.75], "texture": "#0"},
				"east": {"uv": [3.75, 4.75, 4.25, 5.5], "texture": "#0"},
				"south": {"uv": [4.25, 3.75, 5, 4.5], "texture": "#0"},
				"west": {"uv": [5, 4.25, 5.5, 5], "texture": "#0"},
				"up": {"uv": [5.75, 5.5, 5, 5], "texture": "#0"},
				"down": {"uv": [6, 2.25, 5.25, 2.75], "texture": "#0"}
			}
		},
		{
			"from": [9.5, 19.75, 7.525],
			"to": [12.5, 22.25, 8.475],
			"rotation": {"angle": 0, "axis": "y", "origin": [10.75, 22.25, 7.25]},
			"faces": {
				"north": {"uv": [4.25, 4.5, 5, 5.25], "texture": "#0"},
				"east": {"uv": [2, 5.5, 2.25, 6.25], "texture": "#0"},
				"south": {"uv": [4.75, 0, 5.5, 0.75], "texture": "#0"},
				"west": {"uv": [2.25, 5.5, 2.5, 6.25], "texture": "#0"},
				"up": {"uv": [6.25, 2.25, 5.5, 2], "texture": "#0"},
				"down": {"uv": [6.25, 4.25, 5.5, 4.5], "texture": "#0"}
			}
		},
		{
			"from": [11.9, 20.225, 7.525],
			"to": [14.9, 24.225, 8.475],
			"rotation": {"angle": 45, "axis": "z", "origin": [13.15, 22.725, 7.25]},
			"faces": {
				"north": {"uv": [4, 0, 4.75, 1], "texture": "#0"},
				"east": {"uv": [4.25, 5.25, 4.5, 6.25], "texture": "#0"},
				"south": {"uv": [4, 1, 4.75, 2], "texture": "#0"},
				"west": {"uv": [4.5, 5.25, 4.75, 6.25], "texture": "#0"},
				"up": {"uv": [6.25, 4.75, 5.5, 4.5], "texture": "#0"},
				"down": {"uv": [6.25, 4.75, 5.5, 5], "texture": "#0"}
			}
		},
		{
			"from": [1.1, 20.225, 7.525],
			"to": [4.1, 24.225, 8.475],
			"rotation": {"angle": -45, "axis": "z", "origin": [2.85, 22.725, 7.25]},
			"faces": {
				"north": {"uv": [2, 4, 2.75, 5], "texture": "#0"},
				"east": {"uv": [4.75, 5.25, 5, 6.25], "texture": "#0"},
				"south": {"uv": [4, 2, 4.75, 3], "texture": "#0"},
				"west": {"uv": [5.5, 0, 5.75, 1], "texture": "#0"},
				"up": {"uv": [5.75, 5.75, 5, 5.5], "texture": "#0"},
				"down": {"uv": [6.5, 0, 5.75, 0.25], "texture": "#0"}
			}
		},
		{
			"from": [10.62132, 15.5, 7.5],
			"to": [14.62132, 23.5, 8.5],
			"rotation": {"angle": -22.5, "axis": "z", "origin": [12.12132, 19, 8]},
			"faces": {
				"north": {"uv": [2, 0, 3, 2], "texture": "#0"},
				"east": {"uv": [2.75, 4.75, 3, 6.75], "texture": "#0"},
				"south": {"uv": [2, 2, 3, 4], "texture": "#0"},
				"west": {"uv": [3, 4.75, 3.25, 6.75], "texture": "#0"},
				"up": {"uv": [6.5, 1.25, 5.5, 1], "texture": "#0"},
				"down": {"uv": [6.5, 1.25, 5.5, 1.5], "texture": "#0"}
			}
		},
		{
			"from": [3.5, 19.75, 7.525],
			"to": [6.5, 22.25, 8.475],
			"rotation": {"angle": 0, "axis": "y", "origin": [5.25, 22.25, 7.25]},
			"faces": {
				"north": {"uv": [4.75, 0.75, 5.5, 1.5], "texture": "#0"},
				"east": {"uv": [2.5, 5.5, 2.75, 6.25], "texture": "#0"},
				"south": {"uv": [4.75, 1.5, 5.5, 2.25], "texture": "#0"},
				"west": {"uv": [3.75, 5.5, 4, 6.25], "texture": "#0"},
				"up": {"uv": [6.5, 0.5, 5.75, 0.25], "texture": "#0"},
				"down": {"uv": [6.5, 0.5, 5.75, 0.75], "texture": "#0"}
			}
		},
		{
			"from": [1.37868, 15.5, 7.5],
			"to": [5.37868, 23.5, 8.5],
			"rotation": {"angle": 22.5, "axis": "z", "origin": [3.87868, 19, 8]},
			"faces": {
				"north": {"uv": [3, 0, 4, 2], "texture": "#0"},
				"east": {"uv": [3.25, 4.75, 3.5, 6.75], "texture": "#0"},
				"south": {"uv": [3, 2, 4, 4], "texture": "#0"},
				"west": {"uv": [3.5, 4.75, 3.75, 6.75], "texture": "#0"},
				"up": {"uv": [6.5, 1.75, 5.5, 1.5], "texture": "#0"},
				"down": {"uv": [6.5, 1.75, 5.5, 2], "texture": "#0"}
			}
		}
	],
	"gui_light": "front",
	"display": {
		"thirdperson_righthand": {
			"rotation": [0, 90, 0],
			"translation": [0, 4.5, 1.25],
			"scale": [0.7, 0.7, 0.7]
		},
		"thirdperson_lefthand": {
			"rotation": [0, 90, 0],
			"translation": [0, 4.5, 1.25],
			"scale": [0.7, 0.7, 0.7]
		},
		"firstperson_righthand": {
			"rotation": [0, 90, 9],
			"translation": [1.5, 4, 1.25],
			"scale": [0.7, 0.7, 0.7]
		},
		"firstperson_lefthand": {
			"rotation": [0, -90, -9],
			"translation": [1.5, 4, 1.25],
			"scale": [0.7, 0.7, 0.7]
		},
		"ground": {
			"translation": [0, 9, 0],
			"scale": [0.5, 0.5, 0.5]
		},
		"gui": {
			"rotation": [0, 0, -45],
			"scale": [0.5, 0.5, 0.7]
		},
		"fixed": {
			"translation": [0, 1, 0]
		}
	}
}