{
	"credit": "Made with Blockbench",
	"texture_size": [64, 64],
	"textures": {
		"0": "item/blackstoneaxe",
		"particle": "blackstoneaxe"
	},
	"elements": [
		{
			"from": [7.25, -13, 7.25],
			"to": [8.75, 19, 8.75],
			"faces": {
				"north": {"uv": [0, 0, 0.5, 8], "texture": "#0"},
				"east": {"uv": [0.5, 0, 1, 8], "texture": "#0"},
				"south": {"uv": [1, 0, 1.5, 8], "texture": "#0"},
				"west": {"uv": [1.5, 0, 2, 8], "texture": "#0"},
				"up": {"uv": [4.75, 7.5, 4.25, 7], "texture": "#0"},
				"down": {"uv": [7.5, 4.5, 7, 5], "texture": "#0"}
			}
		},
		{
			"from": [7.25, 28, 7.25],
			"to": [8.75, 32, 8.75],
			"faces": {
				"north": {"uv": [6.5, 1.5, 7, 2.5], "texture": "#0"},
				"east": {"uv": [6.5, 2.5, 7, 3.5], "texture": "#0"},
				"south": {"uv": [6.5, 3.5, 7, 4.5], "texture": "#0"},
				"west": {"uv": [6.5, 4.5, 7, 5.5], "texture": "#0"},
				"up": {"uv": [7.5, 5.5, 7, 5], "texture": "#0"},
				"down": {"uv": [7, 7, 6.5, 7.5], "texture": "#0"}
			}
		},
		{
			"from": [7.15, 20, 7.15],
			"to": [8.85, 27, 8.85],
			"faces": {
				"north": {"uv": [3.5, 5, 4, 6.75], "texture": "#0"},
				"east": {"uv": [4, 5, 4.5, 6.75], "texture": "#0"},
				"south": {"uv": [4.5, 5, 5, 6.75], "texture": "#0"},
				"west": {"uv": [5, 5, 5.5, 6.75], "texture": "#0"},
				"up": {"uv": [7.5, 7.5, 7, 7], "texture": "#0"},
				"down": {"uv": [7.75, 0, 7.25, 0.5], "texture": "#0"}
			}
		},
		{
			"from": [7.15, -7, 7.15],
			"to": [8.85, 5, 8.85],
			"faces": {
				"north": {"uv": [2, 0, 2.5, 3], "texture": "#0"},
				"east": {"uv": [2.5, 0, 3, 3], "texture": "#0"},
				"south": {"uv": [3, 0, 3.5, 3], "texture": "#0"},
				"west": {"uv": [2, 3, 2.5, 6], "texture": "#0"},
				"up": {"uv": [7.75, 1, 7.25, 0.5], "texture": "#0"},
				"down": {"uv": [7.75, 1, 7.25, 1.5], "texture": "#0"}
			}
		},
		{
			"from": [6.95, 5, 6.95],
			"to": [9.05, 6, 9.05],
			"faces": {
				"north": {"uv": [5, 3.75, 5.5, 4], "texture": "#0"},
				"east": {"uv": [7, 8.25, 7.5, 8.5], "texture": "#0"},
				"south": {"uv": [8, 8.25, 8.5, 8.5], "texture": "#0"},
				"west": {"uv": [0, 8.5, 0.5, 8.75], "texture": "#0"},
				"up": {"uv": [2.5, 7.75, 2, 7.25], "texture": "#0"},
				"down": {"uv": [3, 7.25, 2.5, 7.75], "texture": "#0"}
			}
		},
		{
			"from": [6.95, 19, 6.95],
			"to": [9.05, 20, 9.05],
			"faces": {
				"north": {"uv": [8.5, 0.25, 9, 0.5], "texture": "#0"},
				"east": {"uv": [0.5, 8.5, 1, 8.75], "texture": "#0"},
				"south": {"uv": [8.5, 0.5, 9, 0.75], "texture": "#0"},
				"west": {"uv": [1, 8.5, 1.5, 8.75], "texture": "#0"},
				"up": {"uv": [7.75, 3.25, 7.25, 2.75], "texture": "#0"},
				"down": {"uv": [3.5, 7.25, 3, 7.75], "texture": "#0"}
			}
		},
		{
			"from": [6.95, 27, 6.95],
			"to": [9.05, 28, 9.05],
			"faces": {
				"north": {"uv": [1.5, 8.5, 2, 8.75], "texture": "#0"},
				"east": {"uv": [8.5, 1.5, 9, 1.75], "texture": "#0"},
				"south": {"uv": [8.5, 1.75, 9, 2], "texture": "#0"},
				"west": {"uv": [8.5, 2, 9, 2.25], "texture": "#0"},
				"up": {"uv": [7.75, 3.75, 7.25, 3.25], "texture": "#0"},
				"down": {"uv": [6, 7.25, 5.5, 7.75], "texture": "#0"}
			}
		},
		{
			"from": [6.95, -8, 6.95],
			"to": [9.05, -7, 9.05],
			"faces": {
				"north": {"uv": [8.5, 2.25, 9, 2.5], "texture": "#0"},
				"east": {"uv": [2.5, 8.5, 3, 8.75], "texture": "#0"},
				"south": {"uv": [8.5, 2.5, 9, 2.75], "texture": "#0"},
				"west": {"uv": [3, 8.5, 3.5, 8.75], "texture": "#0"},
				"up": {"uv": [6.5, 7.75, 6, 7.25], "texture": "#0"},
				"down": {"uv": [7.75, 6, 7.25, 6.5], "texture": "#0"}
			}
		},
		{
			"from": [6.95, -14, 6.95],
			"to": [9.05, -13, 9.05],
			"faces": {
				"north": {"uv": [3.5, 8.5, 4, 8.75], "texture": "#0"},
				"east": {"uv": [8.5, 3.75, 9, 4], "texture": "#0"},
				"south": {"uv": [4, 8.5, 4.5, 8.75], "texture": "#0"},
				"west": {"uv": [8.5, 4, 9, 4.25], "texture": "#0"},
				"up": {"uv": [7.75, 7, 7.25, 6.5], "texture": "#0"},
				"down": {"uv": [4.25, 7.5, 3.75, 8], "texture": "#0"}
			}
		},
		{
			"from": [7.2, -15, 7.2],
			"to": [8.8, -14, 8.8],
			"faces": {
				"north": {"uv": [8.5, 4.25, 9, 4.5], "texture": "#0"},
				"east": {"uv": [4.5, 8.5, 5, 8.75], "texture": "#0"},
				"south": {"uv": [8.5, 4.5, 9, 4.75], "texture": "#0"},
				"west": {"uv": [8.5, 4.75, 9, 5], "texture": "#0"},
				"up": {"uv": [8, 4.25, 7.5, 3.75], "texture": "#0"},
				"down": {"uv": [4.75, 7.5, 4.25, 8], "texture": "#0"}
			}
		},
		{
			"from": [7, 21.5, 7],
			"to": [9, 26.75, 9],
			"faces": {
				"north": {"uv": [6, 0, 6.5, 1.25], "texture": "#0"},
				"east": {"uv": [6, 1.25, 6.5, 2.5], "texture": "#0"},
				"south": {"uv": [2, 6, 2.5, 7.25], "texture": "#0"},
				"west": {"uv": [2.5, 6, 3, 7.25], "texture": "#0"},
				"up": {"uv": [7, 8, 6.5, 7.5], "texture": "#0"},
				"down": {"uv": [7.5, 7.5, 7, 8], "texture": "#0"}
			}
		},
		{
			"from": [9, 21.5, 7.4],
			"to": [11, 26.75, 8.6],
			"faces": {
				"north": {"uv": [6, 2.5, 6.5, 3.75], "texture": "#0"},
				"east": {"uv": [5, 6.75, 5.25, 8], "texture": "#0"},
				"south": {"uv": [3, 6, 3.5, 7.25], "texture": "#0"},
				"west": {"uv": [5.25, 6.75, 5.5, 8], "texture": "#0"},
				"up": {"uv": [9, 6, 8.5, 5.75], "texture": "#0"},
				"down": {"uv": [9, 6, 8.5, 6.25], "texture": "#0"}
			}
		},
		{
			"from": [11, 22.25, 7.5],
			"to": [16.75, 26.25, 8.5],
			"faces": {
				"north": {"uv": [2.5, 3, 4, 4], "texture": "#0"},
				"east": {"uv": [4.75, 7, 5, 8], "texture": "#0"},
				"south": {"uv": [3.5, 0, 5, 1], "texture": "#0"},
				"west": {"uv": [7.5, 7, 7.75, 8], "texture": "#0"},
				"up": {"uv": [8, 5.75, 6.5, 5.5], "texture": "#0"},
				"down": {"uv": [8, 5.75, 6.5, 6], "texture": "#0"}
			}
		},
		{
			"from": [13.5, 25.25, 7.6],
			"to": [17.5, 29.5, 8.4],
			"rotation": {"angle": 22.5, "axis": "z", "origin": [15.5, 24.125, 8]},
			"faces": {
				"north": {"uv": [2.5, 4, 3.5, 5], "texture": "#0"},
				"east": {"uv": [7.75, 0, 8, 1], "texture": "#0"},
				"south": {"uv": [4, 3, 5, 4], "texture": "#0"},
				"west": {"uv": [7.75, 1.75, 8, 2.75], "texture": "#0"},
				"up": {"uv": [8.5, 5.5, 7.5, 5.25], "texture": "#0"},
				"down": {"uv": [8.75, 1, 7.75, 1.25], "texture": "#0"}
			}
		},
		{
			"from": [14.5, 29.5, 7.6],
			"to": [17.5, 30.5, 8.4],
			"rotation": {"angle": 22.5, "axis": "z", "origin": [15.5, 24.125, 8]},
			"faces": {
				"north": {"uv": [8, 0.75, 8.75, 1], "texture": "#0"},
				"east": {"uv": [7.25, 3.75, 7.5, 4], "texture": "#0"},
				"south": {"uv": [8, 6.5, 8.75, 6.75], "texture": "#0"},
				"west": {"uv": [0.75, 8.25, 1, 8.5], "texture": "#0"},
				"up": {"uv": [8.75, 7, 8, 6.75], "texture": "#0"},
				"down": {"uv": [7.75, 8, 7, 8.25], "texture": "#0"}
			}
		},
		{
			"from": [13.5, 18.75, 7.6],
			"to": [17.5, 23, 8.4],
			"rotation": {"angle": -22.5, "axis": "z", "origin": [15.5, 24.125, 8]},
			"faces": {
				"north": {"uv": [3.5, 4, 4.5, 5], "texture": "#0"},
				"east": {"uv": [2, 7.75, 2.25, 8.75], "texture": "#0"},
				"south": {"uv": [4.5, 4, 5.5, 5], "texture": "#0"},
				"west": {"uv": [2.25, 7.75, 2.5, 8.75], "texture": "#0"},
				"up": {"uv": [8.75, 1.5, 7.75, 1.25], "texture": "#0"},
				"down": {"uv": [3.5, 7.75, 2.5, 8], "texture": "#0"}
			}
		},
		{
			"from": [13.5, 16.5, 7.6],
			"to": [16.5, 18.75, 8.4],
			"rotation": {"angle": -22.5, "axis": "z", "origin": [15.5, 24.125, 8]},
			"faces": {
				"north": {"uv": [6.5, 6, 7.25, 6.5], "texture": "#0"},
				"east": {"uv": [5.25, 8, 5.5, 8.5], "texture": "#0"},
				"south": {"uv": [6.5, 6.5, 7.25, 7], "texture": "#0"},
				"west": {"uv": [7.5, 8.25, 7.75, 8.75], "texture": "#0"},
				"up": {"uv": [8.75, 7.75, 8, 7.5], "texture": "#0"},
				"down": {"uv": [8.75, 7.75, 8, 8], "texture": "#0"}
			}
		},
		{
			"from": [13.5, 15.5, 7.6],
			"to": [15.5, 16.5, 8.4],
			"rotation": {"angle": -22.5, "axis": "z", "origin": [15.5, 24.125, 8]},
			"faces": {
				"north": {"uv": [8.5, 6.25, 9, 6.5], "texture": "#0"},
				"east": {"uv": [3.5, 8.25, 3.75, 8.5], "texture": "#0"},
				"south": {"uv": [6.5, 8.5, 7, 8.75], "texture": "#0"},
				"west": {"uv": [5.25, 8.75, 5.5, 9], "texture": "#0"},
				"up": {"uv": [7.5, 8.75, 7, 8.5], "texture": "#0"},
				"down": {"uv": [8.25, 8.5, 7.75, 8.75], "texture": "#0"}
			}
		},
		{
			"from": [10.37548, 14.53922, 7.7],
			"to": [12.27548, 16.93922, 8.3],
			"rotation": {"angle": 0, "axis": "z", "origin": [11.27548, 16.53922, 8]},
			"faces": {
				"north": {"uv": [7.75, 2.75, 8.25, 3.25], "texture": "#0"},
				"east": {"uv": [8.25, 8.5, 8.5, 9], "texture": "#0"},
				"south": {"uv": [7.75, 3.25, 8.25, 3.75], "texture": "#0"},
				"west": {"uv": [8.5, 8.25, 8.75, 8.75], "texture": "#0"},
				"up": {"uv": [0.5, 9, 0, 8.75], "texture": "#0"},
				"down": {"uv": [1, 8.75, 0.5, 9], "texture": "#0"}
			}
		},
		{
			"from": [5, 21.5, 7.4],
			"to": [7, 26.75, 8.6],
			"rotation": {"angle": 0, "axis": "y", "origin": [16, 0, 0]},
			"faces": {
				"north": {"uv": [5.5, 6, 6, 7.25], "texture": "#0"},
				"east": {"uv": [7, 2.75, 7.25, 4], "texture": "#0"},
				"south": {"uv": [6, 6, 6.5, 7.25], "texture": "#0"},
				"west": {"uv": [3.5, 7, 3.75, 8.25], "texture": "#0"},
				"up": {"uv": [9.25, 1, 8.75, 0.75], "texture": "#0"},
				"down": {"uv": [1.5, 8.75, 1, 9], "texture": "#0"}
			}
		},
		{
			"from": [-0.75, 22.25, 7.5],
			"to": [5, 26.25, 8.5],
			"rotation": {"angle": 0, "axis": "y", "origin": [16, 0, 0]},
			"faces": {
				"north": {"uv": [3.5, 1, 5, 2], "texture": "#0"},
				"east": {"uv": [5.5, 7.75, 5.75, 8.75], "texture": "#0"},
				"south": {"uv": [3.5, 2, 5, 3], "texture": "#0"},
				"west": {"uv": [5.75, 7.75, 6, 8.75], "texture": "#0"},
				"up": {"uv": [5, 7, 3.5, 6.75], "texture": "#0"},
				"down": {"uv": [8.5, 1.5, 7, 1.75], "texture": "#0"}
			}
		},
		{
			"from": [-1.5, 25.25, 7.6],
			"to": [2.5, 29.5, 8.4],
			"rotation": {"angle": -22.5, "axis": "z", "origin": [0.5, 24.125, 8]},
			"faces": {
				"north": {"uv": [5, 0, 6, 1], "texture": "#0"},
				"east": {"uv": [6, 7.75, 6.25, 8.75], "texture": "#0"},
				"south": {"uv": [5, 1, 6, 2], "texture": "#0"},
				"west": {"uv": [7.75, 6, 8, 7], "texture": "#0"},
				"up": {"uv": [8.75, 7.25, 7.75, 7], "texture": "#0"},
				"down": {"uv": [8.75, 7.25, 7.75, 7.5], "texture": "#0"}
			}
		},
		{
			"from": [-1.5, 29.5, 7.6],
			"to": [1.5, 30.5, 8.4],
			"rotation": {"angle": -22.5, "axis": "z", "origin": [0.5, 24.125, 8]},
			"faces": {
				"north": {"uv": [8, 8, 8.75, 8.25], "texture": "#0"},
				"east": {"uv": [5.5, 8.75, 5.75, 9], "texture": "#0"},
				"south": {"uv": [0, 8.25, 0.75, 8.5], "texture": "#0"},
				"west": {"uv": [5.75, 8.75, 6, 9], "texture": "#0"},
				"up": {"uv": [9, 3, 8.25, 2.75], "texture": "#0"},
				"down": {"uv": [9, 3, 8.25, 3.25], "texture": "#0"}
			}
		},
		{
			"from": [-1.5, 18.75, 7.6],
			"to": [2.5, 23, 8.4],
			"rotation": {"angle": 22.5, "axis": "z", "origin": [0.5, 24.125, 8]},
			"faces": {
				"north": {"uv": [5, 2, 6, 3], "texture": "#0"},
				"east": {"uv": [6.25, 7.75, 6.5, 8.75], "texture": "#0"},
				"south": {"uv": [2.5, 5, 3.5, 6], "texture": "#0"},
				"west": {"uv": [7.75, 7.5, 8, 8.5], "texture": "#0"},
				"up": {"uv": [1, 8.25, 0, 8], "texture": "#0"},
				"down": {"uv": [9, 0, 8, 0.25], "texture": "#0"}
			}
		},
		{
			"from": [-0.5, 16.5, 7.6],
			"to": [2.5, 18.75, 8.4],
			"rotation": {"angle": 22.5, "axis": "z", "origin": [0.5, 24.125, 8]},
			"faces": {
				"north": {"uv": [7, 1.75, 7.75, 2.25], "texture": "#0"},
				"east": {"uv": [8.75, 1, 9, 1.5], "texture": "#0"},
				"south": {"uv": [7, 2.25, 7.75, 2.75], "texture": "#0"},
				"west": {"uv": [1.5, 8.75, 1.75, 9.25], "texture": "#0"},
				"up": {"uv": [9, 3.5, 8.25, 3.25], "texture": "#0"},
				"down": {"uv": [9, 3.5, 8.25, 3.75], "texture": "#0"}
			}
		},
		{
			"from": [0.5, 15.5, 7.6],
			"to": [2.5, 16.5, 8.4],
			"rotation": {"angle": 22.5, "axis": "z", "origin": [0.5, 24.125, 8]},
			"faces": {
				"north": {"uv": [1.75, 8.75, 2.25, 9], "texture": "#0"},
				"east": {"uv": [6, 8.75, 6.25, 9], "texture": "#0"},
				"south": {"uv": [2.25, 8.75, 2.75, 9], "texture": "#0"},
				"west": {"uv": [6.25, 8.75, 6.5, 9], "texture": "#0"},
				"up": {"uv": [3.25, 9, 2.75, 8.75], "texture": "#0"},
				"down": {"uv": [3.75, 8.75, 3.25, 9], "texture": "#0"}
			}
		},
		{
			"from": [3.72452, 14.53922, 7.7],
			"to": [5.62452, 16.93922, 8.3],
			"rotation": {"angle": 0, "axis": "z", "origin": [4.72452, 16.53922, 8]},
			"faces": {
				"north": {"uv": [8, 0.25, 8.5, 0.75], "texture": "#0"},
				"east": {"uv": [3.75, 8.75, 4, 9.25], "texture": "#0"},
				"south": {"uv": [1, 8, 1.5, 8.5], "texture": "#0"},
				"west": {"uv": [4, 8.75, 4.25, 9.25], "texture": "#0"},
				"up": {"uv": [4.75, 9, 4.25, 8.75], "texture": "#0"},
				"down": {"uv": [5.25, 8.75, 4.75, 9], "texture": "#0"}
			}
		},
		{
			"from": [6, 22.625, 6.75],
			"to": [10, 25.625, 9.25],
			"faces": {
				"north": {"uv": [5, 3, 6, 3.75], "texture": "#0"},
				"east": {"uv": [6.5, 0, 7.25, 0.75], "texture": "#0"},
				"south": {"uv": [5.5, 3.75, 6.5, 4.5], "texture": "#0"},
				"west": {"uv": [6.5, 0.75, 7.25, 1.5], "texture": "#0"},
				"up": {"uv": [6.5, 5.25, 5.5, 4.5], "texture": "#0"},
				"down": {"uv": [6.5, 5.25, 5.5, 6], "texture": "#0"}
			}
		},
		{
			"from": [6.5, 6, 7],
			"to": [6.5, 8, 9],
			"rotation": {"angle": 45, "axis": "z", "origin": [7, 7, 8]},
			"faces": {
				"north": {"uv": [0, 0, 0, 0.5], "texture": "#0"},
				"east": {"uv": [1.5, 8, 2, 8.5], "texture": "#0"},
				"south": {"uv": [0, 0, 0, 0.5], "texture": "#0"},
				"west": {"uv": [8, 1.75, 8.5, 2.25], "texture": "#0"},
				"up": {"uv": [0, 0.5, 0, 0], "texture": "#0"},
				"down": {"uv": [0, 0, 0, 0.5], "texture": "#0"}
			}
		},
		{
			"from": [7, 5.75, 6.5],
			"to": [9, 7.75, 6.5],
			"rotation": {"angle": -45, "axis": "x", "origin": [8, 6.75, 6.5]},
			"faces": {
				"north": {"uv": [8, 2.25, 8.5, 2.75], "texture": "#0"},
				"east": {"uv": [0, 0, 0, 0.5], "texture": "#0"},
				"south": {"uv": [2.5, 8, 3, 8.5], "texture": "#0"},
				"west": {"uv": [0, 0, 0, 0.5], "texture": "#0"},
				"up": {"uv": [0.5, 0, 0, 0], "texture": "#0"},
				"down": {"uv": [0.5, 0, 0, 0], "texture": "#0"}
			}
		},
		{
			"from": [7, 5.75, 9.5],
			"to": [9, 7.75, 9.5],
			"rotation": {"angle": 45, "axis": "x", "origin": [8, 6.75, 9.5]},
			"faces": {
				"north": {"uv": [3, 8, 3.5, 8.5], "texture": "#0"},
				"east": {"uv": [0, 0, 0, 0.5], "texture": "#0"},
				"south": {"uv": [3.75, 8, 4.25, 8.5], "texture": "#0"},
				"west": {"uv": [0, 0, 0, 0.5], "texture": "#0"},
				"up": {"uv": [0.5, 0, 0, 0], "texture": "#0"},
				"down": {"uv": [0.5, 0, 0, 0], "texture": "#0"}
			}
		},
		{
			"from": [7, -9.65, 9.5],
			"to": [9, -7.65, 9.5],
			"rotation": {"angle": -45, "axis": "x", "origin": [8, -8.65, 9.5]},
			"faces": {
				"north": {"uv": [8, 3.75, 8.5, 4.25], "texture": "#0"},
				"east": {"uv": [0, 0, 0, 0.5], "texture": "#0"},
				"south": {"uv": [4.25, 8, 4.75, 8.5], "texture": "#0"},
				"west": {"uv": [0, 0, 0, 0.5], "texture": "#0"},
				"up": {"uv": [0.5, 0, 0, 0], "texture": "#0"},
				"down": {"uv": [0.5, 0, 0, 0], "texture": "#0"}
			}
		},
		{
			"from": [7, -9.65, 6.5],
			"to": [9, -7.65, 6.5],
			"rotation": {"angle": 45, "axis": "x", "origin": [8, -8.65, 6.5]},
			"faces": {
				"north": {"uv": [8, 4.25, 8.5, 4.75], "texture": "#0"},
				"east": {"uv": [0, 0, 0, 0.5], "texture": "#0"},
				"south": {"uv": [4.75, 8, 5.25, 8.5], "texture": "#0"},
				"west": {"uv": [0, 0, 0, 0.5], "texture": "#0"},
				"up": {"uv": [0.5, 0, 0, 0], "texture": "#0"},
				"down": {"uv": [0.5, 0, 0, 0], "texture": "#0"}
			}
		},
		{
			"from": [9.5, 6, 7],
			"to": [9.5, 8, 9],
			"rotation": {"angle": -45, "axis": "z", "origin": [9, 7, 8]},
			"faces": {
				"north": {"uv": [0, 0, 0, 0.5], "texture": "#0"},
				"east": {"uv": [8, 4.75, 8.5, 5.25], "texture": "#0"},
				"south": {"uv": [0, 0, 0, 0.5], "texture": "#0"},
				"west": {"uv": [8, 5.5, 8.5, 6], "texture": "#0"},
				"up": {"uv": [0, 0.5, 0, 0], "texture": "#0"},
				"down": {"uv": [0, 0, 0, 0.5], "texture": "#0"}
			}
		},
		{
			"from": [9.25, -9.25, 7],
			"to": [9.25, -7.25, 9],
			"rotation": {"angle": 45, "axis": "z", "origin": [9.75, -8.25, 8]},
			"faces": {
				"north": {"uv": [0, 0, 0, 0.5], "texture": "#0"},
				"east": {"uv": [8, 6, 8.5, 6.5], "texture": "#0"},
				"south": {"uv": [0, 0, 0, 0.5], "texture": "#0"},
				"west": {"uv": [6.5, 8, 7, 8.5], "texture": "#0"},
				"up": {"uv": [0, 0.5, 0, 0], "texture": "#0"},
				"down": {"uv": [0, 0, 0, 0.5], "texture": "#0"}
			}
		},
		{
			"from": [6.75, -9.25, 7],
			"to": [6.75, -7.25, 9],
			"rotation": {"angle": -45, "axis": "z", "origin": [6.25, -8.25, 8]},
			"faces": {
				"north": {"uv": [0, 0, 0, 0.5], "texture": "#0"},
				"east": {"uv": [3.75, 7, 4.25, 7.5], "texture": "#0"},
				"south": {"uv": [0, 0, 0, 0.5], "texture": "#0"},
				"west": {"uv": [7, 4, 7.5, 4.5], "texture": "#0"},
				"up": {"uv": [0, 0.5, 0, 0], "texture": "#0"},
				"down": {"uv": [0, 0, 0, 0.5], "texture": "#0"}
			}
		},
		{
			"from": [5.1, 21.625, 6.9],
			"to": [7, 23.625, 9.1],
			"rotation": {"angle": 0, "axis": "y", "origin": [7, 21.625, 8]},
			"faces": {
				"north": {"uv": [8.75, 7, 9.225, 7.5], "texture": "#0"},
				"east": {"uv": [10.25, 6.5, 10.8, 7], "texture": "#0"},
				"south": {"uv": [9.25, 5.25, 9.725, 5.75], "texture": "#0"},
				"west": {"uv": [9.25, 5.25, 9.8, 5.75], "texture": "#0"},
				"up": {"uv": [10, 1, 10.475, 1.55], "texture": "#0"},
				"down": {"uv": [2.75, 9.5, 3.225, 10.05], "texture": "#0"}
			}
		},
		{
			"from": [9, 21.625, 6.9],
			"to": [10.9, 23.625, 9.1],
			"rotation": {"angle": 0, "axis": "y", "origin": [10.9, 21.625, 8]},
			"faces": {
				"north": {"uv": [9.75, 8.75, 10.225, 9.25], "texture": "#0"},
				"east": {"uv": [6.25, 9.25, 6.8, 9.75], "texture": "#0"},
				"south": {"uv": [9.25, 3, 9.725, 3.5], "texture": "#0"},
				"west": {"uv": [10.25, 0.75, 10.8, 1.25], "texture": "#0"},
				"up": {"uv": [10, 0.5, 10.475, 1.05], "texture": "#0"},
				"down": {"uv": [0.5, 9.5, 0.975, 10.05], "texture": "#0"}
			}
		}
	],
	"gui_light": "front",
	"display": {
		"thirdperson_righthand": {
			"rotation": [0, 90, 0],
			"translation": [-0.5, 4, 1.75],
			"scale": [0.7, 0.7, 0.7]
		},
		"thirdperson_lefthand": {
			"rotation": [0, 90, 0],
			"translation": [-0.5, 4, 1.75],
			"scale": [0.7, 0.7, 0.7]
		},
		"firstperson_righthand": {
			"rotation": [0, 90, 7],
			"translation": [0.5, 2.5, 0.75],
			"scale": [0.6, 0.6, 0.6]
		},
		"firstperson_lefthand": {
			"rotation": [0, 90, 7],
			"translation": [0.5, 2.5, 0.75],
			"scale": [0.6, 0.6, 0.6]
		},
		"ground": {
			"translation": [0, 9.5, 0],
			"scale": [0.5, 0.5, 0.5]
		},
		"gui": {
			"rotation": [0, 0, -45],
			"translation": [-1, -0.5, 0],
			"scale": [0.45, 0.45, 1]
		}
	}
}