{
	"credit": "Made with Blockbench",
	"texture_size": [32, 32],
	"textures": {
		"0": "item/bludgeons",
		"particle": "bludgeons"
	},
	"elements": [
		{
			"from": [6.5, -4.75, 7],
			"to": [9.5, -1.75, 9],
			"rotation": {"angle": -45, "axis": "z", "origin": [8, -3.25, 8]},
			"faces": {
				"north": {"uv": [7, 3, 8.5, 4.5], "texture": "#0"},
				"east": {"uv": [7, 6, 8, 7.5], "texture": "#0"},
				"south": {"uv": [7, 4.5, 8.5, 6], "texture": "#0"},
				"west": {"uv": [7, 7.5, 8, 9], "texture": "#0"},
				"up": {"uv": [9.5, 7, 8, 6], "texture": "#0"},
				"down": {"uv": [9.5, 7, 8, 8], "texture": "#0"}
			}
		},
		{
			"from": [7, -2.25, 7.25],
			"to": [9, 15, 8.75],
			"rotation": {"angle": 0, "axis": "y", "origin": [7.25, 0, 7.25]},
			"faces": {
				"north": {"uv": [3, 6, 4, 14.5], "texture": "#0"},
				"east": {"uv": [6, 3, 7, 11.5], "texture": "#0"},
				"south": {"uv": [4, 6, 5, 14.5], "texture": "#0"},
				"west": {"uv": [5, 6, 6, 14.5], "texture": "#0"},
				"up": {"uv": [1, 10, 0, 9], "texture": "#0"},
				"down": {"uv": [10, 0, 9, 1], "texture": "#0"}
			}
		},
		{
			"from": [5.25, 17, 5.25],
			"to": [10.75, 22.5, 10.75],
			"rotation": {"angle": 0, "axis": "y", "origin": [7.75, 19.25, 7.25]},
			"faces": {
				"north": {"uv": [0, 0, 3, 3], "texture": "#0"},
				"east": {"uv": [0, 3, 3, 6], "texture": "#0"},
				"south": {"uv": [3, 0, 6, 3], "texture": "#0"},
				"west": {"uv": [3, 3, 6, 6], "texture": "#0"},
				"up": {"uv": [3, 9, 0, 6], "texture": "#0"},
				"down": {"uv": [9, 0, 6, 3], "texture": "#0"}
			}
		},
		{
			"from": [6.5, 15, 7],
			"to": [9.5, 17.25, 9],
			"rotation": {"angle": 0, "axis": "y", "origin": [7.75, 17.25, 7.25]},
			"faces": {
				"north": {"uv": [8, 8, 9.5, 9], "texture": "#0"},
				"east": {"uv": [1, 9, 2, 10], "texture": "#0"},
				"south": {"uv": [8.5, 3, 10, 4], "texture": "#0"},
				"west": {"uv": [9, 1, 10, 2], "texture": "#0"},
				"up": {"uv": [10, 5, 8.5, 4], "texture": "#0"},
				"down": {"uv": [10, 5, 8.5, 6], "texture": "#0"}
			}
		}
	],
	"gui_light": "front",
	"display": {
		"thirdperson_righthand": {
			"rotation": [0, 90, 0],
			"translation": [0, 2.5, 1.25],
			"scale": [0.7, 0.7, 0.7]
		},
		"thirdperson_lefthand": {
			"rotation": [0, 90, 0],
			"translation": [0, 2.5, 1.25],
			"scale": [0.7, 0.7, 0.7]
		},
		"firstperson_righthand": {
			"rotation": [0, 90, 9],
			"translation": [2, 2.5, 1.25],
			"scale": [0.6, 0.6, 0.6]
		},
		"firstperson_lefthand": {
			"rotation": [0, 90, 9],
			"translation": [2, 2.5, 1.25],
			"scale": [0.6, 0.6, 0.6]
		},
		"ground": {
			"translation": [0, 4.5, 0],
			"scale": [0.5, 0.5, 0.5]
		},
		"gui": {
			"rotation": [0, 0, -45],
			"translation": [-0.75, -0.75, 0],
			"scale": [0.7, 0.7, 0.7]
		}
	}
}