{
	"credit": "Made with Blockbench",
	"texture_size": [32, 32],
	"textures": {
		"0": "item/breezesword",
		"particle": "breezesword"
	},
	"elements": [
		{
			"from": [7.25, -4, 7.25],
			"to": [8.75, 2, 8.75],
			"rotation": {"angle": 0, "axis": "y", "origin": [6.75, 0, 7.25]},
			"faces": {
				"north": {"uv": [8, 0, 9, 3], "texture": "#0"},
				"east": {"uv": [8, 3, 9, 6], "texture": "#0"},
				"south": {"uv": [8, 6, 9, 9], "texture": "#0"},
				"west": {"uv": [9, 0, 10, 3], "texture": "#0"},
				"up": {"uv": [2.5, 10.5, 1.5, 9.5], "texture": "#0"},
				"down": {"uv": [3.5, 9.5, 2.5, 10.5], "texture": "#0"}
			}
		},
		{
			"from": [7.25, -6, 7],
			"to": [8.75, -4, 9],
			"rotation": {"angle": 0, "axis": "y", "origin": [7, -6, 7]},
			"faces": {
				"north": {"uv": [3.5, 9.5, 4.5, 10.5], "texture": "#0"},
				"east": {"uv": [4.5, 9.5, 5.5, 10.5], "texture": "#0"},
				"south": {"uv": [5.5, 9.5, 6.5, 10.5], "texture": "#0"},
				"west": {"uv": [6.5, 9.5, 7.5, 10.5], "texture": "#0"},
				"up": {"uv": [11, 1, 10, 0], "texture": "#0"},
				"down": {"uv": [11, 1, 10, 2], "texture": "#0"}
			}
		},
		{
			"from": [6.25, 2, 7],
			"to": [9.75, 4, 9],
			"rotation": {"angle": 0, "axis": "y", "origin": [7, 2, 7]},
			"faces": {
				"north": {"uv": [9, 3, 11, 4], "texture": "#0"},
				"east": {"uv": [10, 2, 11, 3], "texture": "#0"},
				"south": {"uv": [9, 4, 11, 5], "texture": "#0"},
				"west": {"uv": [7.5, 10, 8.5, 11], "texture": "#0"},
				"up": {"uv": [11, 6, 9, 5], "texture": "#0"},
				"down": {"uv": [11, 6, 9, 7], "texture": "#0"}
			}
		},
		{
			"from": [9.75, 2.25, 7],
			"to": [10.75, 4, 9],
			"rotation": {"angle": 0, "axis": "y", "origin": [10.5, 2, 7]},
			"faces": {
				"north": {"uv": [7, 10.5, 7.5, 11.5], "texture": "#0"},
				"east": {"uv": [8.5, 10, 9.5, 11], "texture": "#0"},
				"south": {"uv": [11, 2.5, 11.5, 3.5], "texture": "#0"},
				"west": {"uv": [10, 9, 11, 10], "texture": "#0"},
				"up": {"uv": [11.5, 4.5, 11, 3.5], "texture": "#0"},
				"down": {"uv": [11.5, 4.5, 11, 5.5], "texture": "#0"}
			}
		},
		{
			"from": [5.25, 2.25, 7],
			"to": [6.25, 4, 9],
			"rotation": {"angle": 0, "axis": "y", "origin": [6, 2, 7]},
			"faces": {
				"north": {"uv": [5, 11, 5.5, 12], "texture": "#0"},
				"east": {"uv": [9.5, 10, 10.5, 11], "texture": "#0"},
				"south": {"uv": [5.5, 11, 6, 12], "texture": "#0"},
				"west": {"uv": [0, 10.5, 1, 11.5], "texture": "#0"},
				"up": {"uv": [11.5, 6.5, 11, 5.5], "texture": "#0"},
				"down": {"uv": [6.5, 11, 6, 12], "texture": "#0"}
			}
		},
		{
			"from": [6.5, -5.75, 7],
			"to": [7.25, -4, 9],
			"rotation": {"angle": 0, "axis": "y", "origin": [5, -6, 7]},
			"faces": {
				"north": {"uv": [6.5, 11, 7, 12], "texture": "#0"},
				"east": {"uv": [1, 10.5, 2, 11.5], "texture": "#0"},
				"south": {"uv": [11, 6.5, 11.5, 7.5], "texture": "#0"},
				"west": {"uv": [2, 10.5, 3, 11.5], "texture": "#0"},
				"up": {"uv": [8, 12, 7.5, 11], "texture": "#0"},
				"down": {"uv": [8.5, 11, 8, 12], "texture": "#0"}
			}
		},
		{
			"from": [8.75, -5.75, 7],
			"to": [9.5, -4, 9],
			"rotation": {"angle": 0, "axis": "y", "origin": [7.25, -6, 7]},
			"faces": {
				"north": {"uv": [8.5, 11, 9, 12], "texture": "#0"},
				"east": {"uv": [3, 10.5, 4, 11.5], "texture": "#0"},
				"south": {"uv": [9, 11, 9.5, 12], "texture": "#0"},
				"west": {"uv": [4, 10.5, 5, 11.5], "texture": "#0"},
				"up": {"uv": [11.5, 10, 11, 9], "texture": "#0"},
				"down": {"uv": [10, 11, 9.5, 12], "texture": "#0"}
			}
		},
		{
			"from": [6.75, 3, 7.5],
			"to": [9.25, 22, 8.5],
			"rotation": {"angle": 0, "axis": "y", "origin": [7, 3, 7]},
			"faces": {
				"north": {"uv": [0, 0, 1.5, 9.5], "texture": "#0"},
				"east": {"uv": [3, 0, 3.5, 9.5], "texture": "#0"},
				"south": {"uv": [1.5, 0, 3, 9.5], "texture": "#0"},
				"west": {"uv": [3.5, 0, 4, 9.5], "texture": "#0"},
				"up": {"uv": [12, 9, 10.5, 8.5], "texture": "#0"},
				"down": {"uv": [12.5, 1, 11, 1.5], "texture": "#0"}
			}
		},
		{
			"from": [5.75, 3, 7.6],
			"to": [6.75, 22, 8.4],
			"rotation": {"angle": 0, "axis": "y", "origin": [6, 3, 7]},
			"faces": {
				"north": {"uv": [4, 0, 4.5, 9.5], "texture": "#0"},
				"east": {"uv": [4.5, 0, 5, 9.5], "texture": "#0"},
				"south": {"uv": [5, 0, 5.5, 9.5], "texture": "#0"},
				"west": {"uv": [5.5, 0, 6, 9.5], "texture": "#0"},
				"up": {"uv": [8, 10, 7.5, 9.5], "texture": "#0"},
				"down": {"uv": [3, 11.5, 2.5, 12], "texture": "#0"}
			}
		},
		{
			"from": [9.25, 3, 7.6],
			"to": [10.25, 22, 8.4],
			"rotation": {"angle": 0, "axis": "y", "origin": [9.5, 3, 7]},
			"faces": {
				"north": {"uv": [6, 0, 6.5, 9.5], "texture": "#0"},
				"east": {"uv": [6.5, 0, 7, 9.5], "texture": "#0"},
				"south": {"uv": [7, 0, 7.5, 9.5], "texture": "#0"},
				"west": {"uv": [7.5, 0, 8, 9.5], "texture": "#0"},
				"up": {"uv": [12, 3, 11.5, 2.5], "texture": "#0"},
				"down": {"uv": [3.5, 11.5, 3, 12], "texture": "#0"}
			}
		},
		{
			"from": [6.25, 22, 7.6],
			"to": [9.75, 24.25, 8.4],
			"rotation": {"angle": 0, "axis": "y", "origin": [7, 10, 7]},
			"faces": {
				"north": {"uv": [9, 7, 11, 8], "texture": "#0"},
				"east": {"uv": [10, 11, 10.5, 12], "texture": "#0"},
				"south": {"uv": [8, 9, 10, 10], "texture": "#0"},
				"west": {"uv": [10.5, 11, 11, 12], "texture": "#0"},
				"up": {"uv": [7, 11, 5, 10.5], "texture": "#0"},
				"down": {"uv": [12.5, 8, 10.5, 8.5], "texture": "#0"}
			}
		},
		{
			"from": [6.75, 24.25, 7.7],
			"to": [9.25, 26.5, 8.3],
			"rotation": {"angle": 0, "axis": "y", "origin": [7, 15, 7]},
			"faces": {
				"north": {"uv": [9, 8, 10.5, 9], "texture": "#0"},
				"east": {"uv": [11, 11, 11.5, 12], "texture": "#0"},
				"south": {"uv": [0, 9.5, 1.5, 10.5], "texture": "#0"},
				"west": {"uv": [0, 11.5, 0.5, 12.5], "texture": "#0"},
				"up": {"uv": [12.5, 2, 11, 1.5], "texture": "#0"},
				"down": {"uv": [12.5, 2, 11, 2.5], "texture": "#0"}
			}
		},
		{
			"from": [7.25, 26.5, 7.8],
			"to": [8.75, 28, 8.2],
			"rotation": {"angle": 0, "axis": "y", "origin": [7, 17.25, 7]},
			"faces": {
				"north": {"uv": [10.5, 10, 11.5, 11], "texture": "#0"},
				"east": {"uv": [0.5, 11.5, 1, 12.5], "texture": "#0"},
				"south": {"uv": [11, 0, 12, 1], "texture": "#0"},
				"west": {"uv": [1, 11.5, 1.5, 12.5], "texture": "#0"},
				"up": {"uv": [12, 8, 11, 7.5], "texture": "#0"},
				"down": {"uv": [2.5, 11.5, 1.5, 12], "texture": "#0"}
			}
		}
	],
	"gui_light": "front",
	"display": {
		"thirdperson_righthand": {
			"rotation": [0, -90, 0],
			"translation": [-0.25, 3.5, 0.75],
			"scale": [0.6, 0.6, 0.6]
		},
		"thirdperson_lefthand": {
			"rotation": [0, -90, 0],
			"translation": [-0.25, 3.5, 0.75],
			"scale": [0.6, 0.6, 0.6]
		},
		"firstperson_righthand": {
			"rotation": [9, -90, 0],
			"translation": [1, 2.75, 0.75],
			"scale": [0.5, 0.5, 0.5]
		},
		"firstperson_lefthand": {
			"rotation": [9, -90, 0],
			"translation": [1, 2.75, 0.75],
			"scale": [0.5, 0.5, 0.5]
		},
		"ground": {
			"translation": [0, 4.75, 0],
			"scale": [0.5, 0.5, 0.5]
		},
		"gui": {
			"rotation": [0, 0, -45],
			"translation": [-1, -1, 0],
			"scale": [0.6, 0.6, 0.6]
		}
	}
}