{
	"credit": "Made with Blockbench",
	"texture_size": [64, 64],
	"textures": {
		"0": "item/cactusclub",
		"particle": "cactusclub"
	},
	"elements": [
		{
			"from": [7.25, -5.7, 7.25],
			"to": [8.75, 3, 8.75],
			"rotation": {"angle": 0, "axis": "y", "origin": [7.25, -5, 7.25]},
			"faces": {
				"north": {"uv": [5, 6.75, 5.5, 9], "texture": "#0"},
				"east": {"uv": [5.5, 6.75, 6, 9], "texture": "#0"},
				"south": {"uv": [7.5, 7, 8, 9.25], "texture": "#0"},
				"west": {"uv": [2, 7.75, 2.5, 10], "texture": "#0"},
				"up": {"uv": [5, 8.25, 4.5, 7.75], "texture": "#0"},
				"down": {"uv": [6.5, 8, 6, 8.5], "texture": "#0"}
			}
		},
		{
			"from": [6.25, 3, 6.25],
			"to": [9.75, 4, 9.75],
			"rotation": {"angle": 0, "axis": "y", "origin": [7.25, -4, 7.25]},
			"faces": {
				"north": {"uv": [6.5, 8, 7.5, 8.25], "texture": "#0"},
				"east": {"uv": [8, 7, 9, 7.25], "texture": "#0"},
				"south": {"uv": [8, 7.25, 9, 7.5], "texture": "#0"},
				"west": {"uv": [8, 7.5, 9, 7.75], "texture": "#0"},
				"up": {"uv": [3.5, 8.75, 2.5, 7.75], "texture": "#0"},
				"down": {"uv": [4.5, 7.75, 3.5, 8.75], "texture": "#0"}
			}
		},
		{
			"from": [5.25, 4, 5.25],
			"to": [10.75, 8, 10.75],
			"rotation": {"angle": 0, "axis": "y", "origin": [7.25, -3, 7.25]},
			"faces": {
				"north": {"uv": [2, 6.75, 3.5, 7.75], "texture": "#0"},
				"east": {"uv": [3.5, 6.75, 5, 7.75], "texture": "#0"},
				"south": {"uv": [7.5, 5, 9, 6], "texture": "#0"},
				"west": {"uv": [7.5, 6, 9, 7], "texture": "#0"},
				"up": {"uv": [7.5, 6.5, 6, 5], "texture": "#0"},
				"down": {"uv": [7.5, 6.5, 6, 8], "texture": "#0"}
			}
		},
		{
			"from": [6.95, -7.1, 6.95],
			"to": [9.05, -5, 9.05],
			"rotation": {"angle": 45, "axis": "z", "origin": [8, -6.05, 8]},
			"faces": {
				"north": {"uv": [8, 7.75, 8.5, 8.25], "texture": "#0"},
				"east": {"uv": [4.5, 8.25, 5, 8.75], "texture": "#0"},
				"south": {"uv": [6.5, 8.25, 7, 8.75], "texture": "#0"},
				"west": {"uv": [7, 8.25, 7.5, 8.75], "texture": "#0"},
				"up": {"uv": [8.5, 8.75, 8, 8.25], "texture": "#0"},
				"down": {"uv": [9, 0, 8.5, 0.5], "texture": "#0"}
			}
		},
		{
			"from": [4.25, 8, 4.25],
			"to": [11.75, 27, 11.75],
			"rotation": {"angle": 0, "axis": "y", "origin": [7.25, 4, 7.25]},
			"faces": {
				"north": {"uv": [0, 0, 2, 4.75], "texture": "#0"},
				"east": {"uv": [2, 0, 4, 4.75], "texture": "#0"},
				"south": {"uv": [4, 0, 6, 4.75], "texture": "#0"},
				"west": {"uv": [0, 4.75, 2, 9.5], "texture": "#0"},
				"up": {"uv": [4, 6.75, 2, 4.75], "texture": "#0"},
				"down": {"uv": [6, 4.75, 4, 6.75], "texture": "#0"}
			}
		},
		{
			"from": [8, 27, 3],
			"to": [8, 32, 13],
			"rotation": {"angle": -45, "axis": "y", "origin": [8, 29.5, 8]},
			"faces": {
				"north": {"uv": [0, 0, 0, 1.25], "texture": "#0"},
				"east": {"uv": [6, 0, 8.5, 1.25], "texture": "#0"},
				"south": {"uv": [0, 0, 0, 1.25], "texture": "#0"},
				"west": {"uv": [6, 1.25, 8.5, 2.5], "texture": "#0"},
				"up": {"uv": [0, 2.5, 0, 0], "texture": "#0"},
				"down": {"uv": [0, 0, 0, 2.5], "texture": "#0"}
			}
		},
		{
			"from": [3, 27, 8],
			"to": [13, 32, 8],
			"rotation": {"angle": -45, "axis": "y", "origin": [8, 29.5, 8]},
			"faces": {
				"north": {"uv": [6, 2.5, 8.5, 3.75], "texture": "#0"},
				"east": {"uv": [0, 0, 0, 1.25], "texture": "#0"},
				"south": {"uv": [6, 3.75, 8.5, 5], "texture": "#0"},
				"west": {"uv": [0, 0, 0, 1.25], "texture": "#0"},
				"up": {"uv": [2.5, 0, 0, 0], "texture": "#0"},
				"down": {"uv": [2.5, 0, 0, 0], "texture": "#0"}
			}
		},
		{
			"from": [3.25, 10, 4.25],
			"to": [4.25, 11, 4.25],
			"rotation": {"angle": 0, "axis": "y", "origin": [2.25, 10, 3.25]},
			"faces": {
				"north": {"uv": [8.5, 0.5, 8.75, 0.75], "texture": "#0"},
				"east": {"uv": [0, 0, 0, 0.25], "texture": "#0"},
				"south": {"uv": [8.5, 0.75, 8.75, 1], "texture": "#0"},
				"west": {"uv": [0, 0, 0, 0.25], "texture": "#0"},
				"up": {"uv": [0.25, 0, 0, 0], "texture": "#0"},
				"down": {"uv": [0.25, 0, 0, 0], "texture": "#0"}
			}
		},
		{
			"from": [3.25, 17, 4.25],
			"to": [4.25, 18, 4.25],
			"rotation": {"angle": 0, "axis": "y", "origin": [2.25, 17, 3.25]},
			"faces": {
				"north": {"uv": [8.5, 1, 8.75, 1.25], "texture": "#0"},
				"east": {"uv": [0, 0, 0, 0.25], "texture": "#0"},
				"south": {"uv": [8.5, 1.25, 8.75, 1.5], "texture": "#0"},
				"west": {"uv": [0, 0, 0, 0.25], "texture": "#0"},
				"up": {"uv": [0.25, 0, 0, 0], "texture": "#0"},
				"down": {"uv": [0.25, 0, 0, 0], "texture": "#0"}
			}
		},
		{
			"from": [11.75, 13.5, 4.25],
			"to": [12.75, 14.5, 4.25],
			"rotation": {"angle": 0, "axis": "y", "origin": [10.75, 13.5, 3.25]},
			"faces": {
				"north": {"uv": [8.5, 1.5, 8.75, 1.75], "texture": "#0"},
				"east": {"uv": [0, 0, 0, 0.25], "texture": "#0"},
				"south": {"uv": [8.5, 1.75, 8.75, 2], "texture": "#0"},
				"west": {"uv": [0, 0, 0, 0.25], "texture": "#0"},
				"up": {"uv": [0.25, 0, 0, 0], "texture": "#0"},
				"down": {"uv": [0.25, 0, 0, 0], "texture": "#0"}
			}
		},
		{
			"from": [11.75, 10, 11.75],
			"to": [12.75, 11, 11.75],
			"rotation": {"angle": 0, "axis": "y", "origin": [10.75, 10, 10.75]},
			"faces": {
				"north": {"uv": [8.5, 2, 8.75, 2.25], "texture": "#0"},
				"east": {"uv": [0, 0, 0, 0.25], "texture": "#0"},
				"south": {"uv": [8.5, 2.25, 8.75, 2.5], "texture": "#0"},
				"west": {"uv": [0, 0, 0, 0.25], "texture": "#0"},
				"up": {"uv": [0.25, 0, 0, 0], "texture": "#0"},
				"down": {"uv": [0.25, 0, 0, 0], "texture": "#0"}
			}
		},
		{
			"from": [11.75, 17, 11.75],
			"to": [12.75, 18, 11.75],
			"rotation": {"angle": 0, "axis": "y", "origin": [10.75, 17, 10.75]},
			"faces": {
				"north": {"uv": [8.5, 2.5, 8.75, 2.75], "texture": "#0"},
				"east": {"uv": [0, 0, 0, 0.25], "texture": "#0"},
				"south": {"uv": [8.5, 2.75, 8.75, 3], "texture": "#0"},
				"west": {"uv": [0, 0, 0, 0.25], "texture": "#0"},
				"up": {"uv": [0.25, 0, 0, 0], "texture": "#0"},
				"down": {"uv": [0.25, 0, 0, 0], "texture": "#0"}
			}
		},
		{
			"from": [3.25, 20.5, 11.75],
			"to": [4.25, 21.5, 11.75],
			"rotation": {"angle": 0, "axis": "y", "origin": [2.25, 20.5, 10.75]},
			"faces": {
				"north": {"uv": [8.5, 3, 8.75, 3.25], "texture": "#0"},
				"east": {"uv": [0, 0, 0, 0.25], "texture": "#0"},
				"south": {"uv": [8.5, 3.25, 8.75, 3.5], "texture": "#0"},
				"west": {"uv": [0, 0, 0, 0.25], "texture": "#0"},
				"up": {"uv": [0.25, 0, 0, 0], "texture": "#0"},
				"down": {"uv": [0.25, 0, 0, 0], "texture": "#0"}
			}
		},
		{
			"from": [3.25, 13.5, 11.75],
			"to": [4.25, 14.5, 11.75],
			"rotation": {"angle": 0, "axis": "y", "origin": [2.25, 13.5, 10.75]},
			"faces": {
				"north": {"uv": [8.5, 3.5, 8.75, 3.75], "texture": "#0"},
				"east": {"uv": [0, 0, 0, 0.25], "texture": "#0"},
				"south": {"uv": [8.5, 3.75, 8.75, 4], "texture": "#0"},
				"west": {"uv": [0, 0, 0, 0.25], "texture": "#0"},
				"up": {"uv": [0.25, 0, 0, 0], "texture": "#0"},
				"down": {"uv": [0.25, 0, 0, 0], "texture": "#0"}
			}
		},
		{
			"from": [11.75, 24, 11.75],
			"to": [12.75, 25, 11.75],
			"rotation": {"angle": 0, "axis": "y", "origin": [10.75, 24, 10.75]},
			"faces": {
				"north": {"uv": [8.5, 4, 8.75, 4.25], "texture": "#0"},
				"east": {"uv": [0, 0, 0, 0.25], "texture": "#0"},
				"south": {"uv": [8.5, 4.25, 8.75, 4.5], "texture": "#0"},
				"west": {"uv": [0, 0, 0, 0.25], "texture": "#0"},
				"up": {"uv": [0.25, 0, 0, 0], "texture": "#0"},
				"down": {"uv": [0.25, 0, 0, 0], "texture": "#0"}
			}
		},
		{
			"from": [11.75, 20.5, 4.25],
			"to": [12.75, 21.5, 4.25],
			"rotation": {"angle": 0, "axis": "y", "origin": [10.75, 20.5, 3.25]},
			"faces": {
				"north": {"uv": [8.5, 4.5, 8.75, 4.75], "texture": "#0"},
				"east": {"uv": [0, 0, 0, 0.25], "texture": "#0"},
				"south": {"uv": [8.5, 4.75, 8.75, 5], "texture": "#0"},
				"west": {"uv": [0, 0, 0, 0.25], "texture": "#0"},
				"up": {"uv": [0.25, 0, 0, 0], "texture": "#0"},
				"down": {"uv": [0.25, 0, 0, 0], "texture": "#0"}
			}
		},
		{
			"from": [11.75, 24, 3.25],
			"to": [11.75, 25, 4.25],
			"rotation": {"angle": 0, "axis": "y", "origin": [11.75, 24.5, 3.75]},
			"faces": {
				"north": {"uv": [0, 0, 0, 0.25], "texture": "#0"},
				"east": {"uv": [6, 8.5, 6.25, 8.75], "texture": "#0"},
				"south": {"uv": [0, 0, 0, 0.25], "texture": "#0"},
				"west": {"uv": [6.25, 8.5, 6.5, 8.75], "texture": "#0"},
				"up": {"uv": [0, 0.25, 0, 0], "texture": "#0"},
				"down": {"uv": [0, 0, 0, 0.25], "texture": "#0"}
			}
		},
		{
			"from": [11.75, 17, 3.25],
			"to": [11.75, 18, 4.25],
			"rotation": {"angle": 0, "axis": "y", "origin": [11.75, 17.5, 3.75]},
			"faces": {
				"north": {"uv": [0, 0, 0, 0.25], "texture": "#0"},
				"east": {"uv": [8.5, 7.75, 8.75, 8], "texture": "#0"},
				"south": {"uv": [0, 0, 0, 0.25], "texture": "#0"},
				"west": {"uv": [8.5, 8, 8.75, 8.25], "texture": "#0"},
				"up": {"uv": [0, 0.25, 0, 0], "texture": "#0"},
				"down": {"uv": [0, 0, 0, 0.25], "texture": "#0"}
			}
		},
		{
			"from": [11.75, 20.5, 11.75],
			"to": [11.75, 21.5, 12.75],
			"rotation": {"angle": 0, "axis": "y", "origin": [11.75, 21, 12.25]},
			"faces": {
				"north": {"uv": [0, 0, 0, 0.25], "texture": "#0"},
				"east": {"uv": [8.5, 8.25, 8.75, 8.5], "texture": "#0"},
				"south": {"uv": [0, 0, 0, 0.25], "texture": "#0"},
				"west": {"uv": [8.5, 8.5, 8.75, 8.75], "texture": "#0"},
				"up": {"uv": [0, 0.25, 0, 0], "texture": "#0"},
				"down": {"uv": [0, 0, 0, 0.25], "texture": "#0"}
			}
		},
		{
			"from": [11.75, 13.5, 11.75],
			"to": [11.75, 14.5, 12.75],
			"rotation": {"angle": 0, "axis": "y", "origin": [11.75, 14, 12.25]},
			"faces": {
				"north": {"uv": [0, 0, 0, 0.25], "texture": "#0"},
				"east": {"uv": [8.75, 0.5, 9, 0.75], "texture": "#0"},
				"south": {"uv": [0, 0, 0, 0.25], "texture": "#0"},
				"west": {"uv": [8.75, 0.75, 9, 1], "texture": "#0"},
				"up": {"uv": [0, 0.25, 0, 0], "texture": "#0"},
				"down": {"uv": [0, 0, 0, 0.25], "texture": "#0"}
			}
		},
		{
			"from": [11.75, 10, 3.25],
			"to": [11.75, 11, 4.25],
			"rotation": {"angle": 0, "axis": "y", "origin": [11.75, 10.5, 3.75]},
			"faces": {
				"north": {"uv": [0, 0, 0, 0.25], "texture": "#0"},
				"east": {"uv": [8.75, 1, 9, 1.25], "texture": "#0"},
				"south": {"uv": [0, 0, 0, 0.25], "texture": "#0"},
				"west": {"uv": [8.75, 1.25, 9, 1.5], "texture": "#0"},
				"up": {"uv": [0, 0.25, 0, 0], "texture": "#0"},
				"down": {"uv": [0, 0, 0, 0.25], "texture": "#0"}
			}
		},
		{
			"from": [4.25, 13.5, 3.25],
			"to": [4.25, 14.5, 4.25],
			"rotation": {"angle": 0, "axis": "y", "origin": [4.25, 14, 3.75]},
			"faces": {
				"north": {"uv": [0, 0, 0, 0.25], "texture": "#0"},
				"east": {"uv": [8.75, 1.5, 9, 1.75], "texture": "#0"},
				"south": {"uv": [0, 0, 0, 0.25], "texture": "#0"},
				"west": {"uv": [8.75, 1.75, 9, 2], "texture": "#0"},
				"up": {"uv": [0, 0.25, 0, 0], "texture": "#0"},
				"down": {"uv": [0, 0, 0, 0.25], "texture": "#0"}
			}
		},
		{
			"from": [4.25, 20.5, 3.25],
			"to": [4.25, 21.5, 4.25],
			"rotation": {"angle": 0, "axis": "y", "origin": [4.25, 21, 3.75]},
			"faces": {
				"north": {"uv": [0, 0, 0, 0.25], "texture": "#0"},
				"east": {"uv": [8.75, 2, 9, 2.25], "texture": "#0"},
				"south": {"uv": [0, 0, 0, 0.25], "texture": "#0"},
				"west": {"uv": [8.75, 2.25, 9, 2.5], "texture": "#0"},
				"up": {"uv": [0, 0.25, 0, 0], "texture": "#0"},
				"down": {"uv": [0, 0, 0, 0.25], "texture": "#0"}
			}
		},
		{
			"from": [4.25, 17, 11.75],
			"to": [4.25, 18, 12.75],
			"rotation": {"angle": 0, "axis": "y", "origin": [4.25, 17.5, 12.25]},
			"faces": {
				"north": {"uv": [0, 0, 0, 0.25], "texture": "#0"},
				"east": {"uv": [2.5, 8.75, 2.75, 9], "texture": "#0"},
				"south": {"uv": [0, 0, 0, 0.25], "texture": "#0"},
				"west": {"uv": [8.75, 2.5, 9, 2.75], "texture": "#0"},
				"up": {"uv": [0, 0.25, 0, 0], "texture": "#0"},
				"down": {"uv": [0, 0, 0, 0.25], "texture": "#0"}
			}
		},
		{
			"from": [4.25, 24, 11.75],
			"to": [4.25, 25, 12.75],
			"rotation": {"angle": 0, "axis": "y", "origin": [4.25, 24.5, 12.25]},
			"faces": {
				"north": {"uv": [0, 0, 0, 0.25], "texture": "#0"},
				"east": {"uv": [2.75, 8.75, 3, 9], "texture": "#0"},
				"south": {"uv": [0, 0, 0, 0.25], "texture": "#0"},
				"west": {"uv": [8.75, 2.75, 9, 3], "texture": "#0"},
				"up": {"uv": [0, 0.25, 0, 0], "texture": "#0"},
				"down": {"uv": [0, 0, 0, 0.25], "texture": "#0"}
			}
		},
		{
			"from": [4.25, 10, 11.75],
			"to": [4.25, 11, 12.75],
			"rotation": {"angle": 0, "axis": "y", "origin": [4.25, 10.5, 12.25]},
			"faces": {
				"north": {"uv": [0, 0, 0, 0.25], "texture": "#0"},
				"east": {"uv": [3, 8.75, 3.25, 9], "texture": "#0"},
				"south": {"uv": [0, 0, 0, 0.25], "texture": "#0"},
				"west": {"uv": [8.75, 3, 9, 3.25], "texture": "#0"},
				"up": {"uv": [0, 0.25, 0, 0], "texture": "#0"},
				"down": {"uv": [0, 0, 0, 0.25], "texture": "#0"}
			}
		},
		{
			"from": [3.25, 24, 4.25],
			"to": [4.25, 25, 4.25],
			"rotation": {"angle": 0, "axis": "y", "origin": [2.25, 24, 3.25]},
			"faces": {
				"north": {"uv": [3.25, 8.75, 3.5, 9], "texture": "#0"},
				"east": {"uv": [0, 0, 0, 0.25], "texture": "#0"},
				"south": {"uv": [8.75, 3.25, 9, 3.5], "texture": "#0"},
				"west": {"uv": [0, 0, 0, 0.25], "texture": "#0"},
				"up": {"uv": [0.25, 0, 0, 0], "texture": "#0"},
				"down": {"uv": [0.25, 0, 0, 0], "texture": "#0"}
			}
		}
	],
	"gui_light": "front",
	"display": {
		"thirdperson_righthand": {
			"rotation": [0, 90, 0],
			"translation": [-0.5, 4.25, 1],
			"scale": [0.7, 0.7, 0.7]
		},
		"thirdperson_lefthand": {
			"rotation": [0, 90, 0],
			"translation": [-0.5, 4.25, 1],
			"scale": [0.7, 0.7, 0.7]
		},
		"firstperson_righthand": {
			"rotation": [0, 90, 7],
			"translation": [-0.25, 2.75, 1],
			"scale": [0.6, 0.6, 0.6]
		},
		"firstperson_lefthand": {
			"rotation": [0, 90, 7],
			"translation": [-0.25, 2.25, 1],
			"scale": [0.6, 0.6, 0.6]
		},
		"ground": {
			"translation": [0, 6, 0],
			"scale": [0.5, 0.5, 0.5]
		},
		"gui": {
			"rotation": [0, 0, -45],
			"translation": [-1.75, -1.5, 0],
			"scale": [0.55, 0.55, 1]
		},
		"fixed": {
			"translation": [0, -1.5, 0]
		}
	}
}