{
	"credit": "Made with Blockbench",
	"texture_size": [32, 32],
	"textures": {
		"0": "item/cavesword",
		"particle": "cavesword"
	},
	"elements": [
		{
			"from": [6, 0, 7],
			"to": [10, 3, 9],
			"faces": {
				"north": {"uv": [6.5, 2.5, 8.5, 4], "texture": "#0"},
				"east": {"uv": [7, 9, 8, 10.5], "texture": "#0"},
				"south": {"uv": [6.5, 4, 8.5, 5.5], "texture": "#0"},
				"west": {"uv": [8, 9, 9, 10.5], "texture": "#0"},
				"up": {"uv": [8, 9, 6, 8], "texture": "#0"},
				"down": {"uv": [10, 8, 8, 9], "texture": "#0"}
			}
		},
		{
			"from": [4, 1, 8],
			"to": [7, 6, 8],
			"faces": {
				"north": {"uv": [5, 0, 6.5, 2.5], "texture": "#0"},
				"east": {"uv": [0, 0, 0, 2.5], "texture": "#0"},
				"south": {"uv": [5, 2.5, 6.5, 5], "texture": "#0"},
				"west": {"uv": [0, 0, 0, 2.5], "texture": "#0"},
				"up": {"uv": [1.5, 0, 0, 0], "texture": "#0"},
				"down": {"uv": [1.5, 0, 0, 0], "texture": "#0"}
			}
		},
		{
			"from": [9, 1, 8],
			"to": [12, 6, 8],
			"faces": {
				"north": {"uv": [5, 5, 6.5, 7.5], "texture": "#0"},
				"east": {"uv": [0, 0, 0, 2.5], "texture": "#0"},
				"south": {"uv": [6.5, 0, 8, 2.5], "texture": "#0"},
				"west": {"uv": [0, 0, 0, 2.5], "texture": "#0"},
				"up": {"uv": [1.5, 0, 0, 0], "texture": "#0"},
				"down": {"uv": [1.5, 0, 0, 0], "texture": "#0"}
			}
		},
		{
			"from": [7.25, -5, 7.25],
			"to": [8.75, 0, 8.75],
			"faces": {
				"north": {"uv": [6.5, 5.5, 7.5, 8], "texture": "#0"},
				"east": {"uv": [5, 7.5, 6, 10], "texture": "#0"},
				"south": {"uv": [7.5, 5.5, 8.5, 8], "texture": "#0"},
				"west": {"uv": [8, 0, 9, 2.5], "texture": "#0"},
				"up": {"uv": [6, 11, 5, 10], "texture": "#0"},
				"down": {"uv": [11, 7.5, 10, 8.5], "texture": "#0"}
			}
		},
		{
			"from": [7, -7, 7],
			"to": [9, -5, 9],
			"faces": {
				"north": {"uv": [9, 10, 10, 11], "texture": "#0"},
				"east": {"uv": [10, 10, 11, 11], "texture": "#0"},
				"south": {"uv": [10.5, 2, 11.5, 3], "texture": "#0"},
				"west": {"uv": [10.5, 3, 11.5, 4], "texture": "#0"},
				"up": {"uv": [11.5, 5, 10.5, 4], "texture": "#0"},
				"down": {"uv": [11.5, 5, 10.5, 6], "texture": "#0"}
			}
		},
		{
			"from": [6, 3, 7.5],
			"to": [10, 21, 8.5],
			"faces": {
				"north": {"uv": [0, 0, 2, 9], "texture": "#0"},
				"east": {"uv": [4, 0, 4.5, 9], "texture": "#0"},
				"south": {"uv": [2, 0, 4, 9], "texture": "#0"},
				"west": {"uv": [4.5, 0, 5, 9], "texture": "#0"},
				"up": {"uv": [12, 9, 10, 8.5], "texture": "#0"},
				"down": {"uv": [12.5, 6, 10.5, 6.5], "texture": "#0"}
			}
		},
		{
			"from": [5, 9, 7.5],
			"to": [6, 16, 8.5],
			"faces": {
				"north": {"uv": [2, 9, 2.5, 12.5], "texture": "#0"},
				"east": {"uv": [2.5, 9, 3, 12.5], "texture": "#0"},
				"south": {"uv": [3, 9, 3.5, 12.5], "texture": "#0"},
				"west": {"uv": [3.5, 9, 4, 12.5], "texture": "#0"},
				"up": {"uv": [6.5, 8, 6, 7.5], "texture": "#0"},
				"down": {"uv": [2, 11, 1.5, 11.5], "texture": "#0"}
			}
		},
		{
			"from": [10, 9, 7.5],
			"to": [11, 16, 8.5],
			"faces": {
				"north": {"uv": [4, 9, 4.5, 12.5], "texture": "#0"},
				"east": {"uv": [4.5, 9, 5, 12.5], "texture": "#0"},
				"south": {"uv": [6, 9, 6.5, 12.5], "texture": "#0"},
				"west": {"uv": [6.5, 9, 7, 12.5], "texture": "#0"},
				"up": {"uv": [11.5, 2, 11, 1.5], "texture": "#0"},
				"down": {"uv": [5.5, 11, 5, 11.5], "texture": "#0"}
			}
		},
		{
			"from": [6.5, 21, 7.5],
			"to": [9.5, 23, 8.5],
			"faces": {
				"north": {"uv": [9, 9, 10.5, 10], "texture": "#0"},
				"east": {"uv": [1.5, 10, 2, 11], "texture": "#0"},
				"south": {"uv": [0, 10, 1.5, 11], "texture": "#0"},
				"west": {"uv": [0, 11, 0.5, 12], "texture": "#0"},
				"up": {"uv": [10, 8, 8.5, 7.5], "texture": "#0"},
				"down": {"uv": [10.5, 2, 9, 2.5], "texture": "#0"}
			}
		},
		{
			"from": [7, 23, 7.5],
			"to": [9, 24, 8.5],
			"faces": {
				"north": {"uv": [11, 0, 12, 0.5], "texture": "#0"},
				"east": {"uv": [5.5, 11, 6, 11.5], "texture": "#0"},
				"south": {"uv": [0.5, 11, 1.5, 11.5], "texture": "#0"},
				"west": {"uv": [11, 7.5, 11.5, 8], "texture": "#0"},
				"up": {"uv": [12, 1, 11, 0.5], "texture": "#0"},
				"down": {"uv": [12, 1, 11, 1.5], "texture": "#0"}
			}
		},
		{
			"from": [7.5, 24, 7.5],
			"to": [8.5, 25, 8.5],
			"faces": {
				"north": {"uv": [11, 8, 11.5, 8.5], "texture": "#0"},
				"east": {"uv": [9, 11, 9.5, 11.5], "texture": "#0"},
				"south": {"uv": [9.5, 11, 10, 11.5], "texture": "#0"},
				"west": {"uv": [10, 11, 10.5, 11.5], "texture": "#0"},
				"up": {"uv": [11.5, 10.5, 11, 10], "texture": "#0"},
				"down": {"uv": [11, 11, 10.5, 11.5], "texture": "#0"}
			}
		},
		{
			"from": [7.25, -8.5, 7.25],
			"to": [8.75, -7, 8.75],
			"faces": {
				"north": {"uv": [12, 11, 12.75, 11.75], "texture": "#0"},
				"east": {"uv": [13.5, 13, 14.25, 13.75], "texture": "#0"},
				"south": {"uv": [12.5, 13.5, 13.25, 14.25], "texture": "#0"},
				"west": {"uv": [9.5, 13.5, 10.25, 14.25], "texture": "#0"},
				"up": {"uv": [13.5, 6, 14.25, 6.75], "texture": "#0"},
				"down": {"uv": [13, 8, 13.75, 8.75], "texture": "#0"}
			}
		},
		{
			"from": [7.5, -9.5, 7.5],
			"to": [8.5, -8.5, 8.5],
			"faces": {
				"north": {"uv": [12, 11, 12.5, 11.5], "texture": "#0"},
				"east": {"uv": [13.5, 13, 14, 13.5], "texture": "#0"},
				"south": {"uv": [12.5, 13.5, 13, 14], "texture": "#0"},
				"west": {"uv": [9.5, 13.5, 10, 14], "texture": "#0"},
				"up": {"uv": [13.5, 6, 14, 6.5], "texture": "#0"},
				"down": {"uv": [13, 8, 13.5, 8.5], "texture": "#0"}
			}
		}
	],
	"gui_light": "front",
	"display": {
		"thirdperson_righthand": {
			"rotation": [0, 90, 0],
			"translation": [0, 6, 1.25],
			"scale": [0.7, 0.7, 0.7]
		},
		"thirdperson_lefthand": {
			"rotation": [0, 90, 0],
			"translation": [0, 6, 1.25],
			"scale": [0.7, 0.7, 0.7]
		},
		"firstperson_righthand": {
			"rotation": [15, 90, 0],
			"translation": [0, 2.75, 0],
			"scale": [0.7, 0.7, 0.7]
		},
		"firstperson_lefthand": {
			"rotation": [15, 90, 0],
			"translation": [0, 2.75, 0],
			"scale": [0.7, 0.7, 0.7]
		},
		"ground": {
			"translation": [0, 4.75, 0],
			"scale": [0.5, 0.5, 0.5]
		},
		"gui": {
			"rotation": [0, 0, -45],
			"scale": [0.6, 0.6, 0.6]
		}
	}
}