{
	"credit": "Made with Blockbench",
	"texture_size": [32, 32],
	"textures": {
		"0": "item/cherrysword",
		"particle": "cherrysword"
	},
	"elements": [
		{
			"from": [7, -3, 7],
			"to": [8.5, 5, 8.5],
			"faces": {
				"north": {"uv": [3, 0, 4, 4], "texture": "#0"},
				"east": {"uv": [4, 0, 5, 4], "texture": "#0"},
				"south": {"uv": [3, 4, 4, 8], "texture": "#0"},
				"west": {"uv": [4, 4, 5, 8], "texture": "#0"},
				"up": {"uv": [6, 1, 5, 0], "texture": "#0"},
				"down": {"uv": [6, 1, 5, 2], "texture": "#0"}
			}
		},
		{
			"from": [8.5, 4, 7],
			"to": [9.5, 5, 8.5],
			"faces": {
				"north": {"uv": [6, 5.5, 6.5, 6], "texture": "#0"},
				"east": {"uv": [6, 2, 7, 2.5], "texture": "#0"},
				"south": {"uv": [6, 6, 6.5, 6.5], "texture": "#0"},
				"west": {"uv": [6, 2.5, 7, 3], "texture": "#0"},
				"up": {"uv": [6.5, 4, 6, 3], "texture": "#0"},
				"down": {"uv": [6.5, 4, 6, 5], "texture": "#0"}
			}
		},
		{
			"from": [6.75, -4, 6.75],
			"to": [8.75, -2, 8.75],
			"rotation": {"angle": 45, "axis": "z", "origin": [7.75, -3, 7.75]},
			"faces": {
				"north": {"uv": [5, 2, 6, 3], "texture": "#0"},
				"east": {"uv": [5, 3, 6, 4], "texture": "#0"},
				"south": {"uv": [5, 4, 6, 5], "texture": "#0"},
				"west": {"uv": [5, 5, 6, 6], "texture": "#0"},
				"up": {"uv": [7, 1, 6, 0], "texture": "#0"},
				"down": {"uv": [7, 1, 6, 2], "texture": "#0"}
			}
		},
		{
			"from": [7, 5, 7.5],
			"to": [9.25, 30, 8],
			"faces": {
				"north": {"uv": [0, 0, 1, 12.5], "texture": "#0"},
				"east": {"uv": [2, 0, 2.5, 12.5], "texture": "#0"},
				"south": {"uv": [1, 0, 2, 12.5], "texture": "#0"},
				"west": {"uv": [2.5, 0, 3, 12.5], "texture": "#0"},
				"up": {"uv": [6, 6.5, 5, 6], "texture": "#0"},
				"down": {"uv": [7, 5, 6, 5.5], "texture": "#0"}
			}
		},
		{
			"from": [7, 30, 7.5],
			"to": [8.25, 31, 8],
			"faces": {
				"north": {"uv": [6.5, 3, 7, 3.5], "texture": "#0"},
				"east": {"uv": [6.5, 3.5, 7, 4], "texture": "#0"},
				"south": {"uv": [6.5, 4, 7, 4.5], "texture": "#0"},
				"west": {"uv": [6.5, 4.5, 7, 5], "texture": "#0"},
				"up": {"uv": [5.5, 7, 5, 6.5], "texture": "#0"},
				"down": {"uv": [6, 6.5, 5.5, 7], "texture": "#0"}
			}
		}
	],
	"gui_light": "front",
	"display": {
		"thirdperson_righthand": {
			"rotation": [0, 90, 0],
			"translation": [0, 3.5, 1],
			"scale": [0.8, 0.8, 0.8]
		},
		"thirdperson_lefthand": {
			"rotation": [0, -90, 0],
			"translation": [0, 3.5, 1],
			"scale": [0.8, 0.8, 0.8]
		},
		"firstperson_righthand": {
			"rotation": [-17, 90, 0],
			"translation": [1.75, 2.75, -1.25],
			"scale": [0.8, 0.8, 0.8]
		},
		"firstperson_lefthand": {
			"rotation": [-17, -90, 0],
			"translation": [1.75, 2.75, -1.25],
			"scale": [0.8, 0.8, 0.8]
		},
		"ground": {
			"translation": [0, 2.75, 0],
			"scale": [0.5, 0.5, 0.5]
		},
		"gui": {
			"rotation": [0, 0, -45],
			"translation": [-1.25, -1.75, 0],
			"scale": [0.5, 0.5, 0.5]
		}
	}
}