{
	"credit": "Made with Blockbench",
	"texture_size": [32, 32],
	"textures": {
		"0": "item/cigarette",
		"particle": "cigarette"
	},
	"elements": [
		{
			"from": [7, 0, 7],
			"to": [9, 22, 9],
			"faces": {
				"north": {"uv": [0, 0, 1, 11], "texture": "#0"},
				"east": {"uv": [1, 0, 2, 11], "texture": "#0"},
				"south": {"uv": [2, 0, 3, 11], "texture": "#0"},
				"west": {"uv": [3, 0, 4, 11], "texture": "#0"},
				"up": {"uv": [5, 1, 4, 0], "texture": "#0"},
				"down": {"uv": [5, 1, 4, 2], "texture": "#0"}
			}
		}
	],
	"gui_light": "front",
	"display": {
		"thirdperson_righthand": {
			"rotation": [0, -148, 0],
			"translation": [0, 1.75, 1.5]
		},
		"thirdperson_lefthand": {
			"rotation": [0, -39, 0],
			"translation": [0, 1.75, 1.5]
		},
		"firstperson_righthand": {
			"rotation": [0, 91, 0],
			"translation": [0.5, 1.75, 0]
		},
		"firstperson_lefthand": {
			"rotation": [0, 180, 0],
			"translation": [0.5, 1.75, 0]
		},
		"ground": {
			"scale": [0.5, 0.5, 0.5]
		},
		"gui": {
			"rotation": [0, 1, -45],
			"translation": [-1, -1, 0],
			"scale": [0.5, 0.5, 0.5]
		},
		"head": {
			"rotation": [-94, 0, -20],
			"translation": [2, -4.75, -7.5],
			"scale": [0.3, 0.3, 0.3]
		}
	}
}