{
	"credit": "Made with Blockbench",
	"texture_size": [32, 32],
	"textures": {
		"0": "item/crimsonsword",
		"particle": "crimsonsword"
	},
	"elements": [
		{
			"from": [7, -12, 7],
			"to": [8.5, -4, 8.5],
			"faces": {
				"north": {"uv": [4, 0, 5, 4], "texture": "#0"},
				"east": {"uv": [4, 4, 5, 8], "texture": "#0"},
				"south": {"uv": [5, 0, 6, 4], "texture": "#0"},
				"west": {"uv": [5, 4, 6, 8], "texture": "#0"},
				"up": {"uv": [8.5, 6, 7.5, 5], "texture": "#0"},
				"down": {"uv": [8.5, 6, 7.5, 7], "texture": "#0"}
			}
		},
		{
			"from": [6.5, -3, 7.5],
			"to": [9, 29, 8],
			"faces": {
				"north": {"uv": [0, 0, 1.5, 16], "texture": "#0"},
				"east": {"uv": [3, 0, 3.5, 16], "texture": "#0"},
				"south": {"uv": [1.5, 0, 3, 16], "texture": "#0"},
				"west": {"uv": [3.5, 0, 4, 16], "texture": "#0"},
				"up": {"uv": [8.5, 9.5, 7, 9], "texture": "#0"},
				"down": {"uv": [10, 9, 8.5, 9.5], "texture": "#0"}
			}
		},
		{
			"from": [7.5, -3, 7.4],
			"to": [8, 7, 8.15],
			"faces": {
				"north": {"uv": [6, 0, 6.5, 5], "texture": "#0"},
				"east": {"uv": [6, 5, 6.5, 10], "texture": "#0"},
				"south": {"uv": [6.5, 0, 7, 5], "texture": "#0"},
				"west": {"uv": [6.5, 5, 7, 10], "texture": "#0"},
				"up": {"uv": [10.5, 0.5, 10, 0], "texture": "#0"},
				"down": {"uv": [10.5, 0.5, 10, 1], "texture": "#0"}
			}
		},
		{
			"from": [6.75, 29, 7.5],
			"to": [8.75, 30, 8],
			"faces": {
				"north": {"uv": [9.5, 5, 10.5, 5.5], "texture": "#0"},
				"east": {"uv": [10, 1, 10.5, 1.5], "texture": "#0"},
				"south": {"uv": [9.5, 5.5, 10.5, 6], "texture": "#0"},
				"west": {"uv": [10, 1.5, 10.5, 2], "texture": "#0"},
				"up": {"uv": [10.5, 6.5, 9.5, 6], "texture": "#0"},
				"down": {"uv": [10.5, 6.5, 9.5, 7], "texture": "#0"}
			}
		},
		{
			"from": [7.25, 30, 7.5],
			"to": [8.25, 31, 8],
			"faces": {
				"north": {"uv": [10, 2, 10.5, 2.5], "texture": "#0"},
				"east": {"uv": [10, 2.5, 10.5, 3], "texture": "#0"},
				"south": {"uv": [4, 10, 4.5, 10.5], "texture": "#0"},
				"west": {"uv": [4.5, 10, 5, 10.5], "texture": "#0"},
				"up": {"uv": [5.5, 10.5, 5, 10], "texture": "#0"},
				"down": {"uv": [6, 10, 5.5, 10.5], "texture": "#0"}
			}
		},
		{
			"from": [6.88, -14, 6.88],
			"to": [8.63, -12, 8.63],
			"faces": {
				"north": {"uv": [7.5, 7, 8.5, 8], "texture": "#0"},
				"east": {"uv": [8, 0, 9, 1], "texture": "#0"},
				"south": {"uv": [8, 1, 9, 2], "texture": "#0"},
				"west": {"uv": [8, 2, 9, 3], "texture": "#0"},
				"up": {"uv": [5, 9, 4, 8], "texture": "#0"},
				"down": {"uv": [6, 8, 5, 9], "texture": "#0"}
			}
		},
		{
			"from": [6.75, -5, 6.75],
			"to": [8.75, -3, 8.75],
			"rotation": {"angle": -45, "axis": "z", "origin": [7.75, -4, 7.75]},
			"faces": {
				"north": {"uv": [7.5, 8, 8.5, 9], "texture": "#0"},
				"east": {"uv": [8.5, 5, 9.5, 6], "texture": "#0"},
				"south": {"uv": [8.5, 6, 9.5, 7], "texture": "#0"},
				"west": {"uv": [8.5, 7, 9.5, 8], "texture": "#0"},
				"up": {"uv": [9.5, 9, 8.5, 8], "texture": "#0"},
				"down": {"uv": [10, 0, 9, 1], "texture": "#0"}
			}
		},
		{
			"from": [7.02, 2.5, 7.12],
			"to": [8.52, 4, 8.37],
			"rotation": {"angle": -45, "axis": "z", "origin": [7.75, -4, 7.75]},
			"faces": {
				"north": {"uv": [9, 1, 10, 2], "texture": "#0"},
				"east": {"uv": [7, 9.5, 7.5, 10.5], "texture": "#0"},
				"south": {"uv": [9, 2, 10, 3], "texture": "#0"},
				"west": {"uv": [9.5, 7, 10, 8], "texture": "#0"},
				"up": {"uv": [8.5, 10, 7.5, 9.5], "texture": "#0"},
				"down": {"uv": [10.5, 8, 9.5, 8.5], "texture": "#0"}
			}
		},
		{
			"from": [7.15, -3, 7.25],
			"to": [8.4, 3, 8.25],
			"rotation": {"angle": -45, "axis": "z", "origin": [7.75, -4, 7.75]},
			"faces": {
				"north": {"uv": [7, 0, 7.5, 3], "texture": "#0"},
				"east": {"uv": [7, 3, 7.5, 6], "texture": "#0"},
				"south": {"uv": [7, 6, 7.5, 9], "texture": "#0"},
				"west": {"uv": [7.5, 0, 8, 3], "texture": "#0"},
				"up": {"uv": [6.5, 10.5, 6, 10], "texture": "#0"},
				"down": {"uv": [7, 10, 6.5, 10.5], "texture": "#0"}
			}
		},
		{
			"from": [0.75, -4.65, 7.25],
			"to": [6.75, -3.4, 8.25],
			"rotation": {"angle": -45, "axis": "z", "origin": [7.75, -4, 7.75]},
			"faces": {
				"north": {"uv": [7.5, 3, 10.5, 3.5], "texture": "#0"},
				"east": {"uv": [10, 7, 10.5, 7.5], "texture": "#0"},
				"south": {"uv": [7.5, 3.5, 10.5, 4], "texture": "#0"},
				"west": {"uv": [7.5, 10, 8, 10.5], "texture": "#0"},
				"up": {"uv": [10.5, 4.5, 7.5, 4], "texture": "#0"},
				"down": {"uv": [10.5, 4.5, 7.5, 5], "texture": "#0"}
			}
		},
		{
			"from": [-0.25, -4.78, 7.12],
			"to": [1.25, -3.28, 8.37],
			"rotation": {"angle": -45, "axis": "z", "origin": [7.75, -4, 7.75]},
			"faces": {
				"north": {"uv": [4, 9, 5, 10], "texture": "#0"},
				"east": {"uv": [8.5, 9.5, 9, 10.5], "texture": "#0"},
				"south": {"uv": [5, 9, 6, 10], "texture": "#0"},
				"west": {"uv": [9, 9.5, 9.5, 10.5], "texture": "#0"},
				"up": {"uv": [10.5, 9, 9.5, 8.5], "texture": "#0"},
				"down": {"uv": [10.5, 9.5, 9.5, 10], "texture": "#0"}
			}
		}
	],
	"gui_light": "front",
	"display": {
		"thirdperson_righthand": {
			"rotation": [0, 90, 0],
			"translation": [0, 9.25, 0.75],
			"scale": [0.7, 0.7, 0.7]
		},
		"thirdperson_lefthand": {
			"rotation": [0, 90, 0],
			"translation": [0, 9.25, 1.25],
			"scale": [0.7, 0.7, 0.7]
		},
		"firstperson_righthand": {
			"rotation": [13, 90, 0],
			"translation": [3.25, 5.5, -2]
		},
		"firstperson_lefthand": {
			"rotation": [13, 90, 0],
			"translation": [3.25, 5.5, -2]
		},
		"ground": {
			"translation": [0, 12, 0],
			"scale": [0.7, 0.7, 0.7]
		},
		"gui": {
			"rotation": [0, 0, -45],
			"translation": [0, -0.25, 0],
			"scale": [0.5, 0.5, 0.5]
		}
	}
}