{
	"credit": "Made with Blockbench",
	"texture_size": [32, 32],
	"textures": {
		"0": "item/crowbar",
		"particle": "crowbar"
	},
	"elements": [
		{
			"from": [7, 0, 8],
			"to": [8.5, 18, 9],
			"faces": {
				"north": {"uv": [0, 0, 1, 9], "texture": "#0"},
				"east": {"uv": [2, 0, 2.5, 9], "texture": "#0"},
				"south": {"uv": [1, 0, 2, 9], "texture": "#0"},
				"west": {"uv": [2.5, 0, 3, 9], "texture": "#0"},
				"up": {"uv": [5.5, 3, 4.5, 2.5], "texture": "#0"},
				"down": {"uv": [4, 4.5, 3, 5], "texture": "#0"}
			}
		},
		{
			"from": [6.88, 17.2, 5.5],
			"to": [8.63, 18, 8],
			"rotation": {"angle": -45, "axis": "x", "origin": [8, 18, 8]},
			"faces": {
				"north": {"uv": [4.5, 3, 5.5, 3.5], "texture": "#0"},
				"east": {"uv": [4, 1.5, 5.5, 2], "texture": "#0"},
				"south": {"uv": [4.5, 3.5, 5.5, 4], "texture": "#0"},
				"west": {"uv": [4, 2, 5.5, 2.5], "texture": "#0"},
				"up": {"uv": [4, 1.5, 3, 0], "texture": "#0"},
				"down": {"uv": [4, 1.5, 3, 3], "texture": "#0"}
			}
		},
		{
			"from": [7.88, 17.2, 4.7],
			"to": [8.63, 18, 5.5],
			"rotation": {"angle": -45, "axis": "x", "origin": [8, 18, 8]},
			"faces": {
				"north": {"uv": [5, 0, 5.5, 0.5], "texture": "#0"},
				"east": {"uv": [5, 0.5, 5.5, 1], "texture": "#0"},
				"south": {"uv": [5, 1, 5.5, 1.5], "texture": "#0"},
				"west": {"uv": [3, 5, 3.5, 5.5], "texture": "#0"},
				"up": {"uv": [4, 5.5, 3.5, 5], "texture": "#0"},
				"down": {"uv": [5, 5, 4.5, 5.5], "texture": "#0"}
			}
		},
		{
			"from": [6.88, 17.2, 4.7],
			"to": [7.63, 18, 5.5],
			"rotation": {"angle": -45, "axis": "x", "origin": [8, 18, 8]},
			"faces": {
				"north": {"uv": [5, 5, 5.5, 5.5], "texture": "#0"},
				"east": {"uv": [5.5, 0, 6, 0.5], "texture": "#0"},
				"south": {"uv": [5.5, 0.5, 6, 1], "texture": "#0"},
				"west": {"uv": [5.5, 1, 6, 1.5], "texture": "#0"},
				"up": {"uv": [6, 2, 5.5, 1.5], "texture": "#0"},
				"down": {"uv": [6, 2, 5.5, 2.5], "texture": "#0"}
			}
		},
		{
			"from": [6.88, -3, 8],
			"to": [8.63, 0, 9],
			"rotation": {"angle": -22.5, "axis": "x", "origin": [8, 0, 8]},
			"faces": {
				"north": {"uv": [3, 3, 4, 4.5], "texture": "#0"},
				"east": {"uv": [4, 2.5, 4.5, 4], "texture": "#0"},
				"south": {"uv": [4, 0, 5, 1.5], "texture": "#0"},
				"west": {"uv": [4, 4, 4.5, 5.5], "texture": "#0"},
				"up": {"uv": [5.5, 4.5, 4.5, 4], "texture": "#0"},
				"down": {"uv": [5.5, 4.5, 4.5, 5], "texture": "#0"}
			}
		}
	],
	"gui_light": "front",
	"display": {
		"thirdperson_righthand": {
			"translation": [0, 2.75, 0.5]
		},
		"thirdperson_lefthand": {
			"translation": [0, 2.75, 0.5]
		},
		"firstperson_righthand": {
			"rotation": [-11, 8, 7],
			"translation": [1, 4.25, 0]
		},
		"firstperson_lefthand": {
			"rotation": [-11, 8, 7],
			"translation": [1, 4.25, 0]
		},
		"ground": {
			"translation": [0, 6, 0]
		},
		"gui": {
			"rotation": [-90, -45.25, -90]
		},
		"fixed": {
			"rotation": [0, -90, 0]
		}
	}
}