{
	"credit": "Made with Blockbench",
	"textures": {
		"0": "item/daggers",
		"particle": "daggers"
	},
	"elements": [
		{
			"from": [7.25, -2, 7.35],
			"to": [8.75, 3, 8.65],
			"rotation": {"angle": 0, "axis": "y", "origin": [6.75, 0, 7.25]},
			"faces": {
				"north": {"uv": [6, 0, 8, 5], "texture": "#0"},
				"east": {"uv": [4, 8, 5, 13], "texture": "#0"},
				"south": {"uv": [6, 5, 8, 10], "texture": "#0"},
				"west": {"uv": [5, 8, 6, 13], "texture": "#0"},
				"up": {"uv": [13, 5, 11, 4], "texture": "#0"},
				"down": {"uv": [13, 5, 11, 6], "texture": "#0"}
			}
		},
		{
			"from": [7, -3.5, 7.2],
			"to": [9, -1.5, 8.8],
			"rotation": {"angle": 45, "axis": "z", "origin": [8, -2.5, 8]},
			"faces": {
				"north": {"uv": [9, 0, 11, 2], "texture": "#0"},
				"east": {"uv": [9, 2, 11, 4], "texture": "#0"},
				"south": {"uv": [9, 4, 11, 6], "texture": "#0"},
				"west": {"uv": [9, 6, 11, 8], "texture": "#0"},
				"up": {"uv": [3, 12, 1, 10], "texture": "#0"},
				"down": {"uv": [8, 10, 6, 12], "texture": "#0"}
			}
		},
		{
			"from": [6.75, 3, 7.2],
			"to": [9.25, 4.25, 8.8],
			"rotation": {"angle": 0, "axis": "y", "origin": [7.75, 5.25, 7.25]},
			"faces": {
				"north": {"uv": [11, 0, 14, 1], "texture": "#0"},
				"east": {"uv": [11, 6, 13, 7], "texture": "#0"},
				"south": {"uv": [11, 1, 14, 2], "texture": "#0"},
				"west": {"uv": [11, 7, 13, 8], "texture": "#0"},
				"up": {"uv": [4, 10, 1, 8], "texture": "#0"},
				"down": {"uv": [11, 8, 8, 10], "texture": "#0"}
			}
		},
		{
			"from": [5.05, 3.25, 7.45],
			"to": [7.05, 4.4, 8.55],
			"rotation": {"angle": -22.5, "axis": "z", "origin": [6.3, 3.875, 8]},
			"faces": {
				"north": {"uv": [11, 8, 13, 9], "texture": "#0"},
				"east": {"uv": [4, 13, 5, 14], "texture": "#0"},
				"south": {"uv": [11, 9, 13, 10], "texture": "#0"},
				"west": {"uv": [13, 4, 14, 5], "texture": "#0"},
				"up": {"uv": [3, 13, 1, 12], "texture": "#0"},
				"down": {"uv": [8, 12, 6, 13], "texture": "#0"}
			}
		},
		{
			"from": [8.95, 3.25, 7.45],
			"to": [10.95, 4.4, 8.55],
			"rotation": {"angle": 22.5, "axis": "z", "origin": [9.7, 3.875, 8]},
			"faces": {
				"north": {"uv": [8, 12, 10, 13], "texture": "#0"},
				"east": {"uv": [5, 13, 6, 14], "texture": "#0"},
				"south": {"uv": [10, 12, 12, 13], "texture": "#0"},
				"west": {"uv": [13, 5, 14, 6], "texture": "#0"},
				"up": {"uv": [14, 11, 12, 10], "texture": "#0"},
				"down": {"uv": [14, 11, 12, 12], "texture": "#0"}
			}
		},
		{
			"from": [6.75, 4, 7.5],
			"to": [9.25, 12.025, 8.5],
			"rotation": {"angle": 0, "axis": "y", "origin": [7, 4, 7]},
			"faces": {
				"north": {"uv": [0, 0, 3, 8], "texture": "#0"},
				"east": {"uv": [0, 8, 1, 16], "texture": "#0"},
				"south": {"uv": [3, 0, 6, 8], "texture": "#0"},
				"west": {"uv": [8, 0, 9, 8], "texture": "#0"},
				"up": {"uv": [14, 3, 11, 2], "texture": "#0"},
				"down": {"uv": [14, 3, 11, 4], "texture": "#0"}
			}
		},
		{
			"from": [6.75, 11.275, 7.525],
			"to": [8.525, 13.05, 8.475],
			"rotation": {"angle": 45, "axis": "z", "origin": [8, 12.525, 8]},
			"faces": {
				"north": {"uv": [8, 13, 11, 16], "texture": "#0"},
				"east": {"uv": [3, 10, 4, 12], "texture": "#0"},
				"south": {"uv": [12, 13, 15, 16], "texture": "#0"},
				"west": {"uv": [3, 12, 4, 14], "texture": "#0"},
				"up": {"uv": [14, 13, 12, 12], "texture": "#0"},
				"down": {"uv": [3, 13, 1, 14], "texture": "#0"}
			}
		}
	],
	"gui_light": "front",
	"display": {
		"thirdperson_righthand": {
			"rotation": [0, 90, 0],
			"translation": [0, 3.5, 1.25],
			"scale": [0.7, 0.7, 0.7]
		},
		"thirdperson_lefthand": {
			"rotation": [0, 90, 0],
			"translation": [0, 3.5, 1.25],
			"scale": [0.7, 0.7, 0.7]
		},
		"firstperson_righthand": {
			"rotation": [0, 90, 9],
			"translation": [2.25, 4.25, 1.25],
			"scale": [0.7, 0.7, 0.7]
		},
		"firstperson_lefthand": {
			"rotation": [0, 90, 9],
			"translation": [2.25, 4.25, 1.25],
			"scale": [0.7, 0.7, 0.7]
		},
		"ground": {
			"translation": [0, 4.5, 0],
			"scale": [0.5, 0.5, 0.5]
		},
		"gui": {
			"rotation": [0, 0, -45],
			"translation": [1.5, 1.75, 0],
			"scale": [0.8, 0.8, 0.8]
		},
		"fixed": {
			"translation": [0, 3.75, 0]
		}
	}
}