{
	"credit": "Made with Blockbench",
	"texture_size": [32, 32],
	"textures": {
		"0": "item/darkshovel",
		"particle": "darkshovel"
	},
	"elements": [
		{
			"from": [7.25, -6, 7.25],
			"to": [8.75, 10, 8.75],
			"rotation": {"angle": 0, "axis": "y", "origin": [6.75, 0, 7.25]},
			"faces": {
				"north": {"uv": [0, 4, 1, 12], "texture": "#0"},
				"east": {"uv": [1, 4, 2, 12], "texture": "#0"},
				"south": {"uv": [2, 4, 3, 12], "texture": "#0"},
				"west": {"uv": [3, 4, 4, 12], "texture": "#0"},
				"up": {"uv": [9.5, 5, 8.5, 4], "texture": "#0"},
				"down": {"uv": [11, 0, 10, 1], "texture": "#0"}
			}
		},
		{
			"from": [7.15, 10, 7.15],
			"to": [8.85, 13, 8.85],
			"rotation": {"angle": 0, "axis": "y", "origin": [6.75, 2, 7.25]},
			"faces": {
				"north": {"uv": [8.5, 2.5, 9.5, 4], "texture": "#0"},
				"east": {"uv": [7, 8.5, 8, 10], "texture": "#0"},
				"south": {"uv": [8, 8.5, 9, 10], "texture": "#0"},
				"west": {"uv": [9, 8.5, 10, 10], "texture": "#0"},
				"up": {"uv": [9, 11, 8, 10], "texture": "#0"},
				"down": {"uv": [11, 8.5, 10, 9.5], "texture": "#0"}
			}
		},
		{
			"from": [7.35, 16, 7.35],
			"to": [8.65, 18.9, 8.85],
			"rotation": {"angle": 0, "axis": "y", "origin": [6.75, 8, 7.25]},
			"faces": {
				"north": {"uv": [4, 11, 4.5, 12.5], "texture": "#0"},
				"east": {"uv": [4.5, 11, 5, 12.5], "texture": "#0"},
				"south": {"uv": [11, 4.5, 11.5, 6], "texture": "#0"},
				"west": {"uv": [5, 11, 5.5, 12.5], "texture": "#0"},
				"up": {"uv": [10, 6, 9.5, 5.5], "texture": "#0"},
				"down": {"uv": [10.5, 5.5, 10, 6], "texture": "#0"}
			}
		},
		{
			"from": [7.05, 13, 7.05],
			"to": [8.95, 16, 8.95],
			"rotation": {"angle": 0, "axis": "y", "origin": [6.75, 5, 7.25]},
			"faces": {
				"north": {"uv": [9.5, 2.5, 10.5, 4], "texture": "#0"},
				"east": {"uv": [4, 9.5, 5, 11], "texture": "#0"},
				"south": {"uv": [9.5, 4, 10.5, 5.5], "texture": "#0"},
				"west": {"uv": [5, 9.5, 6, 11], "texture": "#0"},
				"up": {"uv": [10, 11, 9, 10], "texture": "#0"},
				"down": {"uv": [11, 9.5, 10, 10.5], "texture": "#0"}
			}
		},
		{
			"from": [7.35, -7.65, 7.15],
			"to": [8.65, -2.75, 8.85],
			"rotation": {"angle": 0, "axis": "y", "origin": [6.75, 0.25, 7.25]},
			"faces": {
				"north": {"uv": [7, 10, 7.5, 12.5], "texture": "#0"},
				"east": {"uv": [4, 7, 5, 9.5], "texture": "#0"},
				"south": {"uv": [7.5, 10, 8, 12.5], "texture": "#0"},
				"west": {"uv": [5, 7, 6, 9.5], "texture": "#0"},
				"up": {"uv": [6, 12, 5.5, 11], "texture": "#0"},
				"down": {"uv": [11.5, 7, 11, 8], "texture": "#0"}
			}
		},
		{
			"from": [5.25, -7.5, 7.25],
			"to": [10.75, -6, 8.75],
			"rotation": {"angle": 0, "axis": "y", "origin": [6.75, 0, 7.25]},
			"faces": {
				"north": {"uv": [4, 4, 7, 5], "texture": "#0"},
				"east": {"uv": [10.5, 2.5, 11.5, 3.5], "texture": "#0"},
				"south": {"uv": [4, 5, 7, 6], "texture": "#0"},
				"west": {"uv": [10.5, 3.5, 11.5, 4.5], "texture": "#0"},
				"up": {"uv": [7, 7, 4, 6], "texture": "#0"},
				"down": {"uv": [10, 0, 7, 1], "texture": "#0"}
			}
		},
		{
			"from": [4.5, 15.5, 8.15],
			"to": [11.5, 23, 9],
			"rotation": {"angle": 0, "axis": "y", "origin": [7, 15, 7.65]},
			"faces": {
				"north": {"uv": [0, 0, 3.5, 4], "texture": "#0"},
				"east": {"uv": [6, 8, 6.5, 12], "texture": "#0"},
				"south": {"uv": [3.5, 0, 7, 4], "texture": "#0"},
				"west": {"uv": [6.5, 8, 7, 12], "texture": "#0"},
				"up": {"uv": [10.5, 6.5, 7, 6], "texture": "#0"},
				"down": {"uv": [10.5, 6.5, 7, 7], "texture": "#0"}
			}
		},
		{
			"from": [6.75, 12, 8.25],
			"to": [9.25, 15.5, 9],
			"rotation": {"angle": 0, "axis": "y", "origin": [7, 7.5, 7.75]},
			"faces": {
				"north": {"uv": [7, 1, 8.5, 3], "texture": "#0"},
				"east": {"uv": [10.5, 4.5, 11, 6.5], "texture": "#0"},
				"south": {"uv": [7, 3, 8.5, 5], "texture": "#0"},
				"west": {"uv": [10, 10.5, 10.5, 12.5], "texture": "#0"},
				"up": {"uv": [12.5, 1, 11, 0.5], "texture": "#0"},
				"down": {"uv": [12.5, 6, 11, 6.5], "texture": "#0"}
			}
		},
		{
			"from": [4.5, 15.5, 7.9],
			"to": [11.5, 16.25, 8.15],
			"rotation": {"angle": 0, "axis": "y", "origin": [7, 15, 7.4]},
			"faces": {
				"north": {"uv": [7, 8, 10.5, 8.5], "texture": "#0"},
				"east": {"uv": [11, 8.5, 11.5, 9], "texture": "#0"},
				"south": {"uv": [8.5, 1, 12, 1.5], "texture": "#0"},
				"west": {"uv": [9, 11, 9.5, 11.5], "texture": "#0"},
				"up": {"uv": [12, 2, 8.5, 1.5], "texture": "#0"},
				"down": {"uv": [12, 2, 8.5, 2.5], "texture": "#0"}
			}
		},
		{
			"from": [6.25, 18.75, 7.9],
			"to": [9.75, 20, 8.15],
			"rotation": {"angle": 0, "axis": "y", "origin": [7, 18, 7.4]},
			"faces": {
				"north": {"uv": [10.5, 6.5, 12.5, 7], "texture": "#0"},
				"east": {"uv": [11, 9, 11.5, 9.5], "texture": "#0"},
				"south": {"uv": [10.5, 8, 12.5, 8.5], "texture": "#0"},
				"west": {"uv": [9.5, 11, 10, 11.5], "texture": "#0"},
				"up": {"uv": [12.5, 11, 10.5, 10.5], "texture": "#0"},
				"down": {"uv": [13, 0, 11, 0.5], "texture": "#0"}
			}
		},
		{
			"from": [5.5, 23, 7.9],
			"to": [10.5, 25, 8.75],
			"rotation": {"angle": 0, "axis": "y", "origin": [7, 18, 7.4]},
			"faces": {
				"north": {"uv": [7, 5, 9.5, 6], "texture": "#0"},
				"east": {"uv": [8, 11, 8.5, 12], "texture": "#0"},
				"south": {"uv": [6, 7, 8.5, 8], "texture": "#0"},
				"west": {"uv": [8.5, 11, 9, 12], "texture": "#0"},
				"up": {"uv": [11, 7.5, 8.5, 7], "texture": "#0"},
				"down": {"uv": [11, 7.5, 8.5, 8], "texture": "#0"}
			}
		}
	],
	"gui_light": "front",
	"display": {
		"thirdperson_righthand": {
			"rotation": [0, 65, 0],
			"translation": [-0.75, 2.25, 1.25],
			"scale": [0.7, 0.65, 0.65]
		},
		"thirdperson_lefthand": {
			"rotation": [0, 65, 0],
			"translation": [-0.75, 2.25, 1.25],
			"scale": [0.7, 0.65, 0.65]
		},
		"firstperson_righthand": {
			"rotation": [0, 102, -6],
			"translation": [0, 3, 2],
			"scale": [0.65, 0.65, 0.65]
		},
		"firstperson_lefthand": {
			"rotation": [0, 102, -6],
			"translation": [0, 3, 2],
			"scale": [0.65, 0.65, 0.65]
		},
		"ground": {
			"translation": [0, 6, 0],
			"scale": [0.5, 0.5, 0.5]
		},
		"gui": {
			"rotation": [0, -180, 45],
			"scale": [0.6, 0.6, 0.6]
		},
		"fixed": {
			"translation": [0, 0, -0.25],
			"scale": [0.8, 0.8, 0.8]
		}
	}
}