{
	"credit": "Made with Blockbench",
	"texture_size": [32, 32],
	"textures": {
		"0": "item/darkclub",
		"particle": "darkclub"
	},
	"elements": [
		{
			"from": [7, 0, 7],
			"to": [9, 2, 9],
			"rotation": {"angle": 0, "axis": "y", "origin": [7, 0, 7]},
			"faces": {
				"north": {"uv": [3, 6.5, 4, 7.5], "texture": "#0"},
				"east": {"uv": [4, 6.5, 5, 7.5], "texture": "#0"},
				"south": {"uv": [5, 6.5, 6, 7.5], "texture": "#0"},
				"west": {"uv": [7, 3, 8, 4], "texture": "#0"},
				"up": {"uv": [8, 5, 7, 4], "texture": "#0"},
				"down": {"uv": [8, 5, 7, 6], "texture": "#0"}
			}
		},
		{
			"from": [7.375, 2, 7.375],
			"to": [8.625, 7, 8.625],
			"rotation": {"angle": 0, "axis": "y", "origin": [6.625, 2, 6.625]},
			"faces": {
				"north": {"uv": [1, 6.5, 1.5, 9], "texture": "#0"},
				"east": {"uv": [1.5, 6.5, 2, 9], "texture": "#0"},
				"south": {"uv": [2, 6.5, 2.5, 9], "texture": "#0"},
				"west": {"uv": [2.5, 6.5, 3, 9], "texture": "#0"},
				"up": {"uv": [3, 11, 2.5, 10.5], "texture": "#0"},
				"down": {"uv": [11, 2.5, 10.5, 3], "texture": "#0"}
			}
		},
		{
			"from": [7.275, 7, 7.275],
			"to": [8.725, 10.4, 8.725],
			"rotation": {"angle": 0, "axis": "y", "origin": [6.625, 7, 6.625]},
			"faces": {
				"north": {"uv": [4, 7.5, 4.5, 9], "texture": "#0"},
				"east": {"uv": [4.5, 7.5, 5, 9], "texture": "#0"},
				"south": {"uv": [5, 7.5, 5.5, 9], "texture": "#0"},
				"west": {"uv": [5.5, 7.5, 6, 9], "texture": "#0"},
				"up": {"uv": [3.5, 11, 3, 10.5], "texture": "#0"},
				"down": {"uv": [11, 3, 10.5, 3.5], "texture": "#0"}
			}
		},
		{
			"from": [7.175, 10.4, 7.175],
			"to": [8.825, 13.8, 8.825],
			"rotation": {"angle": 0, "axis": "y", "origin": [6.625, 10.4, 6.625]},
			"faces": {
				"north": {"uv": [6, 3, 7, 4.5], "texture": "#0"},
				"east": {"uv": [6, 4.5, 7, 6], "texture": "#0"},
				"south": {"uv": [6, 6, 7, 7.5], "texture": "#0"},
				"west": {"uv": [0, 6.5, 1, 8], "texture": "#0"},
				"up": {"uv": [8, 7, 7, 6], "texture": "#0"},
				"down": {"uv": [8, 7, 7, 8], "texture": "#0"}
			}
		},
		{
			"from": [6.975, 13.8, 6.975],
			"to": [9.025, 15.2, 9.025],
			"rotation": {"angle": 0, "axis": "y", "origin": [6.625, 13.8, 6.625]},
			"faces": {
				"north": {"uv": [8, 4, 9, 4.5], "texture": "#0"},
				"east": {"uv": [8, 4.5, 9, 5], "texture": "#0"},
				"south": {"uv": [8, 5, 9, 5.5], "texture": "#0"},
				"west": {"uv": [8, 5.5, 9, 6], "texture": "#0"},
				"up": {"uv": [8.5, 1, 7.5, 0], "texture": "#0"},
				"down": {"uv": [8.5, 1, 7.5, 2], "texture": "#0"}
			}
		},
		{
			"from": [6.775, 15.2, 6.775],
			"to": [9.225, 16.2, 9.225],
			"rotation": {"angle": 0, "axis": "y", "origin": [6.625, 15.8, 6.625]},
			"faces": {
				"north": {"uv": [6, 8, 7, 8.5], "texture": "#0"},
				"east": {"uv": [8, 6, 9, 6.5], "texture": "#0"},
				"south": {"uv": [8, 6.5, 9, 7], "texture": "#0"},
				"west": {"uv": [7, 8, 8, 8.5], "texture": "#0"},
				"up": {"uv": [8.5, 3, 7.5, 2], "texture": "#0"},
				"down": {"uv": [4, 7.5, 3, 8.5], "texture": "#0"}
			}
		},
		{
			"from": [6.675, 16.2, 6.675],
			"to": [9.325, 29.6, 9.325],
			"rotation": {"angle": 0, "axis": "y", "origin": [6.625, 16.2, 6.625]},
			"faces": {
				"north": {"uv": [0, 0, 1.5, 6.5], "texture": "#0"},
				"east": {"uv": [1.5, 0, 3, 6.5], "texture": "#0"},
				"south": {"uv": [3, 0, 4.5, 6.5], "texture": "#0"},
				"west": {"uv": [4.5, 0, 6, 6.5], "texture": "#0"},
				"up": {"uv": [7.5, 1.5, 6, 0], "texture": "#0"},
				"down": {"uv": [7.5, 1.5, 6, 3], "texture": "#0"}
			}
		},
		{
			"from": [7.5, 18, 5.75],
			"to": [8.5, 19, 7.75],
			"rotation": {"angle": 0, "axis": "y", "origin": [6.5, 18, 5.75]},
			"faces": {
				"north": {"uv": [3.5, 10.5, 4, 11], "texture": "#0"},
				"east": {"uv": [8, 7, 9, 7.5], "texture": "#0"},
				"south": {"uv": [10.5, 3.5, 11, 4], "texture": "#0"},
				"west": {"uv": [8, 7.5, 9, 8], "texture": "#0"},
				"up": {"uv": [8.5, 9, 8, 8], "texture": "#0"},
				"down": {"uv": [0.5, 8.5, 0, 9.5], "texture": "#0"}
			}
		},
		{
			"from": [7.5, 23, 5.75],
			"to": [8.5, 24, 7.75],
			"rotation": {"angle": 0, "axis": "y", "origin": [6.5, 23, 5.75]},
			"faces": {
				"north": {"uv": [4, 10.5, 4.5, 11], "texture": "#0"},
				"east": {"uv": [8.5, 0, 9.5, 0.5], "texture": "#0"},
				"south": {"uv": [4.5, 10.5, 5, 11], "texture": "#0"},
				"west": {"uv": [8.5, 0.5, 9.5, 1], "texture": "#0"},
				"up": {"uv": [1, 9.5, 0.5, 8.5], "texture": "#0"},
				"down": {"uv": [9, 1, 8.5, 2], "texture": "#0"}
			}
		},
		{
			"from": [7.5, 28, 5.75],
			"to": [8.5, 29, 7.75],
			"rotation": {"angle": 0, "axis": "y", "origin": [6.5, 28, 5.75]},
			"faces": {
				"north": {"uv": [5, 10.5, 5.5, 11], "texture": "#0"},
				"east": {"uv": [8.5, 2, 9.5, 2.5], "texture": "#0"},
				"south": {"uv": [10.5, 5, 11, 5.5], "texture": "#0"},
				"west": {"uv": [8.5, 2.5, 9.5, 3], "texture": "#0"},
				"up": {"uv": [3.5, 9.5, 3, 8.5], "texture": "#0"},
				"down": {"uv": [4, 8.5, 3.5, 9.5], "texture": "#0"}
			}
		},
		{
			"from": [7.5, 18, 8.25],
			"to": [8.5, 19, 10.25],
			"rotation": {"angle": 0, "axis": "y", "origin": [9.5, 18, 8.25]},
			"faces": {
				"north": {"uv": [5.5, 10.5, 6, 11], "texture": "#0"},
				"east": {"uv": [6, 8.5, 7, 9], "texture": "#0"},
				"south": {"uv": [10.5, 5.5, 11, 6], "texture": "#0"},
				"west": {"uv": [7, 8.5, 8, 9], "texture": "#0"},
				"up": {"uv": [9, 9, 8.5, 8], "texture": "#0"},
				"down": {"uv": [1.5, 9, 1, 10], "texture": "#0"}
			}
		},
		{
			"from": [7.5, 23, 8.25],
			"to": [8.5, 24, 10.25],
			"rotation": {"angle": 0, "axis": "y", "origin": [9.5, 23, 8.25]},
			"faces": {
				"north": {"uv": [6.5, 10.5, 7, 11], "texture": "#0"},
				"east": {"uv": [9, 1, 10, 1.5], "texture": "#0"},
				"south": {"uv": [7, 10.5, 7.5, 11], "texture": "#0"},
				"west": {"uv": [1.5, 9, 2.5, 9.5], "texture": "#0"},
				"up": {"uv": [3, 10, 2.5, 9], "texture": "#0"},
				"down": {"uv": [9.5, 3, 9, 4], "texture": "#0"}
			}
		},
		{
			"from": [7.5, 28, 8.25],
			"to": [8.5, 29, 10.25],
			"rotation": {"angle": 0, "axis": "y", "origin": [9.5, 28, 8.25]},
			"faces": {
				"north": {"uv": [7.5, 10.5, 8, 11], "texture": "#0"},
				"east": {"uv": [9, 1.5, 10, 2], "texture": "#0"},
				"south": {"uv": [8, 10.5, 8.5, 11], "texture": "#0"},
				"west": {"uv": [4, 9, 5, 9.5], "texture": "#0"},
				"up": {"uv": [9.5, 5, 9, 4], "texture": "#0"},
				"down": {"uv": [5.5, 9, 5, 10], "texture": "#0"}
			}
		},
		{
			"from": [5.75, 18, 7.5],
			"to": [7.75, 19, 8.5],
			"rotation": {"angle": 0, "axis": "y", "origin": [7.75, 18, 6.5]},
			"faces": {
				"north": {"uv": [9, 5, 10, 5.5], "texture": "#0"},
				"east": {"uv": [10.5, 8, 11, 8.5], "texture": "#0"},
				"south": {"uv": [5.5, 9, 6.5, 9.5], "texture": "#0"},
				"west": {"uv": [10.5, 8.5, 11, 9], "texture": "#0"},
				"up": {"uv": [10, 6, 9, 5.5], "texture": "#0"},
				"down": {"uv": [10, 6, 9, 6.5], "texture": "#0"}
			}
		},
		{
			"from": [5.75, 23, 7.5],
			"to": [7.75, 24, 8.5],
			"rotation": {"angle": 0, "axis": "y", "origin": [7.75, 23, 6.5]},
			"faces": {
				"north": {"uv": [6.5, 9, 7.5, 9.5], "texture": "#0"},
				"east": {"uv": [9, 10.5, 9.5, 11], "texture": "#0"},
				"south": {"uv": [9, 6.5, 10, 7], "texture": "#0"},
				"west": {"uv": [10.5, 9, 11, 9.5], "texture": "#0"},
				"up": {"uv": [10, 7.5, 9, 7], "texture": "#0"},
				"down": {"uv": [8.5, 9, 7.5, 9.5], "texture": "#0"}
			}
		},
		{
			"from": [5.75, 28, 7.5],
			"to": [7.75, 29, 8.5],
			"rotation": {"angle": 0, "axis": "y", "origin": [7.75, 28, 6.5]},
			"faces": {
				"north": {"uv": [9, 7.5, 10, 8], "texture": "#0"},
				"east": {"uv": [9.5, 10.5, 10, 11], "texture": "#0"},
				"south": {"uv": [9, 8, 10, 8.5], "texture": "#0"},
				"west": {"uv": [10, 10.5, 10.5, 11], "texture": "#0"},
				"up": {"uv": [9.5, 9.5, 8.5, 9], "texture": "#0"},
				"down": {"uv": [10, 8.5, 9, 9], "texture": "#0"}
			}
		},
		{
			"from": [8.25, 18, 7.5],
			"to": [10.25, 19, 8.5],
			"rotation": {"angle": 0, "axis": "y", "origin": [10.25, 18, 6.5]},
			"faces": {
				"north": {"uv": [0, 9.5, 1, 10], "texture": "#0"},
				"east": {"uv": [10.5, 10.5, 11, 11], "texture": "#0"},
				"south": {"uv": [9.5, 0, 10.5, 0.5], "texture": "#0"},
				"west": {"uv": [0, 11, 0.5, 11.5], "texture": "#0"},
				"up": {"uv": [10.5, 1, 9.5, 0.5], "texture": "#0"},
				"down": {"uv": [2.5, 9.5, 1.5, 10], "texture": "#0"}
			}
		},
		{
			"from": [8.25, 20.5, 7.5],
			"to": [10.25, 21.5, 8.5],
			"rotation": {"angle": -45, "axis": "y", "origin": [8, 21, 8]},
			"faces": {
				"north": {"uv": [9.5, 2, 10.5, 2.5], "texture": "#0"},
				"east": {"uv": [0.5, 11, 1, 11.5], "texture": "#0"},
				"south": {"uv": [9.5, 2.5, 10.5, 3], "texture": "#0"},
				"west": {"uv": [1, 11, 1.5, 11.5], "texture": "#0"},
				"up": {"uv": [4, 10, 3, 9.5], "texture": "#0"},
				"down": {"uv": [10.5, 3, 9.5, 3.5], "texture": "#0"}
			}
		},
		{
			"from": [7.5, 20.5, 8.25],
			"to": [8.5, 21.5, 10.25],
			"rotation": {"angle": -45, "axis": "y", "origin": [8, 21, 8]},
			"faces": {
				"north": {"uv": [1.5, 11, 2, 11.5], "texture": "#0"},
				"east": {"uv": [9.5, 3.5, 10.5, 4], "texture": "#0"},
				"south": {"uv": [11, 1.5, 11.5, 2], "texture": "#0"},
				"west": {"uv": [4, 9.5, 5, 10], "texture": "#0"},
				"up": {"uv": [10, 5, 9.5, 4], "texture": "#0"},
				"down": {"uv": [6, 9.5, 5.5, 10.5], "texture": "#0"}
			}
		},
		{
			"from": [5.75, 20.5, 7.5],
			"to": [7.75, 21.5, 8.5],
			"rotation": {"angle": -45, "axis": "y", "origin": [8, 21, 8]},
			"faces": {
				"north": {"uv": [6, 9.5, 7, 10], "texture": "#0"},
				"east": {"uv": [2, 11, 2.5, 11.5], "texture": "#0"},
				"south": {"uv": [7, 9.5, 8, 10], "texture": "#0"},
				"west": {"uv": [11, 2, 11.5, 2.5], "texture": "#0"},
				"up": {"uv": [9, 10, 8, 9.5], "texture": "#0"},
				"down": {"uv": [10, 9.5, 9, 10], "texture": "#0"}
			}
		},
		{
			"from": [7.5, 20.5, 5.75],
			"to": [8.5, 21.5, 7.75],
			"rotation": {"angle": -45, "axis": "y", "origin": [8, 21, 8]},
			"faces": {
				"north": {"uv": [2.5, 11, 3, 11.5], "texture": "#0"},
				"east": {"uv": [9.5, 9, 10.5, 9.5], "texture": "#0"},
				"south": {"uv": [11, 2.5, 11.5, 3], "texture": "#0"},
				"west": {"uv": [0, 10, 1, 10.5], "texture": "#0"},
				"up": {"uv": [1.5, 11, 1, 10], "texture": "#0"},
				"down": {"uv": [10.5, 1, 10, 2], "texture": "#0"}
			}
		},
		{
			"from": [8.25, 25.75, 7.5],
			"to": [10.25, 26.75, 8.5],
			"rotation": {"angle": -45, "axis": "y", "origin": [8, 26.25, 8]},
			"faces": {
				"north": {"uv": [1.5, 10, 2.5, 10.5], "texture": "#0"},
				"east": {"uv": [3, 11, 3.5, 11.5], "texture": "#0"},
				"south": {"uv": [2.5, 10, 3.5, 10.5], "texture": "#0"},
				"west": {"uv": [11, 3, 11.5, 3.5], "texture": "#0"},
				"up": {"uv": [4.5, 10.5, 3.5, 10], "texture": "#0"},
				"down": {"uv": [11, 4, 10, 4.5], "texture": "#0"}
			}
		},
		{
			"from": [7.5, 25.75, 8.25],
			"to": [8.5, 26.75, 10.25],
			"rotation": {"angle": -45, "axis": "y", "origin": [8, 26.25, 8]},
			"faces": {
				"north": {"uv": [3.5, 11, 4, 11.5], "texture": "#0"},
				"east": {"uv": [4.5, 10, 5.5, 10.5], "texture": "#0"},
				"south": {"uv": [11, 3.5, 11.5, 4], "texture": "#0"},
				"west": {"uv": [10, 4.5, 11, 5], "texture": "#0"},
				"up": {"uv": [10.5, 6, 10, 5], "texture": "#0"},
				"down": {"uv": [6.5, 10, 6, 11], "texture": "#0"}
			}
		},
		{
			"from": [5.75, 25.75, 7.5],
			"to": [7.75, 26.75, 8.5],
			"rotation": {"angle": -45, "axis": "y", "origin": [8, 26.25, 8]},
			"faces": {
				"north": {"uv": [10, 6, 11, 6.5], "texture": "#0"},
				"east": {"uv": [4, 11, 4.5, 11.5], "texture": "#0"},
				"south": {"uv": [6.5, 10, 7.5, 10.5], "texture": "#0"},
				"west": {"uv": [11, 4, 11.5, 4.5], "texture": "#0"},
				"up": {"uv": [11, 7, 10, 6.5], "texture": "#0"},
				"down": {"uv": [11, 7, 10, 7.5], "texture": "#0"}
			}
		},
		{
			"from": [7.5, 25.75, 5.75],
			"to": [8.5, 26.75, 7.75],
			"rotation": {"angle": -45, "axis": "y", "origin": [8, 26.25, 8]},
			"faces": {
				"north": {"uv": [4.5, 11, 5, 11.5], "texture": "#0"},
				"east": {"uv": [7.5, 10, 8.5, 10.5], "texture": "#0"},
				"south": {"uv": [11, 4.5, 11.5, 5], "texture": "#0"},
				"west": {"uv": [10, 7.5, 11, 8], "texture": "#0"},
				"up": {"uv": [10.5, 9, 10, 8], "texture": "#0"},
				"down": {"uv": [9, 10, 8.5, 11], "texture": "#0"}
			}
		},
		{
			"from": [8.25, 23, 7.5],
			"to": [10.25, 24, 8.5],
			"rotation": {"angle": 0, "axis": "y", "origin": [10.25, 23, 6.5]},
			"faces": {
				"north": {"uv": [9, 10, 10, 10.5], "texture": "#0"},
				"east": {"uv": [5, 11, 5.5, 11.5], "texture": "#0"},
				"south": {"uv": [10, 9.5, 11, 10], "texture": "#0"},
				"west": {"uv": [11, 5, 11.5, 5.5], "texture": "#0"},
				"up": {"uv": [11, 10.5, 10, 10], "texture": "#0"},
				"down": {"uv": [1, 10.5, 0, 11], "texture": "#0"}
			}
		},
		{
			"from": [8.25, 28, 7.5],
			"to": [10.25, 29, 8.5],
			"rotation": {"angle": 0, "axis": "y", "origin": [10.25, 28, 6.5]},
			"faces": {
				"north": {"uv": [10.5, 0, 11.5, 0.5], "texture": "#0"},
				"east": {"uv": [5.5, 11, 6, 11.5], "texture": "#0"},
				"south": {"uv": [10.5, 0.5, 11.5, 1], "texture": "#0"},
				"west": {"uv": [11, 5.5, 11.5, 6], "texture": "#0"},
				"up": {"uv": [11.5, 1.5, 10.5, 1], "texture": "#0"},
				"down": {"uv": [2.5, 10.5, 1.5, 11], "texture": "#0"}
			}
		},
		{
			"from": [8.5, -1, 7.5],
			"to": [9, 0, 8.5],
			"rotation": {"angle": 0, "axis": "y", "origin": [7, -2, 7]},
			"faces": {
				"north": {"uv": [6, 11, 6.5, 11.5], "texture": "#0"},
				"east": {"uv": [11, 6, 11.5, 6.5], "texture": "#0"},
				"south": {"uv": [6.5, 11, 7, 11.5], "texture": "#0"},
				"west": {"uv": [11, 6.5, 11.5, 7], "texture": "#0"},
				"up": {"uv": [7.5, 11.5, 7, 11], "texture": "#0"},
				"down": {"uv": [11.5, 7, 11, 7.5], "texture": "#0"}
			}
		},
		{
			"from": [7, -1, 7.5],
			"to": [7.5, 0, 8.5],
			"rotation": {"angle": 0, "axis": "y", "origin": [5.5, -2, 7]},
			"faces": {
				"north": {"uv": [7.5, 11, 8, 11.5], "texture": "#0"},
				"east": {"uv": [11, 7.5, 11.5, 8], "texture": "#0"},
				"south": {"uv": [8, 11, 8.5, 11.5], "texture": "#0"},
				"west": {"uv": [11, 8, 11.5, 8.5], "texture": "#0"},
				"up": {"uv": [9, 11.5, 8.5, 11], "texture": "#0"},
				"down": {"uv": [11.5, 8.5, 11, 9], "texture": "#0"}
			}
		},
		{
			"from": [7, -1.5, 7.5],
			"to": [9, -1, 8.5],
			"rotation": {"angle": 0, "axis": "y", "origin": [5.5, -3, 7]},
			"faces": {
				"north": {"uv": [6, 7.5, 7, 8], "texture": "#0"},
				"east": {"uv": [10.5, 1.5, 11, 2], "texture": "#0"},
				"south": {"uv": [0, 8, 1, 8.5], "texture": "#0"},
				"west": {"uv": [10.5, 2, 11, 2.5], "texture": "#0"},
				"up": {"uv": [9, 3.5, 8, 3], "texture": "#0"},
				"down": {"uv": [9, 3.5, 8, 4], "texture": "#0"}
			}
		}
	],
	"gui_light": "front",
	"display": {
		"thirdperson_righthand": {
			"translation": [-0.5, -0.5, 1.5],
			"scale": [0.8, 0.8, 0.8]
		},
		"thirdperson_lefthand": {
			"translation": [-0.5, -0.5, 1.5],
			"scale": [0.8, 0.8, 0.8]
		},
		"firstperson_righthand": {
			"rotation": [6.5, 0, 0],
			"translation": [-0.25, -2.25, -0.5],
			"scale": [0.8, 0.8, 0.8]
		},
		"firstperson_lefthand": {
			"rotation": [6.5, 0, 0],
			"translation": [-0.25, -2.25, -0.5],
			"scale": [0.8, 0.8, 0.8]
		},
		"ground": {
			"translation": [0, 3, 0],
			"scale": [0.5, 0.5, 0.5]
		},
		"gui": {
			"rotation": [0, 0, -45],
			"translation": [-2.75, -2.75, 0],
			"scale": [0.6, 0.6, 0.6]
		},
		"fixed": {
			"translation": [0, -5.25, 0]
		}
	}
}