{
	"credit": "Made with Blockbench",
	"texture_size": [32, 32],
	"textures": {
		"0": "item/deltasword",
		"particle": "deltasword"
	},
	"elements": [
		{
			"from": [7, -6, 7],
			"to": [8.5, 0, 8.5],
			"faces": {
				"north": {"uv": [9.5, 5, 10.5, 8], "texture": "#0"},
				"east": {"uv": [9.5, 8, 10.5, 11], "texture": "#0"},
				"south": {"uv": [6, 10, 7, 13], "texture": "#0"},
				"west": {"uv": [7, 10, 8, 13], "texture": "#0"},
				"up": {"uv": [7, 14, 6, 13], "texture": "#0"},
				"down": {"uv": [14, 6, 13, 7], "texture": "#0"}
			}
		},
		{
			"from": [7, 0, 6.5],
			"to": [13.5, 2, 9],
			"faces": {
				"north": {"uv": [7, 3, 10.5, 4], "texture": "#0"},
				"east": {"uv": [2, 11.5, 3.5, 12.5], "texture": "#0"},
				"south": {"uv": [7, 4, 10.5, 5], "texture": "#0"},
				"west": {"uv": [3.5, 11.5, 5, 12.5], "texture": "#0"},
				"up": {"uv": [9.5, 6.5, 6, 5], "texture": "#0"},
				"down": {"uv": [9.5, 6.5, 6, 8], "texture": "#0"}
			}
		},
		{
			"from": [6.5, 2, 7.25],
			"to": [13, 4, 8.25],
			"faces": {
				"north": {"uv": [6, 8, 9.5, 9], "texture": "#0"},
				"east": {"uv": [14.5, 3.5, 15, 4.5], "texture": "#0"},
				"south": {"uv": [6, 9, 9.5, 10], "texture": "#0"},
				"west": {"uv": [5, 14.5, 5.5, 15.5], "texture": "#0"},
				"up": {"uv": [14.5, 2.5, 11, 2], "texture": "#0"},
				"down": {"uv": [14.5, 2.5, 11, 3], "texture": "#0"}
			}
		},
		{
			"from": [6.5, 4, 7.25],
			"to": [7.5, 11, 8.25],
			"faces": {
				"north": {"uv": [9.5, 11, 10, 14.5], "texture": "#0"},
				"east": {"uv": [10, 11, 10.5, 14.5], "texture": "#0"},
				"south": {"uv": [1, 11.5, 1.5, 15], "texture": "#0"},
				"west": {"uv": [1.5, 11.5, 2, 15], "texture": "#0"},
				"up": {"uv": [14, 9, 13.5, 8.5], "texture": "#0"},
				"down": {"uv": [15, 12.5, 14.5, 13], "texture": "#0"}
			}
		},
		{
			"from": [8.5, 4, 7.25],
			"to": [9.5, 9, 8.25],
			"faces": {
				"north": {"uv": [3.5, 12.5, 4, 15], "texture": "#0"},
				"east": {"uv": [4, 12.5, 4.5, 15], "texture": "#0"},
				"south": {"uv": [4.5, 12.5, 5, 15], "texture": "#0"},
				"west": {"uv": [12.5, 7, 13, 9.5], "texture": "#0"},
				"up": {"uv": [13.5, 15, 13, 14.5], "texture": "#0"},
				"down": {"uv": [14, 14.5, 13.5, 15], "texture": "#0"}
			}
		},
		{
			"from": [9.5, 4, 7.25],
			"to": [10.5, 7, 8.25],
			"faces": {
				"north": {"uv": [3, 13.5, 3.5, 15], "texture": "#0"},
				"east": {"uv": [13.5, 7, 14, 8.5], "texture": "#0"},
				"south": {"uv": [10.5, 13.5, 11, 15], "texture": "#0"},
				"west": {"uv": [11, 13.5, 11.5, 15], "texture": "#0"},
				"up": {"uv": [14.5, 15, 14, 14.5], "texture": "#0"},
				"down": {"uv": [15, 14, 14.5, 14.5], "texture": "#0"}
			}
		},
		{
			"from": [7.5, 4, 7.25],
			"to": [8.5, 7, 8.25],
			"faces": {
				"north": {"uv": [6, 14, 6.5, 15.5], "texture": "#0"},
				"east": {"uv": [14, 6, 14.5, 7.5], "texture": "#0"},
				"south": {"uv": [6.5, 14, 7, 15.5], "texture": "#0"},
				"west": {"uv": [14, 7.5, 14.5, 9], "texture": "#0"},
				"up": {"uv": [15, 15, 14.5, 14.5], "texture": "#0"},
				"down": {"uv": [15.5, 0, 15, 0.5], "texture": "#0"}
			}
		},
		{
			"from": [5.5, 4, 7.25],
			"to": [6.5, 10, 8.25],
			"faces": {
				"north": {"uv": [5, 11.5, 5.5, 14.5], "texture": "#0"},
				"east": {"uv": [5.5, 11.5, 6, 14.5], "texture": "#0"},
				"south": {"uv": [11.5, 10, 12, 13], "texture": "#0"},
				"west": {"uv": [12, 7, 12.5, 10], "texture": "#0"},
				"up": {"uv": [15.5, 1, 15, 0.5], "texture": "#0"},
				"down": {"uv": [1.5, 15, 1, 15.5], "texture": "#0"}
			}
		},
		{
			"from": [10.5, 4, 7.25],
			"to": [11.5, 8, 8.25],
			"faces": {
				"north": {"uv": [7, 13, 7.5, 15], "texture": "#0"},
				"east": {"uv": [13, 7, 13.5, 9], "texture": "#0"},
				"south": {"uv": [7.5, 13, 8, 15], "texture": "#0"},
				"west": {"uv": [11.5, 13, 12, 15], "texture": "#0"},
				"up": {"uv": [15.5, 1.5, 15, 1], "texture": "#0"},
				"down": {"uv": [2, 15, 1.5, 15.5], "texture": "#0"}
			}
		},
		{
			"from": [11.5, 4, 7.25],
			"to": [12.7, 6, 8.25],
			"faces": {
				"north": {"uv": [5.5, 14.5, 6, 15.5], "texture": "#0"},
				"east": {"uv": [14.5, 6, 15, 7], "texture": "#0"},
				"south": {"uv": [14.5, 7, 15, 8], "texture": "#0"},
				"west": {"uv": [14.5, 8, 15, 9], "texture": "#0"},
				"up": {"uv": [15.5, 2, 15, 1.5], "texture": "#0"},
				"down": {"uv": [3.5, 15, 3, 15.5], "texture": "#0"}
			}
		},
		{
			"from": [6, 2, 7.5],
			"to": [12.5, 12, 8],
			"faces": {
				"north": {"uv": [0, 0, 3.5, 5], "texture": "#0"},
				"east": {"uv": [10.5, 0, 11, 5], "texture": "#0"},
				"south": {"uv": [3.5, 0, 7, 5], "texture": "#0"},
				"west": {"uv": [0.5, 10.5, 1, 15.5], "texture": "#0"},
				"up": {"uv": [14.5, 3.5, 11, 3], "texture": "#0"},
				"down": {"uv": [14.5, 3.5, 11, 4], "texture": "#0"}
			}
		},
		{
			"from": [6, 23, 7.5],
			"to": [12.5, 26, 8],
			"faces": {
				"north": {"uv": [7, 0, 10.5, 1.5], "texture": "#0"},
				"east": {"uv": [12, 14, 12.5, 15.5], "texture": "#0"},
				"south": {"uv": [7, 1.5, 10.5, 3], "texture": "#0"},
				"west": {"uv": [12.5, 14, 13, 15.5], "texture": "#0"},
				"up": {"uv": [14.5, 4.5, 11, 4], "texture": "#0"},
				"down": {"uv": [14.5, 4.5, 11, 5], "texture": "#0"}
			}
		},
		{
			"from": [6, 26, 7.5],
			"to": [11.5, 27, 8],
			"faces": {
				"north": {"uv": [12, 0, 15, 0.5], "texture": "#0"},
				"east": {"uv": [3.5, 15, 4, 15.5], "texture": "#0"},
				"south": {"uv": [12, 0.5, 15, 1], "texture": "#0"},
				"west": {"uv": [15, 3.5, 15.5, 4], "texture": "#0"},
				"up": {"uv": [15, 1.5, 12, 1], "texture": "#0"},
				"down": {"uv": [15, 1.5, 12, 2], "texture": "#0"}
			}
		},
		{
			"from": [6, 27, 7.5],
			"to": [10.5, 28, 8],
			"faces": {
				"north": {"uv": [12.5, 9.5, 15, 10], "texture": "#0"},
				"east": {"uv": [4, 15, 4.5, 15.5], "texture": "#0"},
				"south": {"uv": [12, 12.5, 14.5, 13], "texture": "#0"},
				"west": {"uv": [15, 4, 15.5, 4.5], "texture": "#0"},
				"up": {"uv": [15.5, 5.5, 13, 5], "texture": "#0"},
				"down": {"uv": [15.5, 5.5, 13, 6], "texture": "#0"}
			}
		},
		{
			"from": [6, 28, 7.5],
			"to": [9.5, 29, 8],
			"faces": {
				"north": {"uv": [13, 9, 15, 9.5], "texture": "#0"},
				"east": {"uv": [4.5, 15, 5, 15.5], "texture": "#0"},
				"south": {"uv": [13, 10, 15, 10.5], "texture": "#0"},
				"west": {"uv": [15, 6, 15.5, 6.5], "texture": "#0"},
				"up": {"uv": [15, 11, 13, 10.5], "texture": "#0"},
				"down": {"uv": [15, 11, 13, 11.5], "texture": "#0"}
			}
		},
		{
			"from": [6, 29, 7.5],
			"to": [8.5, 30, 8],
			"faces": {
				"north": {"uv": [13.5, 11.5, 15, 12], "texture": "#0"},
				"east": {"uv": [15, 6.5, 15.5, 7], "texture": "#0"},
				"south": {"uv": [13.5, 12, 15, 12.5], "texture": "#0"},
				"west": {"uv": [7, 15, 7.5, 15.5], "texture": "#0"},
				"up": {"uv": [14.5, 14.5, 13, 14], "texture": "#0"},
				"down": {"uv": [15.5, 13, 14, 13.5], "texture": "#0"}
			}
		},
		{
			"from": [10, 12, 7.5],
			"to": [12.5, 23, 8],
			"faces": {
				"north": {"uv": [0, 5, 1.5, 10.5], "texture": "#0"},
				"east": {"uv": [8, 10, 8.5, 15.5], "texture": "#0"},
				"south": {"uv": [1.5, 5, 3, 10.5], "texture": "#0"},
				"west": {"uv": [8.5, 10, 9, 15.5], "texture": "#0"},
				"up": {"uv": [15.5, 14, 14, 13.5], "texture": "#0"},
				"down": {"uv": [16, 2, 14.5, 2.5], "texture": "#0"}
			}
		},
		{
			"from": [6, 12, 7.5],
			"to": [8.5, 23, 8],
			"faces": {
				"north": {"uv": [3, 5, 4.5, 10.5], "texture": "#0"},
				"east": {"uv": [9, 10, 9.5, 15.5], "texture": "#0"},
				"south": {"uv": [4.5, 5, 6, 10.5], "texture": "#0"},
				"west": {"uv": [0, 10.5, 0.5, 16], "texture": "#0"},
				"up": {"uv": [16, 3, 14.5, 2.5], "texture": "#0"},
				"down": {"uv": [16, 3, 14.5, 3.5], "texture": "#0"}
			}
		},
		{
			"from": [4, 0, 6.6],
			"to": [8.5, 2, 8.9],
			"rotation": {"angle": -45, "axis": "z", "origin": [8.25, 1, 7.75]},
			"faces": {
				"north": {"uv": [1, 10.5, 3.5, 11.5], "texture": "#0"},
				"east": {"uv": [12, 13, 13, 14], "texture": "#0"},
				"south": {"uv": [3.5, 10.5, 6, 11.5], "texture": "#0"},
				"west": {"uv": [13, 13, 14, 14], "texture": "#0"},
				"up": {"uv": [13, 6, 10.5, 5], "texture": "#0"},
				"down": {"uv": [13, 6, 10.5, 7], "texture": "#0"}
			}
		},
		{
			"from": [7, -9.4, 7.1],
			"to": [8.5, -5.4, 8.4],
			"rotation": {"angle": 22.5, "axis": "z", "origin": [7.75, -5.5, 7.75]},
			"faces": {
				"north": {"uv": [10.5, 10, 11.5, 12], "texture": "#0"},
				"east": {"uv": [2, 13.5, 2.5, 15.5], "texture": "#0"},
				"south": {"uv": [11, 0, 12, 2], "texture": "#0"},
				"west": {"uv": [2.5, 13.5, 3, 15.5], "texture": "#0"},
				"up": {"uv": [15.5, 5, 14.5, 4.5], "texture": "#0"},
				"down": {"uv": [10.5, 14.5, 9.5, 15], "texture": "#0"}
			}
		},
		{
			"from": [7.93381, -11.06507, 6.85],
			"to": [10.93381, -8.06507, 8.65],
			"rotation": {"angle": -22.5, "axis": "z", "origin": [9.43381, -9.56507, 7.75]},
			"faces": {
				"north": {"uv": [10.5, 7, 12, 8.5], "texture": "#0"},
				"east": {"uv": [12, 10, 13, 11.5], "texture": "#0"},
				"south": {"uv": [10.5, 8.5, 12, 10], "texture": "#0"},
				"west": {"uv": [10.5, 12, 11.5, 13.5], "texture": "#0"},
				"up": {"uv": [13.5, 12.5, 12, 11.5], "texture": "#0"},
				"down": {"uv": [3.5, 12.5, 2, 13.5], "texture": "#0"}
			}
		}
	],
	"gui_light": "front",
	"display": {
		"thirdperson_righthand": {
			"rotation": [0, 90, 0],
			"translation": [0, 6, 1],
			"scale": [0.7, 0.7, 0.7]
		},
		"thirdperson_lefthand": {
			"rotation": [0, -90, 0],
			"translation": [0, 6, 1],
			"scale": [0.7, 0.7, 0.7]
		},
		"firstperson_righthand": {
			"rotation": [15, 90, 0],
			"translation": [2, 0, -2.5]
		},
		"firstperson_lefthand": {
			"rotation": [15, -90, 0],
			"translation": [2, 0, -2.5]
		},
		"ground": {
			"translation": [0, 6, 0],
			"scale": [0.5, 0.5, 0.5]
		},
		"gui": {
			"rotation": [0, 0, -45],
			"translation": [-0.75, -0.25, 0],
			"scale": [0.5, 0.5, 0.5]
		}
	}
}