{
	"credit": "Made with Blockbench",
	"texture_size": [32, 32],
	"textures": {
		"0": "item/desertsword",
		"particle": "desertsword"
	},
	"elements": [
		{
			"from": [7.25, -7, 7.25],
			"to": [8.75, 0, 8.75],
			"rotation": {"angle": 0, "axis": "y", "origin": [7, -6, 7]},
			"faces": {
				"north": {"uv": [4, 0, 5, 3.5], "texture": "#0"},
				"east": {"uv": [1, 4, 2, 7.5], "texture": "#0"},
				"south": {"uv": [2, 4, 3, 7.5], "texture": "#0"},
				"west": {"uv": [3, 4, 4, 7.5], "texture": "#0"},
				"up": {"uv": [3.5, 8.5, 2.5, 7.5], "texture": "#0"},
				"down": {"uv": [8.5, 2.5, 7.5, 3.5], "texture": "#0"}
			}
		},
		{
			"from": [7.15, -6.5, 7.15],
			"to": [8.85, -6, 8.85],
			"rotation": {"angle": 0, "axis": "y", "origin": [7, -7, 7]},
			"faces": {
				"north": {"uv": [9.5, 0, 10.5, 0.5], "texture": "#0"},
				"east": {"uv": [9.5, 0.5, 10.5, 1], "texture": "#0"},
				"south": {"uv": [9.5, 1.5, 10.5, 2], "texture": "#0"},
				"west": {"uv": [2, 9.5, 3, 10], "texture": "#0"},
				"up": {"uv": [8.5, 4.5, 7.5, 3.5], "texture": "#0"},
				"down": {"uv": [8.5, 4.5, 7.5, 5.5], "texture": "#0"}
			}
		},
		{
			"from": [7.15, -1.5, 7.15],
			"to": [8.85, -1, 8.85],
			"rotation": {"angle": 0, "axis": "y", "origin": [7, -2, 7]},
			"faces": {
				"north": {"uv": [9.5, 2, 10.5, 2.5], "texture": "#0"},
				"east": {"uv": [9.5, 2.5, 10.5, 3], "texture": "#0"},
				"south": {"uv": [9.5, 3, 10.5, 3.5], "texture": "#0"},
				"west": {"uv": [3.5, 9.5, 4.5, 10], "texture": "#0"},
				"up": {"uv": [6, 8.5, 5, 7.5], "texture": "#0"},
				"down": {"uv": [8.5, 5.5, 7.5, 6.5], "texture": "#0"}
			}
		},
		{
			"from": [7, 0, 6.25],
			"to": [9, 1, 9],
			"rotation": {"angle": 0, "axis": "y", "origin": [7, 0, 7]},
			"faces": {
				"north": {"uv": [9.5, 3.5, 10.5, 4], "texture": "#0"},
				"east": {"uv": [8.5, 1, 10, 1.5], "texture": "#0"},
				"south": {"uv": [9.5, 4, 10.5, 4.5], "texture": "#0"},
				"west": {"uv": [8.5, 7.5, 10, 8], "texture": "#0"},
				"up": {"uv": [7, 8.5, 6, 7], "texture": "#0"},
				"down": {"uv": [8.5, 0, 7.5, 1.5], "texture": "#0"}
			}
		},
		{
			"from": [7.25, -0.125, 6.325],
			"to": [8.75, 1.8, 8.25],
			"rotation": {"angle": 45, "axis": "x", "origin": [8, 0.5, 7.625]},
			"faces": {
				"north": {"uv": [7.5, 6.5, 8.5, 7.5], "texture": "#0"},
				"east": {"uv": [7.5, 7.5, 8.5, 8.5], "texture": "#0"},
				"south": {"uv": [0, 8, 1, 9], "texture": "#0"},
				"west": {"uv": [8.5, 0, 9.5, 1], "texture": "#0"},
				"up": {"uv": [2, 9.5, 1, 8.5], "texture": "#0"},
				"down": {"uv": [3, 8.5, 2, 9.5], "texture": "#0"}
			}
		},
		{
			"from": [7.5, 0, 5],
			"to": [8.5, 1, 6.25],
			"rotation": {"angle": 0, "axis": "y", "origin": [7, 0, 4.25]},
			"faces": {
				"north": {"uv": [5.5, 5, 6, 5.5], "texture": "#0"},
				"east": {"uv": [6.5, 9.5, 7, 10], "texture": "#0"},
				"south": {"uv": [9.5, 6.5, 10, 7], "texture": "#0"},
				"west": {"uv": [9.5, 7, 10, 7.5], "texture": "#0"},
				"up": {"uv": [8, 10, 7.5, 9.5], "texture": "#0"},
				"down": {"uv": [8.5, 9.5, 8, 10], "texture": "#0"}
			}
		},
		{
			"from": [7.5, 0, 9],
			"to": [8.5, 1, 10.25],
			"rotation": {"angle": 0, "axis": "y", "origin": [7, 0, 8.25]},
			"faces": {
				"north": {"uv": [9.5, 8, 10, 8.5], "texture": "#0"},
				"east": {"uv": [8.5, 9.5, 9, 10], "texture": "#0"},
				"south": {"uv": [9.5, 8.5, 10, 9], "texture": "#0"},
				"west": {"uv": [9, 9.5, 9.5, 10], "texture": "#0"},
				"up": {"uv": [10, 9.5, 9.5, 9], "texture": "#0"},
				"down": {"uv": [10, 9.5, 9.5, 10], "texture": "#0"}
			}
		},
		{
			"from": [7.75, 1, 6.25],
			"to": [8.25, 9, 9],
			"rotation": {"angle": 0, "axis": "y", "origin": [7, 1, 7]},
			"faces": {
				"north": {"uv": [4, 5.5, 4.5, 9.5], "texture": "#0"},
				"east": {"uv": [0, 0, 1.5, 4], "texture": "#0"},
				"south": {"uv": [4.5, 5.5, 5, 9.5], "texture": "#0"},
				"west": {"uv": [1.5, 0, 3, 4], "texture": "#0"},
				"up": {"uv": [7, 3.5, 6.5, 2], "texture": "#0"},
				"down": {"uv": [3.5, 8.5, 3, 10], "texture": "#0"}
			}
		},
		{
			"from": [7.75, 17.675, 7.05],
			"to": [8.25, 19.775, 9.55],
			"rotation": {"angle": 0, "axis": "x", "origin": [8, 18.65, 10.05]},
			"faces": {
				"north": {"uv": [4.5, 9.5, 5, 10.5], "texture": "#0"},
				"east": {"uv": [1, 7.5, 2.5, 8.5], "texture": "#0"},
				"south": {"uv": [9.5, 4.5, 10, 5.5], "texture": "#0"},
				"west": {"uv": [7.5, 1.5, 9, 2.5], "texture": "#0"},
				"up": {"uv": [9, 9.5, 8.5, 8], "texture": "#0"},
				"down": {"uv": [0.5, 9, 0, 10.5], "texture": "#0"}
			}
		},
		{
			"from": [7.75, 19.775, 7.55],
			"to": [8.25, 23.625, 9.55],
			"rotation": {"angle": 0, "axis": "x", "origin": [8, 20.75, 10.05]},
			"faces": {
				"north": {"uv": [6.5, 0, 7, 2], "texture": "#0"},
				"east": {"uv": [5, 5.5, 6, 7.5], "texture": "#0"},
				"south": {"uv": [3.5, 7.5, 4, 9.5], "texture": "#0"},
				"west": {"uv": [6, 5, 7, 7], "texture": "#0"},
				"up": {"uv": [5.5, 10.5, 5, 9.5], "texture": "#0"},
				"down": {"uv": [6, 9.5, 5.5, 10.5], "texture": "#0"}
			}
		},
		{
			"from": [7.75, 9.175, 4.925],
			"to": [8.25, 17.675, 7.175],
			"rotation": {"angle": 0, "axis": "y", "origin": [7, 9.675, 5.175]},
			"faces": {
				"north": {"uv": [7, 0, 7.5, 4], "texture": "#0"},
				"east": {"uv": [3, 0, 4, 4], "texture": "#0"},
				"south": {"uv": [7, 4, 7.5, 8], "texture": "#0"},
				"west": {"uv": [0, 4, 1, 8], "texture": "#0"},
				"up": {"uv": [10, 6.5, 9.5, 5.5], "texture": "#0"},
				"down": {"uv": [6.5, 9.5, 6, 10.5], "texture": "#0"}
			}
		},
		{
			"from": [7.775, 7.6, 5.6],
			"to": [8.225, 10.6, 8.35],
			"rotation": {"angle": -45, "axis": "x", "origin": [8, 9.1, 6.975]},
			"faces": {
				"north": {"uv": [0.5, 9, 1, 10.5], "texture": "#0"},
				"east": {"uv": [5, 2, 6.5, 3.5], "texture": "#0"},
				"south": {"uv": [9, 1.5, 9.5, 3], "texture": "#0"},
				"west": {"uv": [5.5, 3.5, 7, 5], "texture": "#0"},
				"up": {"uv": [9.5, 4.5, 9, 3], "texture": "#0"},
				"down": {"uv": [9.5, 8, 9, 9.5], "texture": "#0"}
			}
		},
		{
			"from": [7.775, 16.25, 5.6],
			"to": [8.225, 20, 8.35],
			"rotation": {"angle": 45, "axis": "x", "origin": [8, 17.75, 6.975]},
			"faces": {
				"north": {"uv": [7, 8, 7.5, 10], "texture": "#0"},
				"east": {"uv": [4, 3.5, 5.5, 5.5], "texture": "#0"},
				"south": {"uv": [8.5, 2.5, 9, 4.5], "texture": "#0"},
				"west": {"uv": [5, 0, 6.5, 2], "texture": "#0"},
				"up": {"uv": [1.5, 11, 1, 9.5], "texture": "#0"},
				"down": {"uv": [2, 9.5, 1.5, 11], "texture": "#0"}
			}
		},
		{
			"from": [7.15, -8.5, 6.75],
			"to": [8.85, -7, 8.75],
			"rotation": {"angle": 0, "axis": "y", "origin": [7, -13, 7]},
			"faces": {
				"north": {"uv": [8.5, 4.5, 9.5, 5.5], "texture": "#0"},
				"east": {"uv": [5, 8.5, 6, 9.5], "texture": "#0"},
				"south": {"uv": [8.5, 5.5, 9.5, 6.5], "texture": "#0"},
				"west": {"uv": [6, 8.5, 7, 9.5], "texture": "#0"},
				"up": {"uv": [9.5, 7.5, 8.5, 6.5], "texture": "#0"},
				"down": {"uv": [8.5, 8.5, 7.5, 9.5], "texture": "#0"}
			}
		}
	],
	"gui_light": "front",
	"display": {
		"thirdperson_righthand": {
			"translation": [-0.25, 7, 1.25],
			"scale": [0.8, 0.8, 0.8]
		},
		"thirdperson_lefthand": {
			"translation": [-0.25, 7, 1.25],
			"scale": [0.8, 0.8, 0.8]
		},
		"firstperson_righthand": {
			"rotation": [5, 0, 0],
			"translation": [-0.25, 6, 2.5],
			"scale": [0.7, 0.7, 0.7]
		},
		"firstperson_lefthand": {
			"rotation": [5, 0, 0],
			"translation": [-0.25, 6, 2.5],
			"scale": [0.7, 0.7, 0.7]
		},
		"ground": {
			"translation": [0, 6.25, 0],
			"scale": [0.5, 0.5, 0.5]
		},
		"gui": {
			"rotation": [90, 44.75, -90],
			"translation": [0.25, 0, 0],
			"scale": [0.65, 0.65, 0.65]
		},
		"fixed": {
			"rotation": [0, -90, 0]
		}
	}
}