{
	"credit": "Made with Blockbench",
	"texture_size": [32, 32],
	"textures": {
		"0": "item/didgeridoo",
		"particle": "didgeridoo"
	},
	"elements": [
		{
			"from": [7, -11, 6],
			"to": [10, -4, 9],
			"faces": {
				"north": {"uv": [7, 0, 8.5, 3.5], "texture": "#0"},
				"east": {"uv": [7, 3.5, 8.5, 7], "texture": "#0"},
				"south": {"uv": [7, 7, 8.5, 10.5], "texture": "#0"},
				"west": {"uv": [8.5, 0, 10, 3.5], "texture": "#0"},
				"up": {"uv": [11.5, 3, 10, 1.5], "texture": "#0"},
				"down": {"uv": [3.5, 10, 2, 11.5], "texture": "#0"}
			}
		},
		{
			"from": [7.25, -4, 6.25],
			"to": [9.75, 6, 8.75],
			"faces": {
				"north": {"uv": [4, 0, 5.5, 5], "texture": "#0"},
				"east": {"uv": [4, 5, 5.5, 10], "texture": "#0"},
				"south": {"uv": [5.5, 0, 7, 5], "texture": "#0"},
				"west": {"uv": [5.5, 5, 7, 10], "texture": "#0"},
				"up": {"uv": [5, 11.5, 3.5, 10], "texture": "#0"},
				"down": {"uv": [6.5, 10, 5, 11.5], "texture": "#0"}
			}
		},
		{
			"from": [7.5, 6, 6.5],
			"to": [9.5, 26, 8.5],
			"faces": {
				"north": {"uv": [0, 0, 1, 10], "texture": "#0"},
				"east": {"uv": [1, 0, 2, 10], "texture": "#0"},
				"south": {"uv": [2, 0, 3, 10], "texture": "#0"},
				"west": {"uv": [3, 0, 4, 10], "texture": "#0"},
				"up": {"uv": [12.5, 9, 10.5, 7], "texture": "#0"},
				"down": {"uv": [11.5, 9, 10.5, 10], "texture": "#0"}
			}
		},
		{
			"from": [6.875, -13, 5.875],
			"to": [10.125, -11, 9.125],
			"faces": {
				"north": {"uv": [10.5, 6, 12, 7], "texture": "#0"},
				"east": {"uv": [6.5, 10.5, 8, 11.5], "texture": "#0"},
				"south": {"uv": [12, 6, 13.5, 7], "texture": "#0"},
				"west": {"uv": [8, 10.5, 9.5, 11.5], "texture": "#0"},
				"up": {"uv": [12, 4.5, 10.5, 3], "texture": "#0"},
				"down": {"uv": [12, 4.5, 10.5, 6], "texture": "#0"}
			}
		},
		{
			"from": [6.75, -16, 5.75],
			"to": [10.25, -13, 9.25],
			"faces": {
				"north": {"uv": [8.5, 7.5, 10.5, 9], "texture": "#0"},
				"east": {"uv": [8.5, 9, 10.5, 10.5], "texture": "#0"},
				"south": {"uv": [0, 10, 2, 11.5], "texture": "#0"},
				"west": {"uv": [10, 0, 12, 1.5], "texture": "#0"},
				"up": {"uv": [10.5, 5.5, 8.5, 3.5], "texture": "#0"},
				"down": {"uv": [10.5, 5.5, 8.5, 7.5], "texture": "#0"}
			}
		}
	],
	"gui_light": "front",
	"display": {
		"thirdperson_righthand": {
			"rotation": [0, 0, 180],
			"translation": [0.25, -0.75, 1.5],
			"scale": [0.7, 0.7, 0.7]
		},
		"thirdperson_lefthand": {
			"rotation": [0, 0, 180],
			"translation": [-0.25, -0.75, 1.5],
			"scale": [0.7, 0.7, 0.7]
		},
		"firstperson_righthand": {
			"rotation": [15, 0, 180],
			"translation": [1.25, 2.75, 0]
		},
		"firstperson_lefthand": {
			"rotation": [15, 0, 180],
			"translation": [0.5, 2.75, 0]
		},
		"ground": {
			"translation": [0, 14, 0],
			"scale": [0.7, 0.7, 0.7]
		},
		"gui": {
			"rotation": [0, 0, -45],
			"translation": [1.25, 1.75, 0],
			"scale": [0.8, 0.5, 0.5]
		},
		"fixed": {
			"translation": [-0.75, 1, 0]
		}
	}
}