{
	"credit": "Made with Blockbench",
	"texture_size": [64, 64],
	"textures": {
		"0": "item/dioritesword",
		"particle": "dioritesword"
	},
	"elements": [
		{
			"from": [7.25, -6, 7.25],
			"to": [8.75, 1, 8.75],
			"rotation": {"angle": 0, "axis": "y", "origin": [7, -2, 7]},
			"faces": {
				"north": {"uv": [5, 3.5, 5.5, 5.25], "texture": "#0"},
				"east": {"uv": [5, 5.25, 5.5, 7], "texture": "#0"},
				"south": {"uv": [5.5, 3.5, 6, 5.25], "texture": "#0"},
				"west": {"uv": [5.5, 5.25, 6, 7], "texture": "#0"},
				"up": {"uv": [7.25, 6, 6.75, 5.5], "texture": "#0"},
				"down": {"uv": [7.25, 6, 6.75, 6.5], "texture": "#0"}
			}
		},
		{
			"from": [7, -7, 7],
			"to": [9, -6, 9],
			"rotation": {"angle": 0, "axis": "y", "origin": [7, -8, 7]},
			"faces": {
				"north": {"uv": [7, 7, 7.5, 7.25], "texture": "#0"},
				"east": {"uv": [0, 7.25, 0.5, 7.5], "texture": "#0"},
				"south": {"uv": [0.5, 7.25, 1, 7.5], "texture": "#0"},
				"west": {"uv": [1, 7.25, 1.5, 7.5], "texture": "#0"},
				"up": {"uv": [7.25, 7, 6.75, 6.5], "texture": "#0"},
				"down": {"uv": [7.5, 2.5, 7, 3], "texture": "#0"}
			}
		},
		{
			"from": [7, 1, 7],
			"to": [9, 2, 9],
			"rotation": {"angle": 0, "axis": "y", "origin": [7, 0, 7]},
			"faces": {
				"north": {"uv": [1.5, 7.25, 2, 7.5], "texture": "#0"},
				"east": {"uv": [7.25, 1.5, 7.75, 1.75], "texture": "#0"},
				"south": {"uv": [7.25, 1.75, 7.75, 2], "texture": "#0"},
				"west": {"uv": [2, 7.25, 2.5, 7.5], "texture": "#0"},
				"up": {"uv": [7.5, 3.5, 7, 3], "texture": "#0"},
				"down": {"uv": [5.5, 7, 5, 7.5], "texture": "#0"}
			}
		},
		{
			"from": [4, 3, 7.25],
			"to": [12, 32, 8.75],
			"rotation": {"angle": 0, "axis": "y", "origin": [7, 2, 7]},
			"faces": {
				"north": {"uv": [0, 0, 2, 7.25], "texture": "#0"},
				"east": {"uv": [4, 0, 4.5, 7.25], "texture": "#0"},
				"south": {"uv": [2, 0, 4, 7.25], "texture": "#0"},
				"west": {"uv": [4.5, 0, 5, 7.25], "texture": "#0"},
				"up": {"uv": [7, 3, 5, 2.5], "texture": "#0"},
				"down": {"uv": [7, 3, 5, 3.5], "texture": "#0"}
			}
		},
		{
			"from": [3, 2, 6.75],
			"to": [13, 3, 9.25],
			"rotation": {"angle": 0, "axis": "y", "origin": [7, 1, 7]},
			"faces": {
				"north": {"uv": [6, 3.5, 8.5, 3.75], "texture": "#0"},
				"east": {"uv": [5.5, 7, 6.25, 7.25], "texture": "#0"},
				"south": {"uv": [6, 3.75, 8.5, 4], "texture": "#0"},
				"west": {"uv": [6.25, 7, 7, 7.25], "texture": "#0"},
				"up": {"uv": [7.5, 0.75, 5, 0], "texture": "#0"},
				"down": {"uv": [7.5, 0.75, 5, 1.5], "texture": "#0"}
			}
		},
		{
			"from": [3.75, 3, 7],
			"to": [12.25, 4, 9],
			"rotation": {"angle": 0, "axis": "y", "origin": [7, 2, 7]},
			"faces": {
				"north": {"uv": [6, 4, 8.25, 4.25], "texture": "#0"},
				"east": {"uv": [7.25, 2, 7.75, 2.25], "texture": "#0"},
				"south": {"uv": [6, 4.25, 8.25, 4.5], "texture": "#0"},
				"west": {"uv": [7.25, 2.25, 7.75, 2.5], "texture": "#0"},
				"up": {"uv": [7.25, 2, 5, 1.5], "texture": "#0"},
				"down": {"uv": [7.25, 2, 5, 2.5], "texture": "#0"}
			}
		},
		{
			"from": [6.75, -9, 6.75],
			"to": [9.25, -7, 9.25],
			"rotation": {"angle": 0, "axis": "y", "origin": [7, -9, 7]},
			"faces": {
				"north": {"uv": [6, 6, 6.75, 6.5], "texture": "#0"},
				"east": {"uv": [6, 6.5, 6.75, 7], "texture": "#0"},
				"south": {"uv": [6.75, 4.5, 7.5, 5], "texture": "#0"},
				"west": {"uv": [6.75, 5, 7.5, 5.5], "texture": "#0"},
				"up": {"uv": [6.75, 5.25, 6, 4.5], "texture": "#0"},
				"down": {"uv": [6.75, 5.25, 6, 6], "texture": "#0"}
			}
		}
	],
	"gui_light": "front",
	"display": {
		"thirdperson_righthand": {
			"rotation": [0, 90, 0],
			"translation": [-0.25, 4.75, 1.25],
			"scale": [0.7, 0.7, 0.7]
		},
		"thirdperson_lefthand": {
			"rotation": [0, 90, 0],
			"translation": [-0.25, 4.75, 1.25],
			"scale": [0.7, 0.7, 0.7]
		},
		"firstperson_righthand": {
			"rotation": [0, 90, 5],
			"translation": [0.25, 4.25, 0.75],
			"scale": [0.6, 0.6, 0.6]
		},
		"firstperson_lefthand": {
			"rotation": [0, 90, 5],
			"translation": [0.25, 4.25, 0.75],
			"scale": [0.6, 0.6, 0.6]
		},
		"ground": {
			"translation": [0, 6.75, 0],
			"scale": [0.5, 0.5, 0.5]
		},
		"gui": {
			"rotation": [0, 0, -45],
			"translation": [-1.75, -1.5, 0],
			"scale": [0.49, 0.49, 0.49]
		}
	}
}