{
	"credit": "Made with Blockbench",
	"texture_size": [32, 32],
	"textures": {
		"0": "item/echosword",
		"particle": "echosword"
	},
	"elements": [
		{
			"from": [7, -14, 7],
			"to": [8.5, -7, 8.5],
			"faces": {
				"north": {"uv": [7, 4, 8, 7.5], "texture": "#0"},
				"east": {"uv": [7, 7.5, 8, 11], "texture": "#0"},
				"south": {"uv": [8, 4, 9, 7.5], "texture": "#0"},
				"west": {"uv": [8, 7.5, 9, 11], "texture": "#0"},
				"up": {"uv": [8, 12, 7, 11], "texture": "#0"},
				"down": {"uv": [9, 11, 8, 12], "texture": "#0"}
			}
		},
		{
			"from": [6.88, -16, 6.88],
			"to": [8.63, -14, 8.63],
			"faces": {
				"north": {"uv": [11, 8, 12, 9], "texture": "#0"},
				"east": {"uv": [11, 9, 12, 10], "texture": "#0"},
				"south": {"uv": [11, 10, 12, 11], "texture": "#0"},
				"west": {"uv": [11, 11, 12, 12], "texture": "#0"},
				"up": {"uv": [12.5, 5, 11.5, 4], "texture": "#0"},
				"down": {"uv": [12.5, 5, 11.5, 6], "texture": "#0"}
			}
		},
		{
			"from": [6.88, -10, 6.88],
			"to": [8.63, -9, 8.63],
			"faces": {
				"north": {"uv": [12, 12.5, 13, 13], "texture": "#0"},
				"east": {"uv": [13, 1, 14, 1.5], "texture": "#0"},
				"south": {"uv": [13, 1.5, 14, 2], "texture": "#0"},
				"west": {"uv": [13, 2, 14, 2.5], "texture": "#0"},
				"up": {"uv": [12.5, 7, 11.5, 6], "texture": "#0"},
				"down": {"uv": [12.5, 7, 11.5, 8], "texture": "#0"}
			}
		},
		{
			"from": [4.75, -6, 7.5],
			"to": [10.75, 23, 8],
			"faces": {
				"north": {"uv": [0, 0, 3, 14.5], "texture": "#0"},
				"east": {"uv": [6, 0, 6.5, 14.5], "texture": "#0"},
				"south": {"uv": [3, 0, 6, 14.5], "texture": "#0"},
				"west": {"uv": [6.5, 0, 7, 14.5], "texture": "#0"},
				"up": {"uv": [12.5, 0.5, 9.5, 0], "texture": "#0"},
				"down": {"uv": [12.5, 0.5, 9.5, 1], "texture": "#0"}
			}
		},
		{
			"from": [5.5, 23, 7.5],
			"to": [10, 27, 8],
			"faces": {
				"north": {"uv": [7, 0, 9.5, 2], "texture": "#0"},
				"east": {"uv": [9, 11.5, 9.5, 13.5], "texture": "#0"},
				"south": {"uv": [7, 2, 9.5, 4], "texture": "#0"},
				"west": {"uv": [9.5, 11.5, 10, 13.5], "texture": "#0"},
				"up": {"uv": [13, 1.5, 10.5, 1], "texture": "#0"},
				"down": {"uv": [13, 1.5, 10.5, 2], "texture": "#0"}
			}
		},
		{
			"from": [6, 27, 7.5],
			"to": [9.5, 29, 8],
			"faces": {
				"north": {"uv": [9, 8, 11, 9], "texture": "#0"},
				"east": {"uv": [13, 2.5, 13.5, 3.5], "texture": "#0"},
				"south": {"uv": [9, 9, 11, 10], "texture": "#0"},
				"west": {"uv": [13, 8.5, 13.5, 9.5], "texture": "#0"},
				"up": {"uv": [9, 12.5, 7, 12], "texture": "#0"},
				"down": {"uv": [14, 8, 12, 8.5], "texture": "#0"}
			}
		},
		{
			"from": [7, 29, 7.5],
			"to": [8.5, 30, 8],
			"faces": {
				"north": {"uv": [13, 3.5, 14, 4], "texture": "#0"},
				"east": {"uv": [13, 12, 13.5, 12.5], "texture": "#0"},
				"south": {"uv": [13, 9.5, 14, 10], "texture": "#0"},
				"west": {"uv": [13, 12.5, 13.5, 13], "texture": "#0"},
				"up": {"uv": [14, 10.5, 13, 10], "texture": "#0"},
				"down": {"uv": [14, 10.5, 13, 11], "texture": "#0"}
			}
		},
		{
			"from": [3.25, -7.25, 7],
			"to": [8.25, -6, 8.5],
			"rotation": {"angle": -22.5, "axis": "z", "origin": [7.75, -6.5, 7.75]},
			"faces": {
				"north": {"uv": [10.5, 2, 13, 2.5], "texture": "#0"},
				"east": {"uv": [11, 13, 12, 13.5], "texture": "#0"},
				"south": {"uv": [10.5, 2.5, 13, 3], "texture": "#0"},
				"west": {"uv": [13, 11, 14, 11.5], "texture": "#0"},
				"up": {"uv": [11.5, 5, 9, 4], "texture": "#0"},
				"down": {"uv": [11.5, 5, 9, 6], "texture": "#0"}
			}
		},
		{
			"from": [1.75, -7.38, 7],
			"to": [3.25, -5.88, 8.5],
			"rotation": {"angle": -22.5, "axis": "z", "origin": [7.75, -6.5, 7.75]},
			"faces": {
				"north": {"uv": [10, 11.5, 11, 12.5], "texture": "#0"},
				"east": {"uv": [12, 8.5, 13, 9.5], "texture": "#0"},
				"south": {"uv": [12, 9.5, 13, 10.5], "texture": "#0"},
				"west": {"uv": [12, 10.5, 13, 11.5], "texture": "#0"},
				"up": {"uv": [12, 13, 11, 12], "texture": "#0"},
				"down": {"uv": [13, 11.5, 12, 12.5], "texture": "#0"}
			}
		},
		{
			"from": [7.25, -7.25, 7],
			"to": [12.25, -6, 8.5],
			"rotation": {"angle": 22.5, "axis": "z", "origin": [7.75, -6.5, 7.75]},
			"faces": {
				"north": {"uv": [10.5, 3, 13, 3.5], "texture": "#0"},
				"east": {"uv": [13, 11.5, 14, 12], "texture": "#0"},
				"south": {"uv": [10.5, 3.5, 13, 4], "texture": "#0"},
				"west": {"uv": [12, 13, 13, 13.5], "texture": "#0"},
				"up": {"uv": [11.5, 7, 9, 6], "texture": "#0"},
				"down": {"uv": [11.5, 7, 9, 8], "texture": "#0"}
			}
		},
		{
			"from": [12.25, -7.38, 7],
			"to": [13.75, -5.88, 8.5],
			"rotation": {"angle": 22.5, "axis": "z", "origin": [7.75, -6.5, 7.75]},
			"faces": {
				"north": {"uv": [12.5, 0, 13.5, 1], "texture": "#0"},
				"east": {"uv": [12.5, 4, 13.5, 5], "texture": "#0"},
				"south": {"uv": [12.5, 5, 13.5, 6], "texture": "#0"},
				"west": {"uv": [12.5, 6, 13.5, 7], "texture": "#0"},
				"up": {"uv": [8, 13.5, 7, 12.5], "texture": "#0"},
				"down": {"uv": [13.5, 7, 12.5, 8], "texture": "#0"}
			}
		},
		{
			"from": [6.75, -8, 6.75],
			"to": [8.75, -5, 8.75],
			"faces": {
				"north": {"uv": [9.5, 1, 10.5, 2.5], "texture": "#0"},
				"east": {"uv": [9.5, 2.5, 10.5, 4], "texture": "#0"},
				"south": {"uv": [9, 10, 10, 11.5], "texture": "#0"},
				"west": {"uv": [10, 10, 11, 11.5], "texture": "#0"},
				"up": {"uv": [9, 13.5, 8, 12.5], "texture": "#0"},
				"down": {"uv": [11, 12.5, 10, 13.5], "texture": "#0"}
			}
		}
	],
	"gui_light": "front",
	"display": {
		"thirdperson_righthand": {
			"rotation": [0, 90, 0],
			"translation": [0, 10.75, 1],
			"scale": [0.7, 0.7, 0.7]
		},
		"thirdperson_lefthand": {
			"rotation": [0, -90, 0],
			"translation": [-0.25, 10.75, 1],
			"scale": [0.7, 0.7, 0.7]
		},
		"firstperson_righthand": {
			"rotation": [15, 90, 0],
			"translation": [6, 7.5, -4.25]
		},
		"firstperson_lefthand": {
			"rotation": [15, -90, 0],
			"translation": [5.5, 7.5, -4.25]
		},
		"ground": {
			"translation": [0, 16.25, 0],
			"scale": [0.8, 0.8, 0.8]
		},
		"gui": {
			"rotation": [0, 0, -45],
			"translation": [0.25, 0.5, 0],
			"scale": [0.5, 0.5, 1]
		},
		"fixed": {
			"translation": [0, 0.75, 0]
		}
	}
}