{
	"credit": "Made with Blockbench",
	"texture_size": [32, 32],
	"textures": {
		"0": "item/emeraldsword",
		"particle": "emeraldsword"
	},
	"elements": [
		{
			"from": [7, 0, 7],
			"to": [8.5, 5, 8.5],
			"faces": {
				"north": {"uv": [5, 0, 6, 2.5], "texture": "#0"},
				"east": {"uv": [5, 2.5, 6, 5], "texture": "#0"},
				"south": {"uv": [5, 5, 6, 7.5], "texture": "#0"},
				"west": {"uv": [0, 6, 1, 8.5], "texture": "#0"},
				"up": {"uv": [8, 2.5, 7, 1.5], "texture": "#0"},
				"down": {"uv": [4, 7, 3, 8], "texture": "#0"}
			}
		},
		{
			"from": [6.5, 6, 7.5],
			"to": [9, 18, 8],
			"faces": {
				"north": {"uv": [0, 0, 1.5, 6], "texture": "#0"},
				"east": {"uv": [4, 0, 4.5, 6], "texture": "#0"},
				"south": {"uv": [1.5, 0, 3, 6], "texture": "#0"},
				"west": {"uv": [4.5, 0, 5, 6], "texture": "#0"},
				"up": {"uv": [10.5, 2, 9, 1.5], "texture": "#0"},
				"down": {"uv": [10.5, 2, 9, 2.5], "texture": "#0"}
			}
		},
		{
			"from": [7, 17.45, 7.55],
			"to": [9.25, 24.45, 7.95],
			"rotation": {"angle": 22.5, "axis": "z", "origin": [7.75, 17, 7.75]},
			"faces": {
				"north": {"uv": [3, 0, 4, 3.5], "texture": "#0"},
				"east": {"uv": [2, 6, 2.5, 9.5], "texture": "#0"},
				"south": {"uv": [3, 3.5, 4, 7], "texture": "#0"},
				"west": {"uv": [2.5, 6, 3, 9.5], "texture": "#0"},
				"up": {"uv": [6, 9, 5, 8.5], "texture": "#0"},
				"down": {"uv": [10, 2.5, 9, 3], "texture": "#0"}
			}
		},
		{
			"from": [3.75, 22.75, 7.6],
			"to": [5.75, 27.75, 7.9],
			"rotation": {"angle": 45, "axis": "z", "origin": [4.1804, 24.18056, 7.75]},
			"faces": {
				"north": {"uv": [6, 0, 7, 2.5], "texture": "#0"},
				"east": {"uv": [4, 6, 4.5, 8.5], "texture": "#0"},
				"south": {"uv": [1, 6, 2, 8.5], "texture": "#0"},
				"west": {"uv": [4.5, 6, 5, 8.5], "texture": "#0"},
				"up": {"uv": [4, 9.5, 3, 9], "texture": "#0"},
				"down": {"uv": [10, 3, 9, 3.5], "texture": "#0"}
			}
		},
		{
			"from": [3.75, 27.75, 7.6],
			"to": [4.75, 28.75, 7.9],
			"rotation": {"angle": 45, "axis": "z", "origin": [4.1804, 24.18056, 7.75]},
			"faces": {
				"north": {"uv": [9, 6, 9.5, 6.5], "texture": "#0"},
				"east": {"uv": [8.5, 9, 9, 9.5], "texture": "#0"},
				"south": {"uv": [9, 9, 9.5, 9.5], "texture": "#0"},
				"west": {"uv": [0, 9.5, 0.5, 10], "texture": "#0"},
				"up": {"uv": [1, 10, 0.5, 9.5], "texture": "#0"},
				"down": {"uv": [1.5, 9.5, 1, 10], "texture": "#0"}
			}
		},
		{
			"from": [6, 4.5, 7],
			"to": [9.5, 6, 8.5],
			"faces": {
				"north": {"uv": [6, 2.5, 8, 3.5], "texture": "#0"},
				"east": {"uv": [6, 7, 7, 8], "texture": "#0"},
				"south": {"uv": [6, 3.5, 8, 4.5], "texture": "#0"},
				"west": {"uv": [7, 7, 8, 8], "texture": "#0"},
				"up": {"uv": [8, 5.5, 6, 4.5], "texture": "#0"},
				"down": {"uv": [8, 5.5, 6, 6.5], "texture": "#0"}
			}
		},
		{
			"from": [4, 4.75, 7.25],
			"to": [11.5, 5.75, 8.25],
			"faces": {
				"north": {"uv": [6, 6.5, 10, 7], "texture": "#0"},
				"east": {"uv": [1.5, 9.5, 2, 10], "texture": "#0"},
				"south": {"uv": [7, 0, 11, 0.5], "texture": "#0"},
				"west": {"uv": [2, 9.5, 2.5, 10], "texture": "#0"},
				"up": {"uv": [11, 1, 7, 0.5], "texture": "#0"},
				"down": {"uv": [11, 1, 7, 1.5], "texture": "#0"}
			}
		},
		{
			"from": [11, 4.75, 7],
			"to": [12.25, 6, 8.4],
			"rotation": {"angle": 45, "axis": "z", "origin": [11.625, 5.375, 7.7]},
			"faces": {
				"north": {"uv": [2.5, 9.5, 3, 10], "texture": "#0"},
				"east": {"uv": [3, 9.5, 3.5, 10], "texture": "#0"},
				"south": {"uv": [3.5, 9.5, 4, 10], "texture": "#0"},
				"west": {"uv": [4, 9.5, 4.5, 10], "texture": "#0"},
				"up": {"uv": [5, 10, 4.5, 9.5], "texture": "#0"},
				"down": {"uv": [10, 4.5, 9.5, 5], "texture": "#0"}
			}
		},
		{
			"from": [11.12, 4.88, 6.9],
			"to": [12.12, 5.88, 8.5],
			"rotation": {"angle": 45, "axis": "z", "origin": [11.625, 5.375, 7.7]},
			"faces": {
				"north": {"uv": [9.5, 5, 10, 5.5], "texture": "#0"},
				"east": {"uv": [9, 3.5, 10, 4], "texture": "#0"},
				"south": {"uv": [5.5, 9.5, 6, 10], "texture": "#0"},
				"west": {"uv": [9, 4, 10, 4.5], "texture": "#0"},
				"up": {"uv": [9.5, 5.5, 9, 4.5], "texture": "#0"},
				"down": {"uv": [5.5, 9, 5, 10], "texture": "#0"}
			}
		},
		{
			"from": [3.1, 4.65, 7],
			"to": [4.35, 5.9, 8.4],
			"rotation": {"angle": 45, "axis": "z", "origin": [3.625, 5.375, 7.7]},
			"faces": {
				"north": {"uv": [6, 9.5, 6.5, 10], "texture": "#0"},
				"east": {"uv": [9.5, 6, 10, 6.5], "texture": "#0"},
				"south": {"uv": [9.5, 7, 10, 7.5], "texture": "#0"},
				"west": {"uv": [9.5, 7.5, 10, 8], "texture": "#0"},
				"up": {"uv": [10, 8.5, 9.5, 8], "texture": "#0"},
				"down": {"uv": [9, 9.5, 8.5, 10], "texture": "#0"}
			}
		},
		{
			"from": [3.2, 4.75, 6.9],
			"to": [4.2, 5.75, 8.5],
			"rotation": {"angle": 45, "axis": "z", "origin": [3.625, 5.375, 7.7]},
			"faces": {
				"north": {"uv": [9.5, 8.5, 10, 9], "texture": "#0"},
				"east": {"uv": [5.5, 9, 6.5, 9.5], "texture": "#0"},
				"south": {"uv": [9, 9.5, 9.5, 10], "texture": "#0"},
				"west": {"uv": [9, 5.5, 10, 6], "texture": "#0"},
				"up": {"uv": [7, 10, 6.5, 9], "texture": "#0"},
				"down": {"uv": [7.5, 9, 7, 10], "texture": "#0"}
			}
		},
		{
			"from": [6.75, 4, 6.75],
			"to": [8.75, 6, 8.75],
			"rotation": {"angle": 45, "axis": "z", "origin": [7.75, 5, 7.75]},
			"faces": {
				"north": {"uv": [5, 7.5, 6, 8.5], "texture": "#0"},
				"east": {"uv": [8, 1.5, 9, 2.5], "texture": "#0"},
				"south": {"uv": [8, 2.5, 9, 3.5], "texture": "#0"},
				"west": {"uv": [3, 8, 4, 9], "texture": "#0"},
				"up": {"uv": [9, 4.5, 8, 3.5], "texture": "#0"},
				"down": {"uv": [9, 4.5, 8, 5.5], "texture": "#0"}
			}
		},
		{
			"from": [6.85, 4.1, 6.65],
			"to": [8.65, 5.9, 8.85],
			"rotation": {"angle": 45, "axis": "z", "origin": [7.75, 5, 7.75]},
			"faces": {
				"north": {"uv": [8, 5.5, 9, 6.5], "texture": "#0"},
				"east": {"uv": [6, 8, 7, 9], "texture": "#0"},
				"south": {"uv": [7, 8, 8, 9], "texture": "#0"},
				"west": {"uv": [8, 7, 9, 8], "texture": "#0"},
				"up": {"uv": [9, 9, 8, 8], "texture": "#0"},
				"down": {"uv": [1, 8.5, 0, 9.5], "texture": "#0"}
			}
		},
		{
			"from": [3.6, 0, 6.75],
			"to": [5.1, 2, 8.75],
			"rotation": {"angle": 45, "axis": "z", "origin": [7.75, 5, 7.75]},
			"faces": {
				"north": {"uv": [9, 7, 9.5, 8], "texture": "#0"},
				"east": {"uv": [1, 8.5, 2, 9.5], "texture": "#0"},
				"south": {"uv": [7.5, 9, 8, 10], "texture": "#0"},
				"west": {"uv": [4, 8.5, 5, 9.5], "texture": "#0"},
				"up": {"uv": [8.5, 10, 8, 9], "texture": "#0"},
				"down": {"uv": [9.5, 8, 9, 9], "texture": "#0"}
			}
		}
	],
	"gui_light": "front",
	"display": {
		"thirdperson_righthand": {
			"rotation": [0, 90, 0],
			"translation": [0, 2.5, 0.25],
			"scale": [0.7, 0.7, 0.7]
		},
		"thirdperson_lefthand": {
			"rotation": [0, -90, 0],
			"translation": [0, 2.5, 0.25],
			"scale": [0.7, 0.7, 0.7]
		},
		"firstperson_righthand": {
			"rotation": [8, 90, 0],
			"translation": [2.5, 0.5, -2.75]
		},
		"firstperson_lefthand": {
			"rotation": [8, -90, 0],
			"translation": [2.5, 0.5, -2.75]
		},
		"ground": {
			"translation": [0, 1, 0],
			"scale": [0.5, 0.5, 0.5]
		},
		"gui": {
			"rotation": [0, 0, -45],
			"translation": [-1.25, -3.25, 0],
			"scale": [0.6, 0.6, 0.6]
		},
		"fixed": {
			"translation": [0, -2.75, 0]
		}
	}
}