{
	"credit": "Made with Blockbench",
	"texture_size": [64, 64],
	"textures": {
		"0": "item/enderdragonslayer",
		"particle": "enderdragonslayer"
	},
	"elements": [
		{
			"from": [7.25, -10, 7.25],
			"to": [8.25, -4, 8.25],
			"faces": {
				"north": {"uv": [2.5, 6.25, 2.75, 7.75], "texture": "#0"},
				"east": {"uv": [2.75, 6.25, 3, 7.75], "texture": "#0"},
				"south": {"uv": [6.5, 2.5, 6.75, 4], "texture": "#0"},
				"west": {"uv": [6.5, 4, 6.75, 5.5], "texture": "#0"},
				"up": {"uv": [7.5, 1.25, 7.25, 1], "texture": "#0"},
				"down": {"uv": [7.5, 1.25, 7.25, 1.5], "texture": "#0"}
			}
		},
		{
			"from": [6.75, -12.5, 6.75],
			"to": [8.75, -10, 8.75],
			"faces": {
				"north": {"uv": [6.75, 3.25, 7.25, 3.875], "texture": "#0"},
				"east": {"uv": [6.75, 4, 7.25, 4.625], "texture": "#0"},
				"south": {"uv": [6.75, 4.75, 7.25, 5.375], "texture": "#0"},
				"west": {"uv": [0.5, 7, 1, 7.625], "texture": "#0"},
				"up": {"uv": [2.5, 7.5, 2, 7], "texture": "#0"},
				"down": {"uv": [5, 7, 4.5, 7.5], "texture": "#0"}
			}
		},
		{
			"from": [5.75, -1, 7],
			"to": [9.75, 24, 8.5],
			"faces": {
				"north": {"uv": [0, 0, 1, 6.25], "texture": "#0"},
				"east": {"uv": [2, 0, 2.375, 6.25], "texture": "#0"},
				"south": {"uv": [1, 0, 2, 6.25], "texture": "#0"},
				"west": {"uv": [2.5, 0, 2.875, 6.25], "texture": "#0"},
				"up": {"uv": [7.5, 5.875, 6.5, 5.5], "texture": "#0"},
				"down": {"uv": [7.5, 6, 6.5, 6.375], "texture": "#0"}
			}
		},
		{
			"from": [4.925, 23.175, 7.05],
			"to": [7.755, 26.005, 8.45],
			"rotation": {"angle": 45, "axis": "z", "origin": [7.75, 26, 7.75]},
			"faces": {
				"north": {"uv": [6.5, 0, 7.25, 0.75], "texture": "#0"},
				"east": {"uv": [1, 7, 1.375, 7.75], "texture": "#0"},
				"south": {"uv": [6.5, 0.75, 7.25, 1.5], "texture": "#0"},
				"west": {"uv": [1.5, 7, 1.875, 7.75], "texture": "#0"},
				"up": {"uv": [3.75, 7.375, 3, 7], "texture": "#0"},
				"down": {"uv": [4.5, 7, 3.75, 7.375], "texture": "#0"}
			}
		},
		{
			"from": [5.75, -4, 6.75],
			"to": [9.75, -1, 8.75],
			"faces": {
				"north": {"uv": [0.5, 6.25, 1.5, 7], "texture": "#0"},
				"east": {"uv": [6.5, 6.5, 7, 7.25], "texture": "#0"},
				"south": {"uv": [1.5, 6.25, 2.5, 7], "texture": "#0"},
				"west": {"uv": [6.75, 2.5, 7.25, 3.25], "texture": "#0"},
				"up": {"uv": [7.5, 2, 6.5, 1.5], "texture": "#0"},
				"down": {"uv": [7.5, 2, 6.5, 2.5], "texture": "#0"}
			}
		},
		{
			"from": [4.75, -4, 7.25],
			"to": [5.75, 24, 8.25],
			"faces": {
				"north": {"uv": [3, 0, 3.25, 7], "texture": "#0"},
				"east": {"uv": [3.25, 0, 3.5, 7], "texture": "#0"},
				"south": {"uv": [3.5, 0, 3.75, 7], "texture": "#0"},
				"west": {"uv": [3.75, 0, 4, 7], "texture": "#0"},
				"up": {"uv": [7.5, 5.25, 7.25, 5], "texture": "#0"},
				"down": {"uv": [7.5, 5.25, 7.25, 5.5], "texture": "#0"}
			}
		},
		{
			"from": [7, 22.5, 7.3],
			"to": [11.24, 26.74, 8.2],
			"rotation": {"angle": -45, "axis": "z", "origin": [7.75, 26, 7.75]},
			"faces": {
				"north": {"uv": [5, 2.5, 6, 3.5], "texture": "#0"},
				"east": {"uv": [6.25, 7, 6.5, 8], "texture": "#0"},
				"south": {"uv": [5, 3.5, 6, 4.5], "texture": "#0"},
				"west": {"uv": [7, 6.5, 7.25, 7.5], "texture": "#0"},
				"up": {"uv": [8.25, 0.25, 7.25, 0], "texture": "#0"},
				"down": {"uv": [8.25, 0.25, 7.25, 0.5], "texture": "#0"}
			}
		},
		{
			"from": [4.25, -4, 7.5],
			"to": [4.75, 24, 8],
			"faces": {
				"north": {"uv": [5, 4.5, 5.125, 11.5], "texture": "#0"},
				"east": {"uv": [5.25, 4.5, 5.375, 11.5], "texture": "#0"},
				"south": {"uv": [5.5, 4.5, 5.625, 11.5], "texture": "#0"},
				"west": {"uv": [5.75, 4.5, 5.875, 11.5], "texture": "#0"},
				"up": {"uv": [6.875, 7.375, 6.75, 7.25], "texture": "#0"},
				"down": {"uv": [7.375, 6.75, 7.25, 6.875], "texture": "#0"}
			}
		},
		{
			"from": [7, 22.3, 7.55],
			"to": [11.95, 27.25, 7.95],
			"rotation": {"angle": -45, "axis": "z", "origin": [7.725, 26.475, 7.75]},
			"faces": {
				"north": {"uv": [5, 0, 6.25, 1.25], "texture": "#0"},
				"east": {"uv": [7.25, 2.5, 7.375, 3.75], "texture": "#0"},
				"south": {"uv": [5, 1.25, 6.25, 2.5], "texture": "#0"},
				"west": {"uv": [7.25, 3.75, 7.375, 5], "texture": "#0"},
				"up": {"uv": [8.5, 0.625, 7.25, 0.5], "texture": "#0"},
				"down": {"uv": [8.5, 0.75, 7.25, 0.875], "texture": "#0"}
			}
		},
		{
			"from": [10.75, -4, 7.5],
			"to": [11.25, 24, 8],
			"faces": {
				"north": {"uv": [6, 2.5, 6.125, 9.5], "texture": "#0"},
				"east": {"uv": [0, 6.25, 0.125, 13.25], "texture": "#0"},
				"south": {"uv": [6.25, 0, 6.375, 7], "texture": "#0"},
				"west": {"uv": [0.25, 6.25, 0.375, 13.25], "texture": "#0"},
				"up": {"uv": [7.375, 7.125, 7.25, 7], "texture": "#0"},
				"down": {"uv": [7.375, 7.25, 7.25, 7.375], "texture": "#0"}
			}
		},
		{
			"from": [9.75, -4, 7.25],
			"to": [10.75, 24, 8.25],
			"faces": {
				"north": {"uv": [4, 0, 4.25, 7], "texture": "#0"},
				"east": {"uv": [4.25, 0, 4.5, 7], "texture": "#0"},
				"south": {"uv": [4.5, 0, 4.75, 7], "texture": "#0"},
				"west": {"uv": [4.75, 0, 5, 7], "texture": "#0"},
				"up": {"uv": [6.75, 7.5, 6.5, 7.25], "texture": "#0"},
				"down": {"uv": [7.5, 6.5, 7.25, 6.75], "texture": "#0"}
			}
		}
	],
	"gui_light": "front",
	"display": {
		"thirdperson_righthand": {
			"rotation": [0, 90, 0],
			"translation": [0, 12.5, 1.25]
		},
		"thirdperson_lefthand": {
			"rotation": [0, 90, 0],
			"translation": [0, 12.5, 1.25]
		},
		"firstperson_righthand": {
			"rotation": [12, 90, 0],
			"translation": [0, 9.75, 1.75]
		},
		"firstperson_lefthand": {
			"rotation": [12, 90, 0],
			"translation": [0, 9.75, 1.75]
		},
		"ground": {
			"translation": [0, 17.25, 0]
		},
		"gui": {
			"rotation": [0, 0, -45],
			"scale": [0.5, 0.5, 1]
		},
		"fixed": {
			"scale": [2, 2, 2]
		}
	}
}