{
	"credit": "Made with Blockbench",
	"texture_size": [32, 32],
	"textures": {
		"0": "item/endsword",
		"particle": "endsword"
	},
	"elements": [
		{
			"from": [7, -13, 7],
			"to": [8.5, -4, 8.5],
			"faces": {
				"north": {"uv": [6.5, 6, 7.5, 10.5], "texture": "#0"},
				"east": {"uv": [7.5, 0, 8.5, 4.5], "texture": "#0"},
				"south": {"uv": [7.5, 4.5, 8.5, 9], "texture": "#0"},
				"west": {"uv": [8.5, 0, 9.5, 4.5], "texture": "#0"},
				"up": {"uv": [11.5, 10.5, 10.5, 9.5], "texture": "#0"},
				"down": {"uv": [11.5, 10.5, 10.5, 11.5], "texture": "#0"}
			}
		},
		{
			"from": [7.1, -15.65, 7.1],
			"to": [8.4, -14.35, 8.4],
			"rotation": {"angle": 45, "axis": "x", "origin": [7.75, -15, 7.75]},
			"faces": {
				"north": {"uv": [8, 9, 8.5, 9.5], "texture": "#0"},
				"east": {"uv": [3.5, 9.5, 4, 10], "texture": "#0"},
				"south": {"uv": [8, 9.5, 8.5, 10], "texture": "#0"},
				"west": {"uv": [3.5, 10, 4, 10.5], "texture": "#0"},
				"up": {"uv": [8.5, 10.5, 8, 10], "texture": "#0"},
				"down": {"uv": [2.5, 10.5, 2, 11], "texture": "#0"}
			}
		},
		{
			"from": [6.75, -15, 6.75],
			"to": [8.75, -13, 8.75],
			"faces": {
				"north": {"uv": [0, 11.5, 1, 12.5], "texture": "#0"},
				"east": {"uv": [1, 11.5, 2, 12.5], "texture": "#0"},
				"south": {"uv": [2, 11.5, 3, 12.5], "texture": "#0"},
				"west": {"uv": [3, 11.5, 4, 12.5], "texture": "#0"},
				"up": {"uv": [12.5, 4, 11.5, 3], "texture": "#0"},
				"down": {"uv": [12.5, 7, 11.5, 8], "texture": "#0"}
			}
		},
		{
			"from": [5.25, -3.5, 6.75],
			"to": [10.25, -1.7, 8.75],
			"rotation": {"angle": 0, "axis": "y", "origin": [0, -2, 0]},
			"faces": {
				"north": {"uv": [0, 9.5, 2.5, 10.5], "texture": "#0"},
				"east": {"uv": [8, 11.5, 9, 12.5], "texture": "#0"},
				"south": {"uv": [9.5, 0, 12, 1], "texture": "#0"},
				"west": {"uv": [11.5, 8, 12.5, 9], "texture": "#0"},
				"up": {"uv": [12, 2, 9.5, 1], "texture": "#0"},
				"down": {"uv": [12, 2, 9.5, 3], "texture": "#0"}
			}
		},
		{
			"from": [6, -2.5, 6.88],
			"to": [9.5, 3.3, 8.63],
			"rotation": {"angle": 0, "axis": "y", "origin": [0, -2, 0]},
			"faces": {
				"north": {"uv": [5.5, 0, 7.5, 3], "texture": "#0"},
				"east": {"uv": [8.5, 8.5, 9.5, 11.5], "texture": "#0"},
				"south": {"uv": [5.5, 3, 7.5, 6], "texture": "#0"},
				"west": {"uv": [4, 9, 5, 12], "texture": "#0"},
				"up": {"uv": [11.5, 4, 9.5, 3], "texture": "#0"},
				"down": {"uv": [11.5, 8.5, 9.5, 9.5], "texture": "#0"}
			}
		},
		{
			"from": [6, 2.5, 7.5],
			"to": [9.5, 21.3, 8],
			"rotation": {"angle": 0, "axis": "y", "origin": [0, -2, 0]},
			"faces": {
				"north": {"uv": [0, 0, 2, 9.5], "texture": "#0"},
				"east": {"uv": [5.5, 6, 6, 15.5], "texture": "#0"},
				"south": {"uv": [2, 0, 4, 9.5], "texture": "#0"},
				"west": {"uv": [6, 6, 6.5, 15.5], "texture": "#0"},
				"up": {"uv": [11, 12, 9, 11.5], "texture": "#0"},
				"down": {"uv": [13.5, 9, 11.5, 9.5], "texture": "#0"}
			}
		},
		{
			"from": [6.12, 21.25, 7.5],
			"to": [9.37, 29.75, 8],
			"rotation": {"angle": 0, "axis": "y", "origin": [0, -2, 0]},
			"faces": {
				"north": {"uv": [4, 0, 5.5, 4.5], "texture": "#0"},
				"east": {"uv": [5, 9, 5.5, 13.5], "texture": "#0"},
				"south": {"uv": [4, 4.5, 5.5, 9], "texture": "#0"},
				"west": {"uv": [7.5, 9, 8, 13.5], "texture": "#0"},
				"up": {"uv": [13.5, 1.5, 12, 1], "texture": "#0"},
				"down": {"uv": [13.5, 1.5, 12, 2], "texture": "#0"}
			}
		},
		{
			"from": [6.38, 29.75, 7.5],
			"to": [9.13, 30.75, 8],
			"rotation": {"angle": 0, "axis": "y", "origin": [0, -2, 0]},
			"faces": {
				"north": {"uv": [12, 2, 13.5, 2.5], "texture": "#0"},
				"east": {"uv": [3.5, 10.5, 4, 11], "texture": "#0"},
				"south": {"uv": [12, 2.5, 13.5, 3], "texture": "#0"},
				"west": {"uv": [8, 10.5, 8.5, 11], "texture": "#0"},
				"up": {"uv": [13.5, 5.5, 12, 5], "texture": "#0"},
				"down": {"uv": [13.5, 5.5, 12, 6], "texture": "#0"}
			}
		},
		{
			"from": [7, 30.75, 7.5],
			"to": [8.5, 31.5, 8],
			"rotation": {"angle": 0, "axis": "y", "origin": [0, -2, 0]},
			"faces": {
				"north": {"uv": [9.5, 4, 10.5, 4.5], "texture": "#0"},
				"east": {"uv": [2, 11, 2.5, 11.5], "texture": "#0"},
				"south": {"uv": [4, 12, 5, 12.5], "texture": "#0"},
				"west": {"uv": [3.5, 11, 4, 11.5], "texture": "#0"},
				"up": {"uv": [7.5, 12.5, 6.5, 12], "texture": "#0"},
				"down": {"uv": [13.5, 3, 12.5, 3.5], "texture": "#0"}
			}
		},
		{
			"from": [7.38, 31.5, 7.5],
			"to": [8.13, 31.75, 8],
			"rotation": {"angle": 0, "axis": "y", "origin": [0, -2, 0]},
			"faces": {
				"north": {"uv": [8, 11, 8.5, 11.5], "texture": "#0"},
				"east": {"uv": [10.5, 12, 11, 12.5], "texture": "#0"},
				"south": {"uv": [4.5, 12.5, 5, 13], "texture": "#0"},
				"west": {"uv": [12.5, 7, 13, 7.5], "texture": "#0"},
				"up": {"uv": [13, 8, 12.5, 7.5], "texture": "#0"},
				"down": {"uv": [8.5, 12.5, 8, 13], "texture": "#0"}
			}
		},
		{
			"from": [5.75, 0.5, 7],
			"to": [9.75, 4.5, 8.5],
			"rotation": {"angle": 45, "axis": "z", "origin": [7.75, 2.5, 7.75]},
			"faces": {
				"north": {"uv": [8.5, 4.5, 10.5, 6.5], "texture": "#0"},
				"east": {"uv": [2.5, 9.5, 3.5, 11.5], "texture": "#0"},
				"south": {"uv": [8.5, 6.5, 10.5, 8.5], "texture": "#0"},
				"west": {"uv": [9.5, 9.5, 10.5, 11.5], "texture": "#0"},
				"up": {"uv": [2, 11.5, 0, 10.5], "texture": "#0"},
				"down": {"uv": [12.5, 4, 10.5, 5], "texture": "#0"}
			}
		},
		{
			"from": [9.75, -3.5, 7.12],
			"to": [12.75, -2.25, 8.37],
			"rotation": {"angle": 22.5, "axis": "z", "origin": [9.75, -2.875, 7.745]},
			"faces": {
				"north": {"uv": [12, 6, 13.5, 6.5], "texture": "#0"},
				"east": {"uv": [12.5, 8, 13, 8.5], "texture": "#0"},
				"south": {"uv": [12, 6.5, 13.5, 7], "texture": "#0"},
				"west": {"uv": [8.5, 12.5, 9, 13], "texture": "#0"},
				"up": {"uv": [10.5, 12.5, 9, 12], "texture": "#0"},
				"down": {"uv": [13.5, 11.5, 12, 12], "texture": "#0"}
			}
		},
		{
			"from": [2.75, -3.5, 7.12],
			"to": [5.75, -2.25, 8.37],
			"rotation": {"angle": -22.5, "axis": "z", "origin": [5.75, -2.875, 7.745]},
			"faces": {
				"north": {"uv": [12, 12, 13.5, 12.5], "texture": "#0"},
				"east": {"uv": [12.5, 8.5, 13, 9], "texture": "#0"},
				"south": {"uv": [0, 12.5, 1.5, 13], "texture": "#0"},
				"west": {"uv": [9, 12.5, 9.5, 13], "texture": "#0"},
				"up": {"uv": [3, 13, 1.5, 12.5], "texture": "#0"},
				"down": {"uv": [4.5, 12.5, 3, 13], "texture": "#0"}
			}
		},
		{
			"from": [6.75, -3.5, 6.5],
			"to": [8.75, -1.5, 9],
			"rotation": {"angle": 0, "axis": "y", "origin": [0, -2, 0]},
			"faces": {
				"north": {"uv": [11.5, 9.5, 12.5, 10.5], "texture": "#0"},
				"east": {"uv": [10.5, 5, 12, 6], "texture": "#0"},
				"south": {"uv": [11.5, 10.5, 12.5, 11.5], "texture": "#0"},
				"west": {"uv": [10.5, 6, 12, 7], "texture": "#0"},
				"up": {"uv": [7.5, 12, 6.5, 10.5], "texture": "#0"},
				"down": {"uv": [11.5, 7, 10.5, 8.5], "texture": "#0"}
			}
		},
		{
			"from": [6.75, -4, 6.75],
			"to": [8.75, -3.5, 8.75],
			"rotation": {"angle": 0, "axis": "y", "origin": [0, -2, 0]},
			"faces": {
				"north": {"uv": [12.5, 3.5, 13.5, 4], "texture": "#0"},
				"east": {"uv": [12.5, 4, 13.5, 4.5], "texture": "#0"},
				"south": {"uv": [12.5, 4.5, 13.5, 5], "texture": "#0"},
				"west": {"uv": [6.5, 12.5, 7.5, 13], "texture": "#0"},
				"up": {"uv": [12, 12.5, 11, 11.5], "texture": "#0"},
				"down": {"uv": [13, 0, 12, 1], "texture": "#0"}
			}
		}
	],
	"gui_light": "front",
	"display": {
		"thirdperson_righthand": {
			"rotation": [0, 90, 0],
			"translation": [0, 10, 1.25],
			"scale": [0.8, 0.8, 0.8]
		},
		"thirdperson_lefthand": {
			"rotation": [0, -90, 0],
			"translation": [0, 10, 1.25],
			"scale": [0.8, 0.8, 0.8]
		},
		"firstperson_righthand": {
			"rotation": [12, 90, 0],
			"translation": [0.5, 6.25, 0.75],
			"scale": [0.7, 0.7, 0.7]
		},
		"firstperson_lefthand": {
			"rotation": [12, -90, 0],
			"translation": [0.5, 6.25, 0.75],
			"scale": [0.7, 0.7, 0.7]
		},
		"ground": {
			"translation": [0, 15.75, 0],
			"scale": [0.8, 0.8, 0.8]
		},
		"gui": {
			"rotation": [0, 0, -45],
			"scale": [0.45, 0.45, 0.5]
		}
	}
}