{
	"credit": "Made with Blockbench",
	"texture_size": [64, 64],
	"textures": {
		"0": "item/endshield",
		"particle": "endshield"
	},
	"elements": [
		{
			"from": [4, -11, 8],
			"to": [11, 10, 9],
			"faces": {
				"north": {"uv": [0, 0, 1.75, 5.25], "texture": "#0"},
				"east": {"uv": [2.5, 5.25, 2.75, 10.5], "texture": "#0"},
				"south": {"uv": [1.75, 0, 3.5, 5.25], "texture": "#0"},
				"west": {"uv": [2.75, 5.25, 3, 10.5], "texture": "#0"},
				"up": {"uv": [6.5, 6.5, 4.75, 6.25], "texture": "#0"},
				"down": {"uv": [1.75, 6.5, 0, 6.75], "texture": "#0"}
			}
		},
		{
			"from": [5, -13, 8],
			"to": [10, -11, 9],
			"faces": {
				"north": {"uv": [3.75, 5.5, 5, 6], "texture": "#0"},
				"east": {"uv": [7, 0.75, 7.25, 1.25], "texture": "#0"},
				"south": {"uv": [5.5, 4.75, 6.75, 5.25], "texture": "#0"},
				"west": {"uv": [7, 1.25, 7.25, 1.75], "texture": "#0"},
				"up": {"uv": [7.75, 2.5, 6.5, 2.25], "texture": "#0"},
				"down": {"uv": [7.75, 2.5, 6.5, 2.75], "texture": "#0"}
			}
		},
		{
			"from": [6, -14, 8],
			"to": [9, -13, 9],
			"faces": {
				"north": {"uv": [6.5, 6.25, 7.25, 6.5], "texture": "#0"},
				"east": {"uv": [5.5, 5.25, 5.75, 5.5], "texture": "#0"},
				"south": {"uv": [0.5, 6.75, 1.25, 7], "texture": "#0"},
				"west": {"uv": [4.75, 6, 5, 6.25], "texture": "#0"},
				"up": {"uv": [7.5, 3, 6.75, 2.75], "texture": "#0"},
				"down": {"uv": [7.5, 3, 6.75, 3.25], "texture": "#0"}
			}
		},
		{
			"from": [10.65, 0, 8],
			"to": [14.65, 11, 9],
			"rotation": {"angle": -45, "axis": "y", "origin": [11, 5, 8.5]},
			"faces": {
				"north": {"uv": [3.5, 0, 4.5, 2.75], "texture": "#0"},
				"east": {"uv": [3, 5.25, 3.25, 8], "texture": "#0"},
				"south": {"uv": [3.5, 2.75, 4.5, 5.5], "texture": "#0"},
				"west": {"uv": [3.25, 5.25, 3.5, 8], "texture": "#0"},
				"up": {"uv": [6, 6.75, 5, 6.5], "texture": "#0"},
				"down": {"uv": [7, 6.5, 6, 6.75], "texture": "#0"}
			}
		},
		{
			"from": [10.65, -3, 8],
			"to": [13.65, 0, 9],
			"rotation": {"angle": -45, "axis": "y", "origin": [11, 5, 8.5]},
			"faces": {
				"north": {"uv": [5, 5.5, 5.75, 6.25], "texture": "#0"},
				"east": {"uv": [1.25, 6.75, 1.5, 7.5], "texture": "#0"},
				"south": {"uv": [5.75, 2, 6.5, 2.75], "texture": "#0"},
				"west": {"uv": [1.5, 6.75, 1.75, 7.5], "texture": "#0"},
				"up": {"uv": [7.5, 3.5, 6.75, 3.25], "texture": "#0"},
				"down": {"uv": [7.5, 3.5, 6.75, 3.75], "texture": "#0"}
			}
		},
		{
			"from": [10.65, -6, 8],
			"to": [12.65, -3, 9],
			"rotation": {"angle": -45, "axis": "y", "origin": [11, 5, 8.5]},
			"faces": {
				"north": {"uv": [6.5, 0, 7, 0.75], "texture": "#0"},
				"east": {"uv": [3.75, 6.75, 4, 7.5], "texture": "#0"},
				"south": {"uv": [6.5, 0.75, 7, 1.5], "texture": "#0"},
				"west": {"uv": [4, 6.75, 4.25, 7.5], "texture": "#0"},
				"up": {"uv": [7.5, 2, 7, 1.75], "texture": "#0"},
				"down": {"uv": [7.5, 2, 7, 2.25], "texture": "#0"}
			}
		},
		{
			"from": [10.65, -9, 8],
			"to": [11.65, -6, 9],
			"rotation": {"angle": -45, "axis": "y", "origin": [11, 5, 8.5]},
			"faces": {
				"north": {"uv": [4.25, 6.75, 4.5, 7.5], "texture": "#0"},
				"east": {"uv": [6.75, 4.25, 7, 5], "texture": "#0"},
				"south": {"uv": [4.5, 6.75, 4.75, 7.5], "texture": "#0"},
				"west": {"uv": [4.75, 6.75, 5, 7.5], "texture": "#0"},
				"up": {"uv": [1, 7.5, 0.75, 7.25], "texture": "#0"},
				"down": {"uv": [7.5, 0.75, 7.25, 1], "texture": "#0"}
			}
		},
		{
			"from": [10.65, 11, 8],
			"to": [12.65, 12, 9],
			"rotation": {"angle": -45, "axis": "y", "origin": [11, 5, 8.5]},
			"faces": {
				"north": {"uv": [7, 4.25, 7.5, 4.5], "texture": "#0"},
				"east": {"uv": [1, 7.25, 1.25, 7.5], "texture": "#0"},
				"south": {"uv": [7, 4.5, 7.5, 4.75], "texture": "#0"},
				"west": {"uv": [7.25, 1, 7.5, 1.25], "texture": "#0"},
				"up": {"uv": [7.5, 5, 7, 4.75], "texture": "#0"},
				"down": {"uv": [7.5, 5, 7, 5.25], "texture": "#0"}
			}
		},
		{
			"from": [12.65, 11, 8],
			"to": [13.65, 11.5, 9],
			"rotation": {"angle": -45, "axis": "y", "origin": [11, 5, 8.5]},
			"faces": {
				"north": {"uv": [7.25, 1.25, 7.5, 1.5], "texture": "#0"},
				"east": {"uv": [7.25, 1.5, 7.5, 1.75], "texture": "#0"},
				"south": {"uv": [1.75, 7.25, 2, 7.5], "texture": "#0"},
				"west": {"uv": [2, 7.25, 2.25, 7.5], "texture": "#0"},
				"up": {"uv": [7.5, 5.5, 7.25, 5.25], "texture": "#0"},
				"down": {"uv": [7.5, 5.5, 7.25, 5.75], "texture": "#0"}
			}
		},
		{
			"from": [3.65, 0, 8],
			"to": [4.65, 11, 12],
			"rotation": {"angle": -45, "axis": "y", "origin": [4, 5.5, 8.5]},
			"faces": {
				"north": {"uv": [5.5, 2, 5.75, 4.75], "texture": "#0"},
				"east": {"uv": [4.5, 0, 5.5, 2.75], "texture": "#0"},
				"south": {"uv": [3.5, 5.5, 3.75, 8.25], "texture": "#0"},
				"west": {"uv": [4.5, 2.75, 5.5, 5.5], "texture": "#0"},
				"up": {"uv": [0.25, 7.75, 0, 6.75], "texture": "#0"},
				"down": {"uv": [0.5, 6.75, 0.25, 7.75], "texture": "#0"}
			}
		},
		{
			"from": [3.65, -3, 8],
			"to": [4.65, 0, 11],
			"rotation": {"angle": -45, "axis": "y", "origin": [4, 5.5, 8.5]},
			"faces": {
				"north": {"uv": [5, 6.75, 5.25, 7.5], "texture": "#0"},
				"east": {"uv": [5.75, 2.75, 6.5, 3.5], "texture": "#0"},
				"south": {"uv": [6.75, 5, 7, 5.75], "texture": "#0"},
				"west": {"uv": [5.75, 3.5, 6.5, 4.25], "texture": "#0"},
				"up": {"uv": [5.5, 7.5, 5.25, 6.75], "texture": "#0"},
				"down": {"uv": [5.75, 6.75, 5.5, 7.5], "texture": "#0"}
			}
		},
		{
			"from": [3.65, -6, 8],
			"to": [4.65, -3, 10],
			"rotation": {"angle": -45, "axis": "y", "origin": [4, 5.5, 8.5]},
			"faces": {
				"north": {"uv": [5.75, 6.75, 6, 7.5], "texture": "#0"},
				"east": {"uv": [6.5, 1.5, 7, 2.25], "texture": "#0"},
				"south": {"uv": [6, 6.75, 6.25, 7.5], "texture": "#0"},
				"west": {"uv": [1.75, 6.5, 2.25, 7.25], "texture": "#0"},
				"up": {"uv": [7.25, 5.75, 7, 5.25], "texture": "#0"},
				"down": {"uv": [7.25, 6.5, 7, 7], "texture": "#0"}
			}
		},
		{
			"from": [3.65, -9, 8],
			"to": [4.65, -6, 9],
			"rotation": {"angle": -45, "axis": "y", "origin": [4, 5.5, 8.5]},
			"faces": {
				"north": {"uv": [6.25, 6.75, 6.5, 7.5], "texture": "#0"},
				"east": {"uv": [6.5, 6.75, 6.75, 7.5], "texture": "#0"},
				"south": {"uv": [6.75, 6.75, 7, 7.5], "texture": "#0"},
				"west": {"uv": [7, 0, 7.25, 0.75], "texture": "#0"},
				"up": {"uv": [7.5, 6.5, 7.25, 6.25], "texture": "#0"},
				"down": {"uv": [7.5, 6.5, 7.25, 6.75], "texture": "#0"}
			}
		},
		{
			"from": [3.65, 11, 8],
			"to": [4.65, 12, 10],
			"rotation": {"angle": -45, "axis": "y", "origin": [4, 5.5, 8.5]},
			"faces": {
				"north": {"uv": [7.25, 6.75, 7.5, 7], "texture": "#0"},
				"east": {"uv": [7, 7, 7.5, 7.25], "texture": "#0"},
				"south": {"uv": [7, 7.25, 7.25, 7.5], "texture": "#0"},
				"west": {"uv": [7.25, 0, 7.75, 0.25], "texture": "#0"},
				"up": {"uv": [7.5, 0.75, 7.25, 0.25], "texture": "#0"},
				"down": {"uv": [0.75, 7.25, 0.5, 7.75], "texture": "#0"}
			}
		},
		{
			"from": [3.65, 11, 10],
			"to": [4.65, 11.5, 11],
			"rotation": {"angle": -45, "axis": "y", "origin": [4, 5.5, 8.5]},
			"faces": {
				"north": {"uv": [7.25, 7.25, 7.5, 7.5], "texture": "#0"},
				"east": {"uv": [7.5, 0.25, 7.75, 0.5], "texture": "#0"},
				"south": {"uv": [7.5, 0.5, 7.75, 0.75], "texture": "#0"},
				"west": {"uv": [0.75, 7.5, 1, 7.75], "texture": "#0"},
				"up": {"uv": [7.75, 1, 7.5, 0.75], "texture": "#0"},
				"down": {"uv": [1.25, 7.5, 1, 7.75], "texture": "#0"}
			}
		},
		{
			"from": [6, 10, 8],
			"to": [9, 11, 9],
			"faces": {
				"north": {"uv": [6.75, 3.75, 7.5, 4], "texture": "#0"},
				"east": {"uv": [7.5, 1, 7.75, 1.25], "texture": "#0"},
				"south": {"uv": [6.75, 5.75, 7.5, 6], "texture": "#0"},
				"west": {"uv": [1.25, 7.5, 1.5, 7.75], "texture": "#0"},
				"up": {"uv": [7.5, 6.25, 6.75, 6], "texture": "#0"},
				"down": {"uv": [1.25, 7, 0.5, 7.25], "texture": "#0"}
			}
		},
		{
			"from": [7, 11, 8],
			"to": [8, 11.5, 9],
			"faces": {
				"north": {"uv": [7.5, 1.25, 7.75, 1.5], "texture": "#0"},
				"east": {"uv": [1.5, 7.5, 1.75, 7.75], "texture": "#0"},
				"south": {"uv": [7.5, 1.5, 7.75, 1.75], "texture": "#0"},
				"west": {"uv": [1.75, 7.5, 2, 7.75], "texture": "#0"},
				"up": {"uv": [7.75, 2, 7.5, 1.75], "texture": "#0"},
				"down": {"uv": [2.25, 7.5, 2, 7.75], "texture": "#0"}
			}
		},
		{
			"from": [5, -2, 9],
			"to": [10, 4, 9.5],
			"faces": {
				"north": {"uv": [0, 5.25, 1.25, 6.5], "texture": "#0"},
				"east": {"uv": [2.25, 6.5, 2.5, 7.75], "texture": "#0"},
				"south": {"uv": [1.25, 5.25, 2.5, 6.5], "texture": "#0"},
				"west": {"uv": [6.5, 2.75, 6.75, 4], "texture": "#0"},
				"up": {"uv": [5, 6.75, 3.75, 6.5], "texture": "#0"},
				"down": {"uv": [7.75, 4, 6.5, 4.25], "texture": "#0"}
			}
		},
		{
			"from": [6.5, -1.75, 9],
			"to": [8.5, 3.75, 13],
			"rotation": {"angle": 0, "axis": "z", "origin": [7.5, 0.5, 10.5]},
			"faces": {
				"north": {"uv": [5.75, 4.25, 6.75, 4.75], "rotation": 270, "texture": "#0"},
				"east": {"uv": [6.5, 1, 5.5, 0], "rotation": 90, "texture": "#0"},
				"south": {"uv": [5.75, 5.75, 6.75, 6.25], "rotation": 90, "texture": "#0"},
				"west": {"uv": [6.5, 1, 5.5, 2], "rotation": 90, "texture": "#0"},
				"up": {"uv": [3.75, 6, 4.75, 6.5], "rotation": 90, "texture": "#0"},
				"down": {"uv": [5.75, 5.25, 6.75, 5.75], "rotation": 90, "texture": "#0"}
			}
		}
	],
	"gui_light": "front",
	"display": {
		"thirdperson_righthand": {
			"rotation": [0, -60, 0],
			"translation": [3.25, 5, 0]
		},
		"thirdperson_lefthand": {
			"rotation": [0, -60, 0],
			"translation": [3.25, 5, 0]
		},
		"ground": {
			"translation": [0, 18.25, 0]
		},
		"gui": {
			"rotation": [166.27, 18.27, -170.64],
			"translation": [0, 5.25, 0],
			"scale": [0.7, 0.6, 0.6]
		},
		"fixed": {
			"translation": [0, 8.25, -2.25]
		}
	}
}