{
	"credit": "Made with Blockbench",
	"texture_size": [64, 64],
	"textures": {
		"0": "item/evokerwheel",
		"particle": "evokerwheel"
	},
	"elements": [
		{
			"from": [0, 0, 5],
			"to": [16, 2, 8],
			"rotation": {"angle": 0, "axis": "y", "origin": [0, 0, 5]},
			"faces": {
				"north": {"uv": [4.75, 1.5, 8.75, 2], "texture": "#0"},
				"east": {"uv": [10, 1, 10.75, 1.5], "texture": "#0"},
				"south": {"uv": [4.75, 2, 8.75, 2.5], "texture": "#0"},
				"west": {"uv": [8.75, 10, 9.5, 10.5], "texture": "#0"},
				"up": {"uv": [4, 0.75, 0, 0], "texture": "#0"},
				"down": {"uv": [4, 0.75, 0, 1.5], "texture": "#0"}
			}
		},
		{
			"from": [14, 2, 5],
			"to": [16, 14, 8],
			"rotation": {"angle": 0, "axis": "y", "origin": [0, 2, 5]},
			"faces": {
				"north": {"uv": [5.25, 5.5, 5.75, 8.5], "texture": "#0"},
				"east": {"uv": [4, 1.5, 4.75, 4.5], "texture": "#0"},
				"south": {"uv": [5.75, 5.5, 6.25, 8.5], "texture": "#0"},
				"west": {"uv": [0, 4.5, 0.75, 7.5], "texture": "#0"},
				"up": {"uv": [10, 10.75, 9.5, 10], "texture": "#0"},
				"down": {"uv": [10.5, 10, 10, 10.75], "texture": "#0"}
			}
		},
		{
			"from": [0, 2, 5],
			"to": [2, 14, 8],
			"rotation": {"angle": 0, "axis": "y", "origin": [-14, 2, 5]},
			"faces": {
				"north": {"uv": [6.25, 5.5, 6.75, 8.5], "texture": "#0"},
				"east": {"uv": [0.75, 4.5, 1.5, 7.5], "texture": "#0"},
				"south": {"uv": [6.75, 5.5, 7.25, 8.5], "texture": "#0"},
				"west": {"uv": [1.5, 4.5, 2.25, 7.5], "texture": "#0"},
				"up": {"uv": [10.75, 5.25, 10.25, 4.5], "texture": "#0"},
				"down": {"uv": [10.75, 5.25, 10.25, 6], "texture": "#0"}
			}
		},
		{
			"from": [0, 14, 5],
			"to": [16, 16, 8],
			"rotation": {"angle": 0, "axis": "y", "origin": [0, 14, 5]},
			"faces": {
				"north": {"uv": [4.75, 2.5, 8.75, 3], "texture": "#0"},
				"east": {"uv": [10.25, 6.5, 11, 7], "texture": "#0"},
				"south": {"uv": [4.75, 3, 8.75, 3.5], "texture": "#0"},
				"west": {"uv": [10.25, 7, 11, 7.5], "texture": "#0"},
				"up": {"uv": [4, 2.25, 0, 1.5], "texture": "#0"},
				"down": {"uv": [4, 2.25, 0, 3], "texture": "#0"}
			}
		},
		{
			"from": [6, 6, 4.5],
			"to": [10, 10, 7],
			"rotation": {"angle": 0, "axis": "y", "origin": [7, 7, 5]},
			"faces": {
				"north": {"uv": [1.5, 7.5, 2.5, 8.5], "texture": "#0"},
				"east": {"uv": [7, 8.5, 7.75, 9.5], "texture": "#0"},
				"south": {"uv": [2.5, 7.5, 3.5, 8.5], "texture": "#0"},
				"west": {"uv": [8.75, 2, 9.5, 3], "texture": "#0"},
				"up": {"uv": [9.75, 3.75, 8.75, 3], "texture": "#0"},
				"down": {"uv": [9.75, 3.75, 8.75, 4.5], "texture": "#0"}
			}
		},
		{
			"from": [10, 7.25, 5.5],
			"to": [14, 8.75, 6.75],
			"rotation": {"angle": 0, "axis": "y", "origin": [11, 7.25, 5]},
			"faces": {
				"north": {"uv": [8.75, 9, 9.75, 9.5], "texture": "#0"},
				"east": {"uv": [5.5, 11, 5.75, 11.5], "texture": "#0"},
				"south": {"uv": [9.25, 4.5, 10.25, 5], "texture": "#0"},
				"west": {"uv": [11, 6.5, 11.25, 7], "texture": "#0"},
				"up": {"uv": [11.5, 3, 10.5, 2.75], "texture": "#0"},
				"down": {"uv": [11.5, 10, 10.5, 10.25], "texture": "#0"}
			}
		},
		{
			"from": [7.25, 10, 5.5],
			"to": [8.75, 14, 6.75],
			"rotation": {"angle": 0, "axis": "y", "origin": [8, 12, 6.25]},
			"faces": {
				"north": {"uv": [9.25, 5, 9.75, 6], "texture": "#0"},
				"east": {"uv": [5, 7.5, 5.25, 8.5], "texture": "#0"},
				"south": {"uv": [9.5, 2, 10, 3], "texture": "#0"},
				"west": {"uv": [5.5, 10, 5.75, 11], "texture": "#0"},
				"up": {"uv": [11.25, 10, 10.75, 9.75], "texture": "#0"},
				"down": {"uv": [11.5, 2.5, 11, 2.75], "texture": "#0"}
			}
		},
		{
			"from": [10.5, 8.25, 5.5],
			"to": [12, 16.25, 6.75],
			"rotation": {"angle": -45, "axis": "z", "origin": [11.25, 11.25, 6.25]},
			"faces": {
				"north": {"uv": [3.5, 7.5, 4, 9.5], "texture": "#0"},
				"east": {"uv": [6.75, 9, 7, 11], "texture": "#0"},
				"south": {"uv": [4, 7.5, 4.5, 9.5], "texture": "#0"},
				"west": {"uv": [3.5, 9.5, 3.75, 11.5], "texture": "#0"},
				"up": {"uv": [11.5, 7.25, 11, 7], "texture": "#0"},
				"down": {"uv": [11.5, 7.25, 11, 7.5], "texture": "#0"}
			}
		},
		{
			"from": [3.25, 1, 5.5],
			"to": [4.75, 9, 6.75],
			"rotation": {"angle": -45, "axis": "z", "origin": [4, 4, 6.25]},
			"faces": {
				"north": {"uv": [4.5, 7.5, 5, 9.5], "texture": "#0"},
				"east": {"uv": [3.75, 9.5, 4, 11.5], "texture": "#0"},
				"south": {"uv": [7.75, 5.5, 8.25, 7.5], "texture": "#0"},
				"west": {"uv": [4, 9.5, 4.25, 11.5], "texture": "#0"},
				"up": {"uv": [8.25, 11.25, 7.75, 11], "texture": "#0"},
				"down": {"uv": [8.75, 11, 8.25, 11.25], "texture": "#0"}
			}
		},
		{
			"from": [1.05, 11.2, 5.5],
			"to": [9.05, 12.7, 6.75],
			"rotation": {"angle": -45, "axis": "z", "origin": [4.05, 11.95, 6.25]},
			"faces": {
				"north": {"uv": [7.75, 7.5, 9.75, 8], "texture": "#0"},
				"east": {"uv": [6.75, 11, 7, 11.5], "texture": "#0"},
				"south": {"uv": [8, 0, 10, 0.5], "texture": "#0"},
				"west": {"uv": [8.75, 11, 9, 11.5], "texture": "#0"},
				"up": {"uv": [11.25, 6.25, 9.25, 6], "texture": "#0"},
				"down": {"uv": [11.25, 6.25, 9.25, 6.5], "texture": "#0"}
			}
		},
		{
			"from": [8.25, 4, 5.5],
			"to": [16.25, 5.5, 6.75],
			"rotation": {"angle": -45, "axis": "z", "origin": [11.25, 4.75, 6.25]},
			"faces": {
				"north": {"uv": [8, 0.5, 10, 1], "texture": "#0"},
				"east": {"uv": [9, 11, 9.25, 11.5], "texture": "#0"},
				"south": {"uv": [8, 1, 10, 1.5], "texture": "#0"},
				"west": {"uv": [9.25, 11, 9.5, 11.5], "texture": "#0"},
				"up": {"uv": [11.5, 8.25, 9.5, 8], "texture": "#0"},
				"down": {"uv": [11.5, 8.25, 9.5, 8.5], "texture": "#0"}
			}
		},
		{
			"from": [7.25, 2, 5.5],
			"to": [8.75, 6, 6.75],
			"rotation": {"angle": 0, "axis": "y", "origin": [8, 4, 6.25]},
			"faces": {
				"north": {"uv": [4.25, 9.5, 4.75, 10.5], "texture": "#0"},
				"east": {"uv": [3, 10.5, 3.25, 11.5], "texture": "#0"},
				"south": {"uv": [7, 9.5, 7.5, 10.5], "texture": "#0"},
				"west": {"uv": [3.25, 10.5, 3.5, 11.5], "texture": "#0"},
				"up": {"uv": [11.5, 11, 11, 10.75], "texture": "#0"},
				"down": {"uv": [11.5, 11, 11, 11.25], "texture": "#0"}
			}
		},
		{
			"from": [2, 7.25, 5.5],
			"to": [6, 8.75, 6.75],
			"rotation": {"angle": 0, "axis": "y", "origin": [3, 7.25, 5]},
			"faces": {
				"north": {"uv": [9.5, 8.5, 10.5, 9], "texture": "#0"},
				"east": {"uv": [1.5, 11.25, 1.75, 11.75], "texture": "#0"},
				"south": {"uv": [8.75, 9.5, 9.75, 10], "texture": "#0"},
				"west": {"uv": [1.75, 11.25, 2, 11.75], "texture": "#0"},
				"up": {"uv": [11.5, 10.5, 10.5, 10.25], "texture": "#0"},
				"down": {"uv": [11.5, 10.5, 10.5, 10.75], "texture": "#0"}
			}
		},
		{
			"from": [0, 0, 8.5],
			"to": [16, 2, 11.5],
			"rotation": {"angle": 0, "axis": "y", "origin": [0, 0, 11.5]},
			"faces": {
				"north": {"uv": [4.75, 3.5, 8.75, 4], "texture": "#0"},
				"east": {"uv": [0, 10.5, 0.75, 11], "texture": "#0"},
				"south": {"uv": [4.75, 4, 8.75, 4.5], "texture": "#0"},
				"west": {"uv": [0.75, 10.5, 1.5, 11], "texture": "#0"},
				"up": {"uv": [4, 3.75, 0, 3], "texture": "#0"},
				"down": {"uv": [4, 3.75, 0, 4.5], "texture": "#0"}
			}
		},
		{
			"from": [14, 2, 8.5],
			"to": [16, 14, 11.5],
			"rotation": {"angle": 0, "axis": "y", "origin": [0, 2, 11.5]},
			"faces": {
				"north": {"uv": [7.25, 5.5, 7.75, 8.5], "texture": "#0"},
				"east": {"uv": [2.25, 4.5, 3, 7.5], "texture": "#0"},
				"south": {"uv": [0, 7.5, 0.5, 10.5], "texture": "#0"},
				"west": {"uv": [3, 4.5, 3.75, 7.5], "texture": "#0"},
				"up": {"uv": [2, 11.25, 1.5, 10.5], "texture": "#0"},
				"down": {"uv": [2.5, 10.5, 2, 11.25], "texture": "#0"}
			}
		},
		{
			"from": [0, 2, 8.5],
			"to": [2, 14, 11.5],
			"rotation": {"angle": 0, "axis": "y", "origin": [-14, 2, 11.5]},
			"faces": {
				"north": {"uv": [0.5, 7.5, 1, 10.5], "texture": "#0"},
				"east": {"uv": [3.75, 4.5, 4.5, 7.5], "texture": "#0"},
				"south": {"uv": [1, 7.5, 1.5, 10.5], "texture": "#0"},
				"west": {"uv": [4.5, 4.5, 5.25, 7.5], "texture": "#0"},
				"up": {"uv": [11, 2.75, 10.5, 2], "texture": "#0"},
				"down": {"uv": [3, 10.5, 2.5, 11.25], "texture": "#0"}
			}
		},
		{
			"from": [0, 14, 8.5],
			"to": [16, 16, 11.5],
			"rotation": {"angle": 0, "axis": "y", "origin": [0, 14, 11.5]},
			"faces": {
				"north": {"uv": [5.25, 4.5, 9.25, 5], "texture": "#0"},
				"east": {"uv": [10.5, 8.5, 11.25, 9], "texture": "#0"},
				"south": {"uv": [5.25, 5, 9.25, 5.5], "texture": "#0"},
				"west": {"uv": [8.75, 10.5, 9.5, 11], "texture": "#0"},
				"up": {"uv": [8, 0.75, 4, 0], "texture": "#0"},
				"down": {"uv": [8, 0.75, 4, 1.5], "texture": "#0"}
			}
		},
		{
			"from": [6, 6, 9.5],
			"to": [10, 10, 12],
			"rotation": {"angle": 0, "axis": "y", "origin": [7, 7, 11.5]},
			"faces": {
				"north": {"uv": [7.75, 8, 8.75, 9], "texture": "#0"},
				"east": {"uv": [8.75, 8, 9.5, 9], "texture": "#0"},
				"south": {"uv": [8.25, 5.5, 9.25, 6.5], "texture": "#0"},
				"west": {"uv": [5, 9, 5.75, 10], "texture": "#0"},
				"up": {"uv": [6.75, 9.75, 5.75, 9], "texture": "#0"},
				"down": {"uv": [8.75, 9, 7.75, 9.75], "texture": "#0"}
			}
		},
		{
			"from": [10, 7.25, 9.75],
			"to": [14, 8.75, 11],
			"rotation": {"angle": 0, "axis": "y", "origin": [11, 7.25, 11.5]},
			"faces": {
				"north": {"uv": [9.75, 3, 10.75, 3.5], "texture": "#0"},
				"east": {"uv": [2, 11.25, 2.25, 11.75], "texture": "#0"},
				"south": {"uv": [9.75, 3.5, 10.75, 4], "texture": "#0"},
				"west": {"uv": [2.25, 11.25, 2.5, 11.75], "texture": "#0"},
				"up": {"uv": [11.75, 1.25, 10.75, 1], "texture": "#0"},
				"down": {"uv": [11.75, 1.25, 10.75, 1.5], "texture": "#0"}
			}
		},
		{
			"from": [7.25, 10, 9.75],
			"to": [8.75, 14, 11],
			"rotation": {"angle": 0, "axis": "y", "origin": [8, 12, 10.25]},
			"faces": {
				"north": {"uv": [9.75, 5, 10.25, 6], "texture": "#0"},
				"east": {"uv": [4.25, 10.5, 4.5, 11.5], "texture": "#0"},
				"south": {"uv": [5.75, 9.75, 6.25, 10.75], "texture": "#0"},
				"west": {"uv": [4.5, 10.5, 4.75, 11.5], "texture": "#0"},
				"up": {"uv": [3, 11.5, 2.5, 11.25], "texture": "#0"},
				"down": {"uv": [11.75, 3, 11.25, 3.25], "texture": "#0"}
			}
		},
		{
			"from": [10.5, 8.25, 9.75],
			"to": [12, 16.25, 11],
			"rotation": {"angle": -45, "axis": "z", "origin": [11.25, 11.25, 10.25]},
			"faces": {
				"north": {"uv": [1.5, 8.5, 2, 10.5], "texture": "#0"},
				"east": {"uv": [4.75, 9.5, 5, 11.5], "texture": "#0"},
				"south": {"uv": [2, 8.5, 2.5, 10.5], "texture": "#0"},
				"west": {"uv": [7.5, 9.5, 7.75, 11.5], "texture": "#0"},
				"up": {"uv": [11.75, 3.5, 11.25, 3.25], "texture": "#0"},
				"down": {"uv": [11.75, 3.5, 11.25, 3.75], "texture": "#0"}
			}
		},
		{
			"from": [3.25, 1, 9.75],
			"to": [4.75, 9, 11],
			"rotation": {"angle": -45, "axis": "z", "origin": [4, 4, 10.25]},
			"faces": {
				"north": {"uv": [2.5, 8.5, 3, 10.5], "texture": "#0"},
				"east": {"uv": [6.25, 9.75, 6.5, 11.75], "texture": "#0"},
				"south": {"uv": [3, 8.5, 3.5, 10.5], "texture": "#0"},
				"west": {"uv": [6.5, 9.75, 6.75, 11.75], "texture": "#0"},
				"up": {"uv": [11.75, 4, 11.25, 3.75], "texture": "#0"},
				"down": {"uv": [6.25, 11.25, 5.75, 11.5], "texture": "#0"}
			}
		},
		{
			"from": [1, 11.25, 9.75],
			"to": [9, 12.75, 11],
			"rotation": {"angle": -45, "axis": "z", "origin": [4, 12, 10.25]},
			"faces": {
				"north": {"uv": [8.25, 6.5, 10.25, 7], "texture": "#0"},
				"east": {"uv": [11.25, 6, 11.5, 6.5], "texture": "#0"},
				"south": {"uv": [8.25, 7, 10.25, 7.5], "texture": "#0"},
				"west": {"uv": [11.25, 6.5, 11.5, 7], "texture": "#0"},
				"up": {"uv": [11.75, 4.25, 9.75, 4], "texture": "#0"},
				"down": {"uv": [11.75, 4.25, 9.75, 4.5], "texture": "#0"}
			}
		},
		{
			"from": [8.25, 4, 9.75],
			"to": [16.25, 5.5, 11],
			"rotation": {"angle": -45, "axis": "z", "origin": [11.25, 4.75, 10.25]},
			"faces": {
				"north": {"uv": [5, 8.5, 7, 9], "texture": "#0"},
				"east": {"uv": [7.75, 11.25, 8, 11.75], "texture": "#0"},
				"south": {"uv": [8.75, 1.5, 10.75, 2], "texture": "#0"},
				"west": {"uv": [8, 11.25, 8.25, 11.75], "texture": "#0"},
				"up": {"uv": [11.75, 7.75, 9.75, 7.5], "texture": "#0"},
				"down": {"uv": [11.75, 7.75, 9.75, 8], "texture": "#0"}
			}
		},
		{
			"from": [7.25, 2, 9.75],
			"to": [8.75, 6, 11],
			"rotation": {"angle": 0, "axis": "y", "origin": [8, 4, 10.25]},
			"faces": {
				"north": {"uv": [7.75, 9.75, 8.25, 10.75], "texture": "#0"},
				"east": {"uv": [7, 10.5, 7.25, 11.5], "texture": "#0"},
				"south": {"uv": [8.25, 9.75, 8.75, 10.75], "texture": "#0"},
				"west": {"uv": [7.25, 10.5, 7.5, 11.5], "texture": "#0"},
				"up": {"uv": [8.75, 11.5, 8.25, 11.25], "texture": "#0"},
				"down": {"uv": [11.75, 8.5, 11.25, 8.75], "texture": "#0"}
			}
		},
		{
			"from": [2, 7.25, 9.75],
			"to": [6, 8.75, 11],
			"rotation": {"angle": 0, "axis": "y", "origin": [3, 7.25, 11.5]},
			"faces": {
				"north": {"uv": [9.75, 9, 10.75, 9.5], "texture": "#0"},
				"east": {"uv": [11.25, 9.25, 11.5, 9.75], "texture": "#0"},
				"south": {"uv": [9.75, 9.5, 10.75, 10], "texture": "#0"},
				"west": {"uv": [9.5, 11.25, 9.75, 11.75], "texture": "#0"},
				"up": {"uv": [11.75, 1.75, 10.75, 1.5], "texture": "#0"},
				"down": {"uv": [11.75, 1.75, 10.75, 2], "texture": "#0"}
			}
		},
		{
			"from": [7, 7, 6],
			"to": [9, 9, 10],
			"rotation": {"angle": 0, "axis": "y", "origin": [7, 7, 7]},
			"faces": {
				"north": {"uv": [10.75, 3, 11.25, 3.5], "texture": "#0"},
				"east": {"uv": [10, 0, 11, 0.5], "texture": "#0"},
				"south": {"uv": [10.75, 3.5, 11.25, 4], "texture": "#0"},
				"west": {"uv": [10, 0.5, 11, 1], "texture": "#0"},
				"up": {"uv": [10.5, 3, 10, 2], "texture": "#0"},
				"down": {"uv": [5.5, 10, 5, 11], "texture": "#0"}
			}
		},
		{
			"from": [9, 1, 4],
			"to": [10, 2, 5],
			"rotation": {"angle": 0, "axis": "y", "origin": [8, 0, 3]},
			"faces": {
				"north": {"uv": [11.25, 8.75, 11.5, 9], "texture": "#0"},
				"east": {"uv": [9.75, 11.25, 10, 11.5], "texture": "#0"},
				"south": {"uv": [11.25, 9.75, 11.5, 10], "texture": "#0"},
				"west": {"uv": [10, 11.25, 10.25, 11.5], "texture": "#0"},
				"up": {"uv": [10.5, 11.5, 10.25, 11.25], "texture": "#0"},
				"down": {"uv": [10.75, 11.25, 10.5, 11.5], "texture": "#0"}
			}
		},
		{
			"from": [6, 1, 4],
			"to": [7, 2, 5],
			"rotation": {"angle": 0, "axis": "y", "origin": [5, 0, 3]},
			"faces": {
				"north": {"uv": [10.75, 11.25, 11, 11.5], "texture": "#0"},
				"east": {"uv": [11, 11.25, 11.25, 11.5], "texture": "#0"},
				"south": {"uv": [11.25, 11.25, 11.5, 11.5], "texture": "#0"},
				"west": {"uv": [0, 11.5, 0.25, 11.75], "texture": "#0"},
				"up": {"uv": [11.75, 0.25, 11.5, 0], "texture": "#0"},
				"down": {"uv": [0.5, 11.5, 0.25, 11.75], "texture": "#0"}
			}
		},
		{
			"from": [6, 1, 3],
			"to": [10, 2, 4],
			"rotation": {"angle": 0, "axis": "y", "origin": [7, 0, 2]},
			"faces": {
				"north": {"uv": [10.75, 4.5, 11.75, 4.75], "texture": "#0"},
				"east": {"uv": [11.5, 0.25, 11.75, 0.5], "texture": "#0"},
				"south": {"uv": [10.75, 4.75, 11.75, 5], "texture": "#0"},
				"west": {"uv": [0.5, 11.5, 0.75, 11.75], "texture": "#0"},
				"up": {"uv": [11.75, 5.25, 10.75, 5], "texture": "#0"},
				"down": {"uv": [11.75, 5.25, 10.75, 5.5], "texture": "#0"}
			}
		},
		{
			"from": [6, 14, 3],
			"to": [10, 15, 4],
			"rotation": {"angle": 0, "axis": "y", "origin": [7, 13, 2]},
			"faces": {
				"north": {"uv": [10.75, 5.5, 11.75, 5.75], "texture": "#0"},
				"east": {"uv": [11.5, 0.5, 11.75, 0.75], "texture": "#0"},
				"south": {"uv": [10.75, 5.75, 11.75, 6], "texture": "#0"},
				"west": {"uv": [0.75, 11.5, 1, 11.75], "texture": "#0"},
				"up": {"uv": [8.75, 11, 7.75, 10.75], "texture": "#0"},
				"down": {"uv": [11.75, 9, 10.75, 9.25], "texture": "#0"}
			}
		},
		{
			"from": [6, 14, 4],
			"to": [7, 15, 5],
			"rotation": {"angle": 0, "axis": "y", "origin": [5, 13, 3]},
			"faces": {
				"north": {"uv": [11.5, 0.75, 11.75, 1], "texture": "#0"},
				"east": {"uv": [1, 11.5, 1.25, 11.75], "texture": "#0"},
				"south": {"uv": [1.25, 11.5, 1.5, 11.75], "texture": "#0"},
				"west": {"uv": [11.5, 2, 11.75, 2.25], "texture": "#0"},
				"up": {"uv": [11.75, 2.5, 11.5, 2.25], "texture": "#0"},
				"down": {"uv": [2.75, 11.5, 2.5, 11.75], "texture": "#0"}
			}
		},
		{
			"from": [9, 14, 4],
			"to": [10, 15, 5],
			"rotation": {"angle": 0, "axis": "y", "origin": [8, 13, 3]},
			"faces": {
				"north": {"uv": [11.5, 2.5, 11.75, 2.75], "texture": "#0"},
				"east": {"uv": [2.75, 11.5, 3, 11.75], "texture": "#0"},
				"south": {"uv": [11.5, 2.75, 11.75, 3], "texture": "#0"},
				"west": {"uv": [3, 11.5, 3.25, 11.75], "texture": "#0"},
				"up": {"uv": [3.5, 11.75, 3.25, 11.5], "texture": "#0"},
				"down": {"uv": [3.75, 11.5, 3.5, 11.75], "texture": "#0"}
			}
		},
		{
			"from": [7, 7, 4],
			"to": [9, 9, 6],
			"rotation": {"angle": 0, "axis": "y", "origin": [7, 7, 4]},
			"faces": {
				"north": {"uv": [5.75, 10.75, 6.25, 11.25], "texture": "#0"},
				"east": {"uv": [10.75, 9.25, 11.25, 9.75], "texture": "#0"},
				"south": {"uv": [9.5, 10.75, 10, 11.25], "texture": "#0"},
				"west": {"uv": [10, 10.75, 10.5, 11.25], "texture": "#0"},
				"up": {"uv": [11, 11.25, 10.5, 10.75], "texture": "#0"},
				"down": {"uv": [0.5, 11, 0, 11.5], "texture": "#0"}
			}
		},
		{
			"from": [7, 7, 10.5],
			"to": [9, 9, 12.5],
			"rotation": {"angle": 0, "axis": "y", "origin": [7, 7, 10.5]},
			"faces": {
				"north": {"uv": [11, 0, 11.5, 0.5], "texture": "#0"},
				"east": {"uv": [0.5, 11, 1, 11.5], "texture": "#0"},
				"south": {"uv": [11, 0.5, 11.5, 1], "texture": "#0"},
				"west": {"uv": [1, 11, 1.5, 11.5], "texture": "#0"},
				"up": {"uv": [11.5, 2.5, 11, 2], "texture": "#0"},
				"down": {"uv": [5.5, 11, 5, 11.5], "texture": "#0"}
			}
		}
	],
	"gui_light": "front",
	"display": {
		"thirdperson_righthand": {
			"rotation": [90, 90, 0],
			"translation": [5.25, -1.25, 9],
			"scale": [1.2, 1.2, 1]
		},
		"thirdperson_lefthand": {
			"rotation": [90, 90, 0],
			"translation": [5.25, -1.25, 9],
			"scale": [1.2, 1.2, 1]
		},
		"firstperson_righthand": {
			"rotation": [90, 90, -41],
			"translation": [2.25, 1.5, 2.5]
		},
		"firstperson_lefthand": {
			"rotation": [90, 90, -41],
			"translation": [2.25, 1.5, 2.5]
		},
		"ground": {
			"translation": [0, 4.75, 0]
		},
		"gui": {
			"rotation": [0, 180, 18],
			"scale": [0.8, 0.8, 1]
		}
	}
}