{
	"credit": "Made with Blockbench",
	"texture_size": [32, 32],
	"textures": {
		"0": "item/flintaxe",
		"particle": "flintaxe"
	},
	"elements": [
		{
			"from": [7.25, -6, 7.25],
			"to": [8.75, 13, 8.75],
			"rotation": {"angle": 0, "axis": "y", "origin": [6.75, 0, 7.25]},
			"faces": {
				"north": {"uv": [0, 0, 1, 9.5], "texture": "#0"},
				"east": {"uv": [1, 0, 2, 9.5], "texture": "#0"},
				"south": {"uv": [2, 0, 3, 9.5], "texture": "#0"},
				"west": {"uv": [3, 0, 4, 9.5], "texture": "#0"},
				"up": {"uv": [8, 4.5, 7, 3.5], "texture": "#0"},
				"down": {"uv": [5, 7, 4, 8], "texture": "#0"}
			}
		},
		{
			"from": [7, 8.5, 7],
			"to": [9, 12, 9],
			"rotation": {"angle": 0, "axis": "y", "origin": [6.75, 0, 7.25]},
			"faces": {
				"north": {"uv": [4, 3, 5, 5], "texture": "#0"},
				"east": {"uv": [5, 3, 6, 5], "texture": "#0"},
				"south": {"uv": [4, 5, 5, 7], "texture": "#0"},
				"west": {"uv": [5, 5, 6, 7], "texture": "#0"},
				"up": {"uv": [8, 5.5, 7, 4.5], "texture": "#0"},
				"down": {"uv": [6, 7, 5, 8], "texture": "#0"}
			}
		},
		{
			"from": [6.5, 9, 7.5],
			"to": [9.5, 11.5, 8.5],
			"rotation": {"angle": 0, "axis": "y", "origin": [9, 9, 7]},
			"faces": {
				"north": {"uv": [4, 0, 5.5, 1.5], "texture": "#0"},
				"east": {"uv": [6, 7.5, 6.5, 9], "texture": "#0"},
				"south": {"uv": [4, 1.5, 5.5, 3], "texture": "#0"},
				"west": {"uv": [6.5, 7.5, 7, 9], "texture": "#0"},
				"up": {"uv": [9, 7, 7.5, 6.5], "texture": "#0"},
				"down": {"uv": [9, 7, 7.5, 7.5], "texture": "#0"}
			}
		},
		{
			"from": [9.5, 8.75, 7.5],
			"to": [11.75, 11.75, 8.5],
			"rotation": {"angle": 0, "axis": "y", "origin": [13, 9, 7]},
			"faces": {
				"north": {"uv": [6, 6, 7, 7.5], "texture": "#0"},
				"east": {"uv": [7.5, 7.5, 8, 9], "texture": "#0"},
				"south": {"uv": [7, 2, 8, 3.5], "texture": "#0"},
				"west": {"uv": [8, 0, 8.5, 1.5], "texture": "#0"},
				"up": {"uv": [9, 5, 8, 4.5], "texture": "#0"},
				"down": {"uv": [6, 8, 5, 8.5], "texture": "#0"}
			}
		},
		{
			"from": [11.75, 8.75, 7.75],
			"to": [12.25, 11.75, 8.25],
			"rotation": {"angle": 0, "axis": "y", "origin": [15, 9, 7]},
			"faces": {
				"north": {"uv": [8, 1.5, 8.5, 3], "texture": "#0"},
				"east": {"uv": [8, 3, 8.5, 4.5], "texture": "#0"},
				"south": {"uv": [4, 8, 4.5, 9.5], "texture": "#0"},
				"west": {"uv": [4.5, 8, 5, 9.5], "texture": "#0"},
				"up": {"uv": [5.5, 9, 5, 8.5], "texture": "#0"},
				"down": {"uv": [6, 8.5, 5.5, 9], "texture": "#0"}
			}
		},
		{
			"from": [5.5, 9.25, 7.5],
			"to": [6.5, 11.25, 8.5],
			"rotation": {"angle": 0, "axis": "y", "origin": [6, 9, 7]},
			"faces": {
				"north": {"uv": [5.5, 2, 6, 3], "texture": "#0"},
				"east": {"uv": [8, 7.5, 8.5, 8.5], "texture": "#0"},
				"south": {"uv": [8.5, 0, 9, 1], "texture": "#0"},
				"west": {"uv": [8.5, 1, 9, 2], "texture": "#0"},
				"up": {"uv": [7.5, 9, 7, 8.5], "texture": "#0"},
				"down": {"uv": [9, 7.5, 8.5, 8], "texture": "#0"}
			}
		},
		{
			"from": [6.25, 10, 6.85],
			"to": [9.75, 10.5, 9.15],
			"rotation": {"angle": -45, "axis": "z", "origin": [8, 10.25, 8]},
			"faces": {
				"north": {"uv": [7, 5.5, 9, 6], "texture": "#0"},
				"east": {"uv": [8, 5, 9, 5.5], "texture": "#0"},
				"south": {"uv": [7, 6, 9, 6.5], "texture": "#0"},
				"west": {"uv": [8.5, 2, 9.5, 2.5], "texture": "#0"},
				"up": {"uv": [7.5, 1, 5.5, 0], "texture": "#0"},
				"down": {"uv": [7.5, 1, 5.5, 2], "texture": "#0"}
			}
		},
		{
			"from": [7.75, 8.5, 6.95],
			"to": [8.25, 12, 9.05],
			"rotation": {"angle": -45, "axis": "z", "origin": [8, 10.25, 8]},
			"faces": {
				"north": {"uv": [7, 6.5, 7.5, 8.5], "texture": "#0"},
				"east": {"uv": [6, 2, 7, 4], "texture": "#0"},
				"south": {"uv": [7.5, 0, 8, 2], "texture": "#0"},
				"west": {"uv": [6, 4, 7, 6], "texture": "#0"},
				"up": {"uv": [9, 3.5, 8.5, 2.5], "texture": "#0"},
				"down": {"uv": [9, 3.5, 8.5, 4.5], "texture": "#0"}
			}
		}
	],
	"gui_light": "front",
	"display": {
		"thirdperson_righthand": {
			"rotation": [0, 90, 0],
			"translation": [-0.5, 4.75, 1.25],
			"scale": [0.9, 0.9, 0.9]
		},
		"thirdperson_lefthand": {
			"rotation": [0, -90, 0],
			"translation": [-0.5, 4.75, 1.25],
			"scale": [0.9, 0.9, 0.9]
		},
		"firstperson_righthand": {
			"rotation": [10, 90, 0],
			"translation": [-1, 5.25, 2.5],
			"scale": [0.9, 0.9, 0.9]
		},
		"firstperson_lefthand": {
			"rotation": [10, -90, 0],
			"translation": [-1, 5.25, 2.5],
			"scale": [0.9, 0.9, 0.9]
		},
		"ground": {
			"translation": [0, 7, 0],
			"scale": [0.7, 0.7, 0.7]
		},
		"gui": {
			"rotation": [0, 0, -45],
			"translation": [2, 2.75, 0],
			"scale": [0.9, 0.9, 1]
		},
		"fixed": {
			"translation": [0, 4.25, 0]
		}
	}
}