{
	"credit": "Made with Blockbench",
	"texture_size": [32, 32],
	"textures": {
		"0": "item/forestclub",
		"particle": "forestclub"
	},
	"elements": [
		{
			"from": [7, -16, 7],
			"to": [8.5, 4, 8.5],
			"faces": {
				"north": {"uv": [0, 0, 1, 10], "texture": "#0"},
				"east": {"uv": [1, 0, 2, 10], "texture": "#0"},
				"south": {"uv": [2, 0, 3, 10], "texture": "#0"},
				"west": {"uv": [3, 0, 4, 10], "texture": "#0"},
				"up": {"uv": [7, 10, 6, 9], "texture": "#0"},
				"down": {"uv": [10, 6.5, 9, 7.5], "texture": "#0"}
			}
		},
		{
			"from": [6.75, 4, 6.75],
			"to": [8.75, 11, 8.75],
			"faces": {
				"north": {"uv": [8, 0, 9, 3.5], "texture": "#0"},
				"east": {"uv": [4, 8, 5, 11.5], "texture": "#0"},
				"south": {"uv": [5, 8, 6, 11.5], "texture": "#0"},
				"west": {"uv": [9, 0, 10, 3.5], "texture": "#0"},
				"up": {"uv": [8, 10, 7, 9], "texture": "#0"},
				"down": {"uv": [10, 7.5, 9, 8.5], "texture": "#0"}
			}
		},
		{
			"from": [6.5, 11, 6.5],
			"to": [9, 16, 9],
			"faces": {
				"north": {"uv": [6, 4, 7.5, 6.5], "texture": "#0"},
				"east": {"uv": [6, 6.5, 7.5, 9], "texture": "#0"},
				"south": {"uv": [7.5, 4, 9, 6.5], "texture": "#0"},
				"west": {"uv": [7.5, 6.5, 9, 9], "texture": "#0"},
				"up": {"uv": [10.5, 5, 9, 3.5], "texture": "#0"},
				"down": {"uv": [10.5, 5, 9, 6.5], "texture": "#0"}
			}
		},
		{
			"from": [8, 13, 6],
			"to": [11.5, 16.5, 9.5],
			"faces": {
				"north": {"uv": [4, 0, 6, 2], "texture": "#0"},
				"east": {"uv": [4, 2, 6, 4], "texture": "#0"},
				"south": {"uv": [4, 4, 6, 6], "texture": "#0"},
				"west": {"uv": [6, 0, 8, 2], "texture": "#0"},
				"up": {"uv": [8, 4, 6, 2], "texture": "#0"},
				"down": {"uv": [6, 6, 4, 8], "texture": "#0"}
			}
		},
		{
			"from": [4, 13, 7.75],
			"to": [9, 18, 7.75],
			"faces": {
				"north": {"uv": [12, 10, 14.5, 12.5], "texture": "#0"},
				"east": {"uv": [0, 0, 0, 2.5], "texture": "#0"},
				"south": {"uv": [9.5, 10, 12, 12.5], "texture": "#0"},
				"west": {"uv": [0, 0, 0, 2.5], "texture": "#0"},
				"up": {"uv": [0, 0, 2.5, 0], "texture": "#0"},
				"down": {"uv": [0, 0, 2.5, 0], "texture": "#0"}
			}
		}
	],
	"gui_light": "front",
	"display": {
		"thirdperson_righthand": {
			"rotation": [0, 90, 0],
			"translation": [0, 7.25, 0.75],
			"scale": [0.8, 0.8, 0.8]
		},
		"thirdperson_lefthand": {
			"rotation": [0, -90, 0],
			"translation": [0, 7.25, 0.75],
			"scale": [0.8, 0.8, 0.8]
		},
		"firstperson_righthand": {
			"rotation": [13, 90, 0],
			"translation": [0, 5.75, 0]
		},
		"firstperson_lefthand": {
			"rotation": [13, -90, 0],
			"translation": [0, 5.75, 0]
		},
		"ground": {
			"translation": [0, 9.25, 0],
			"scale": [0.5, 0.5, 0.5]
		},
		"gui": {
			"rotation": [0, 0, -45],
			"translation": [3, 2.75, 0],
			"scale": [0.6, 0.6, 0.6]
		},
		"fixed": {
			"translation": [0, 5.5, 0]
		}
	}
}