{
	"credit": "Made with Blockbench",
	"texture_size": [32, 32],
	"textures": {
		"0": "item/fortresssword",
		"particle": "fortresssword"
	},
	"elements": [
		{
			"from": [7.25, 0, 7.25],
			"to": [8.75, 7, 8.75],
			"faces": {
				"north": {"uv": [4.5, 2, 5.25, 5.5], "texture": "#0"},
				"east": {"uv": [5.5, 2, 6.25, 5.5], "texture": "#0"},
				"south": {"uv": [4.5, 5.5, 5.25, 9], "texture": "#0"},
				"west": {"uv": [5.5, 5.5, 6.25, 9], "texture": "#0"},
				"up": {"uv": [6.25, 9.75, 5.5, 9], "texture": "#0"},
				"down": {"uv": [3.75, 9.5, 3, 10.25], "texture": "#0"}
			}
		},
		{
			"from": [6.5, 6, 6.5],
			"to": [9.5, 9, 9.5],
			"faces": {
				"north": {"uv": [6, 0, 7.5, 1.5], "texture": "#0"},
				"east": {"uv": [3, 6, 4.5, 7.5], "texture": "#0"},
				"south": {"uv": [6.5, 1.5, 8, 3], "texture": "#0"},
				"west": {"uv": [6.5, 3, 8, 4.5], "texture": "#0"},
				"up": {"uv": [8, 6, 6.5, 4.5], "texture": "#0"},
				"down": {"uv": [8, 6, 6.5, 7.5], "texture": "#0"}
			}
		},
		{
			"from": [4.5, 7, 7.5],
			"to": [7.5, 9, 8.5],
			"rotation": {"angle": -22.5, "axis": "z", "origin": [6, 8, 8]},
			"faces": {
				"north": {"uv": [7.5, 0, 9, 1], "texture": "#0"},
				"east": {"uv": [9.5, 3.5, 10, 4.5], "texture": "#0"},
				"south": {"uv": [7, 7.5, 8.5, 8.5], "texture": "#0"},
				"west": {"uv": [9.5, 4.5, 10, 5.5], "texture": "#0"},
				"up": {"uv": [10, 8.5, 8.5, 8], "texture": "#0"},
				"down": {"uv": [10.5, 8.5, 9, 9], "texture": "#0"}
			}
		},
		{
			"from": [2.5, 6.75, 7.6],
			"to": [5.3, 8.25, 8.4],
			"rotation": {"angle": -45, "axis": "z", "origin": [6, 8, 8]},
			"faces": {
				"north": {"uv": [8, 3, 9.5, 3.75], "texture": "#0"},
				"east": {"uv": [2, 10, 2.5, 10.75], "texture": "#0"},
				"south": {"uv": [8, 4, 9.5, 4.75], "texture": "#0"},
				"west": {"uv": [2.5, 10, 3, 10.75], "texture": "#0"},
				"up": {"uv": [10.5, 9.5, 9, 9], "texture": "#0"},
				"down": {"uv": [11, 1, 9.5, 1.5], "texture": "#0"}
			}
		},
		{
			"from": [8.5, 7, 7.5],
			"to": [11.5, 9, 8.5],
			"rotation": {"angle": 22.5, "axis": "z", "origin": [10, 8, 8]},
			"faces": {
				"north": {"uv": [8, 1, 9.5, 2], "texture": "#0"},
				"east": {"uv": [9.5, 5.5, 10, 6.5], "texture": "#0"},
				"south": {"uv": [8, 2, 9.5, 3], "texture": "#0"},
				"west": {"uv": [9.5, 6.5, 10, 7.5], "texture": "#0"},
				"up": {"uv": [11, 2, 9.5, 1.5], "texture": "#0"},
				"down": {"uv": [11, 2, 9.5, 2.5], "texture": "#0"}
			}
		},
		{
			"from": [11, 7.38268, 7.6],
			"to": [13.8, 8.88268, 8.4],
			"rotation": {"angle": 45, "axis": "z", "origin": [11, 8, 8]},
			"faces": {
				"north": {"uv": [8, 5, 9.5, 5.75], "texture": "#0"},
				"east": {"uv": [10, 3.5, 10.5, 4.25], "texture": "#0"},
				"south": {"uv": [8, 6, 9.5, 6.75], "texture": "#0"},
				"west": {"uv": [4.5, 10, 5, 10.75], "texture": "#0"},
				"up": {"uv": [11, 3, 9.5, 2.5], "texture": "#0"},
				"down": {"uv": [11, 3, 9.5, 3.5], "texture": "#0"}
			}
		},
		{
			"from": [6.5, 9, 9],
			"to": [9.5, 13, 9],
			"faces": {
				"north": {"uv": [3, 0, 4.5, 2], "texture": "#0"},
				"east": {"uv": [0, 0, 0, 2], "texture": "#0"},
				"south": {"uv": [3, 2, 4.5, 4], "texture": "#0"},
				"west": {"uv": [0, 0, 0, 2], "texture": "#0"},
				"up": {"uv": [1.5, 0, 0, 0], "texture": "#0"},
				"down": {"uv": [1.5, 0, 0, 0], "texture": "#0"}
			}
		},
		{
			"from": [6.5, 9, 7],
			"to": [9.5, 13, 7],
			"faces": {
				"north": {"uv": [3, 4, 4.5, 6], "texture": "#0"},
				"east": {"uv": [0, 0, 0, 2], "texture": "#0"},
				"south": {"uv": [4.5, 0, 6, 2], "texture": "#0"},
				"west": {"uv": [0, 0, 0, 2], "texture": "#0"},
				"up": {"uv": [1.5, 0, 0, 0], "texture": "#0"},
				"down": {"uv": [1.5, 0, 0, 0], "texture": "#0"}
			}
		},
		{
			"from": [6.5, 9, 7],
			"to": [6.5, 13, 9],
			"faces": {
				"north": {"uv": [0, 0, 0, 2], "texture": "#0"},
				"east": {"uv": [0, 7, 1, 9], "texture": "#0"},
				"south": {"uv": [0, 0, 0, 2], "texture": "#0"},
				"west": {"uv": [1, 7, 2, 9], "texture": "#0"},
				"up": {"uv": [0, 1, 0, 0], "texture": "#0"},
				"down": {"uv": [0, 0, 0, 1], "texture": "#0"}
			}
		},
		{
			"from": [9.5, 9, 7],
			"to": [9.5, 13, 9],
			"faces": {
				"north": {"uv": [0, 0, 0, 2], "texture": "#0"},
				"east": {"uv": [2, 7, 3, 9], "texture": "#0"},
				"south": {"uv": [0, 0, 0, 2], "texture": "#0"},
				"west": {"uv": [3, 7.5, 4, 9.5], "texture": "#0"},
				"up": {"uv": [0, 1, 0, 0], "texture": "#0"},
				"down": {"uv": [0, 0, 0, 1], "texture": "#0"}
			}
		},
		{
			"from": [6.75, 9, 7.75],
			"to": [9.25, 23, 8.25],
			"faces": {
				"north": {"uv": [0, 0, 1.25, 7], "texture": "#0"},
				"east": {"uv": [4, 7.5, 4.25, 14.5], "texture": "#0"},
				"south": {"uv": [1.5, 0, 2.75, 7], "texture": "#0"},
				"west": {"uv": [6.5, 7.5, 6.75, 14.5], "texture": "#0"},
				"up": {"uv": [11.25, 5.25, 10, 5], "texture": "#0"},
				"down": {"uv": [11.25, 5.5, 10, 5.75], "texture": "#0"}
			}
		},
		{
			"from": [7, 23, 7.75],
			"to": [9, 25, 8.25],
			"faces": {
				"north": {"uv": [7, 8.5, 8, 9.5], "texture": "#0"},
				"east": {"uv": [6, 10, 6.25, 11], "texture": "#0"},
				"south": {"uv": [8.5, 7, 9.5, 8], "texture": "#0"},
				"west": {"uv": [10, 6, 10.25, 7], "texture": "#0"},
				"up": {"uv": [8, 10.25, 7, 10], "texture": "#0"},
				"down": {"uv": [11, 7, 10, 7.25], "texture": "#0"}
			}
		},
		{
			"from": [7.25, 25, 7.75],
			"to": [8.75, 26, 8.25],
			"faces": {
				"north": {"uv": [10, 4.5, 10.75, 5], "texture": "#0"},
				"east": {"uv": [9.5, 10, 9.75, 10.5], "texture": "#0"},
				"south": {"uv": [5, 10, 5.75, 10.5], "texture": "#0"},
				"west": {"uv": [10, 9.5, 10.25, 10], "texture": "#0"},
				"up": {"uv": [10.75, 8.25, 10, 8], "texture": "#0"},
				"down": {"uv": [9.25, 10, 8.5, 10.25], "texture": "#0"}
			}
		},
		{
			"from": [7.5, 26, 7.75],
			"to": [8.5, 26.5, 8.25],
			"faces": {
				"north": {"uv": [10, 10, 10.5, 10.25], "texture": "#0"},
				"east": {"uv": [1.5, 10.5, 1.75, 10.75], "texture": "#0"},
				"south": {"uv": [0, 10.5, 0.5, 10.75], "texture": "#0"},
				"west": {"uv": [3, 10.5, 3.25, 10.75], "texture": "#0"},
				"up": {"uv": [1, 10.75, 0.5, 10.5], "texture": "#0"},
				"down": {"uv": [1.5, 10.5, 1, 10.75], "texture": "#0"}
			}
		},
		{
			"from": [1.8, 9.5, 7.5],
			"to": [3.8, 10.7, 8.5],
			"faces": {
				"north": {"uv": [7, 9.5, 8, 10], "texture": "#0"},
				"east": {"uv": [6, 1.5, 6.5, 2], "texture": "#0"},
				"south": {"uv": [9.5, 7.5, 10.5, 8], "texture": "#0"},
				"west": {"uv": [7.5, 1, 8, 1.5], "texture": "#0"},
				"up": {"uv": [9, 10, 8, 9.5], "texture": "#0"},
				"down": {"uv": [10, 9.5, 9, 10], "texture": "#0"}
			}
		},
		{
			"from": [12.35, 9.5, 7.5],
			"to": [14.35, 10.7, 8.5],
			"faces": {
				"north": {"uv": [0, 10, 1, 10.5], "texture": "#0"},
				"east": {"uv": [8, 7, 8.5, 7.5], "texture": "#0"},
				"south": {"uv": [10, 0, 11, 0.5], "texture": "#0"},
				"west": {"uv": [8, 10, 8.5, 10.5], "texture": "#0"},
				"up": {"uv": [11, 1, 10, 0.5], "texture": "#0"},
				"down": {"uv": [2, 10, 1, 10.5], "texture": "#0"}
			}
		},
		{
			"from": [7, -2, 7],
			"to": [9, 0, 9],
			"faces": {
				"north": {"uv": [8, 8.5, 9, 9.5], "texture": "#0"},
				"east": {"uv": [0, 9, 1, 10], "texture": "#0"},
				"south": {"uv": [9, 0, 10, 1], "texture": "#0"},
				"west": {"uv": [1, 9, 2, 10], "texture": "#0"},
				"up": {"uv": [3, 10, 2, 9], "texture": "#0"},
				"down": {"uv": [5.5, 9, 4.5, 10], "texture": "#0"}
			}
		}
	],
	"gui_light": "front",
	"display": {
		"thirdperson_righthand": {
			"rotation": [0, 90, 0],
			"translation": [-0.25, 2.5, 1.25]
		},
		"thirdperson_lefthand": {
			"rotation": [0, 90, 0],
			"translation": [-0.25, 2.5, 1.25]
		},
		"firstperson_righthand": {
			"rotation": [0, 90, 11],
			"translation": [0, 0.75, 0]
		},
		"firstperson_lefthand": {
			"rotation": [0, 90, 11],
			"translation": [0, 0.75, 0]
		},
		"ground": {
			"translation": [0, 1.75, 0],
			"scale": [0.5, 0.5, 0.5]
		},
		"gui": {
			"rotation": [0, 180, 45],
			"translation": [-1.75, -1.75, 0],
			"scale": [0.7, 0.7, 0.7]
		}
	}
}