{
	"credit": "Made with Blockbench",
	"texture_size": [32, 32],
	"textures": {
		"0": "item/frogsword",
		"particle": "frogsword"
	},
	"elements": [
		{
			"from": [7, -12, 7],
			"to": [9, -4, 8.5],
			"faces": {
				"north": {"uv": [8, 2.5, 9, 6.5], "texture": "#0"},
				"east": {"uv": [3.5, 8, 4.5, 12], "texture": "#0"},
				"south": {"uv": [4.5, 8, 5.5, 12], "texture": "#0"},
				"west": {"uv": [5.5, 8, 6.5, 12], "texture": "#0"},
				"up": {"uv": [11.5, 2.5, 10.5, 1.5], "texture": "#0"},
				"down": {"uv": [6.5, 12, 5.5, 13], "texture": "#0"}
			}
		},
		{
			"from": [6.5, -4, 7],
			"to": [9.5, -1, 8.5],
			"faces": {
				"north": {"uv": [10, 2.5, 11.5, 4], "texture": "#0"},
				"east": {"uv": [2.5, 10.5, 3.5, 12], "texture": "#0"},
				"south": {"uv": [7.5, 10, 9, 11.5], "texture": "#0"},
				"west": {"uv": [9.5, 11.5, 10.5, 13], "texture": "#0"},
				"up": {"uv": [11.5, 5, 10, 4], "texture": "#0"},
				"down": {"uv": [12, 12, 10.5, 13], "texture": "#0"}
			}
		},
		{
			"from": [5.5, -1, 6.75],
			"to": [10.5, 4, 8.75],
			"faces": {
				"north": {"uv": [8, 0, 10.5, 2.5], "texture": "#0"},
				"east": {"uv": [9, 2.5, 10, 5], "texture": "#0"},
				"south": {"uv": [1, 8, 3.5, 10.5], "texture": "#0"},
				"west": {"uv": [6.5, 9, 7.5, 11.5], "texture": "#0"},
				"up": {"uv": [11.5, 6, 9, 5], "texture": "#0"},
				"down": {"uv": [10, 9, 7.5, 10], "texture": "#0"}
			}
		},
		{
			"from": [4.5, 4, 6.75],
			"to": [11.5, 20, 8.75],
			"faces": {
				"north": {"uv": [0, 0, 3.5, 8], "texture": "#0"},
				"east": {"uv": [7, 0, 8, 8], "texture": "#0"},
				"south": {"uv": [3.5, 0, 7, 8], "texture": "#0"},
				"west": {"uv": [0, 8, 1, 16], "texture": "#0"},
				"up": {"uv": [10, 9, 6.5, 8], "texture": "#0"},
				"down": {"uv": [11.5, 6.5, 8, 7.5], "texture": "#0"}
			}
		},
		{
			"from": [8.5, 20, 6.75],
			"to": [11.5, 22, 8.75],
			"faces": {
				"north": {"uv": [12, 10.5, 13.5, 11.5], "texture": "#0"},
				"east": {"uv": [13, 5.5, 14, 6.5], "texture": "#0"},
				"south": {"uv": [12, 11.5, 13.5, 12.5], "texture": "#0"},
				"west": {"uv": [13, 6.5, 14, 7.5], "texture": "#0"},
				"up": {"uv": [13.5, 13.5, 12, 12.5], "texture": "#0"},
				"down": {"uv": [14.5, 1.5, 13, 2.5], "texture": "#0"}
			}
		},
		{
			"from": [4.5, 20, 6.75],
			"to": [7.5, 22, 8.75],
			"faces": {
				"north": {"uv": [13, 2.5, 14.5, 3.5], "texture": "#0"},
				"east": {"uv": [7, 13, 8, 14], "texture": "#0"},
				"south": {"uv": [13, 3.5, 14.5, 4.5], "texture": "#0"},
				"west": {"uv": [13, 7.5, 14, 8.5], "texture": "#0"},
				"up": {"uv": [14.5, 5.5, 13, 4.5], "texture": "#0"},
				"down": {"uv": [7, 13, 5.5, 14], "texture": "#0"}
			}
		},
		{
			"from": [6.5, -14, 6.5],
			"to": [9.5, -11, 9],
			"rotation": {"angle": -45, "axis": "z", "origin": [8, -12.5, 8]},
			"faces": {
				"north": {"uv": [10, 7.5, 11.5, 9], "texture": "#0"},
				"east": {"uv": [9, 10, 10.5, 11.5], "texture": "#0"},
				"south": {"uv": [10.5, 0, 12, 1.5], "texture": "#0"},
				"west": {"uv": [1, 10.5, 2.5, 12], "texture": "#0"},
				"up": {"uv": [12, 10.5, 10.5, 9], "texture": "#0"},
				"down": {"uv": [12, 10.5, 10.5, 12], "texture": "#0"}
			}
		},
		{
			"from": [4, 5, 7.5],
			"to": [6, 7, 8],
			"faces": {
				"north": {"uv": [8, 13, 9, 14], "texture": "#0"},
				"east": {"uv": [10, 9, 10.5, 10], "texture": "#0"},
				"south": {"uv": [9, 13, 10, 14], "texture": "#0"},
				"west": {"uv": [3.5, 14, 4, 15], "texture": "#0"},
				"up": {"uv": [11.5, 6.5, 10.5, 6], "texture": "#0"},
				"down": {"uv": [15, 5.5, 14, 6], "texture": "#0"}
			}
		},
		{
			"from": [10, 5, 7.5],
			"to": [12, 7, 8],
			"faces": {
				"north": {"uv": [10, 13, 11, 14], "texture": "#0"},
				"east": {"uv": [14, 6, 14.5, 7], "texture": "#0"},
				"south": {"uv": [11, 13, 12, 14], "texture": "#0"},
				"west": {"uv": [7, 14, 7.5, 15], "texture": "#0"},
				"up": {"uv": [15, 7.5, 14, 7], "texture": "#0"},
				"down": {"uv": [8.5, 14, 7.5, 14.5], "texture": "#0"}
			}
		},
		{
			"from": [10, 8, 7.5],
			"to": [13, 11, 8],
			"faces": {
				"north": {"uv": [11.5, 1.5, 13, 3], "texture": "#0"},
				"east": {"uv": [13.5, 0, 14, 1.5], "texture": "#0"},
				"south": {"uv": [11.5, 3, 13, 4.5], "texture": "#0"},
				"west": {"uv": [1, 13.5, 1.5, 15], "texture": "#0"},
				"up": {"uv": [9.5, 8, 8, 7.5], "texture": "#0"},
				"down": {"uv": [10.5, 6, 9, 6.5], "texture": "#0"}
			}
		},
		{
			"from": [3, 8, 7.5],
			"to": [6, 11, 8],
			"faces": {
				"north": {"uv": [11.5, 4.5, 13, 6], "texture": "#0"},
				"east": {"uv": [1.5, 13.5, 2, 15], "texture": "#0"},
				"south": {"uv": [11.5, 6, 13, 7.5], "texture": "#0"},
				"west": {"uv": [2, 13.5, 2.5, 15], "texture": "#0"},
				"up": {"uv": [14.5, 9, 13, 8.5], "texture": "#0"},
				"down": {"uv": [4, 13.5, 2.5, 14], "texture": "#0"}
			}
		},
		{
			"from": [3, 12, 7.5],
			"to": [6, 15, 8],
			"faces": {
				"north": {"uv": [6.5, 11.5, 8, 13], "texture": "#0"},
				"east": {"uv": [4, 13.5, 4.5, 15], "texture": "#0"},
				"south": {"uv": [11.5, 7.5, 13, 9], "texture": "#0"},
				"west": {"uv": [4.5, 13.5, 5, 15], "texture": "#0"},
				"up": {"uv": [15, 9.5, 13.5, 9], "texture": "#0"},
				"down": {"uv": [15, 9.5, 13.5, 10], "texture": "#0"}
			}
		},
		{
			"from": [10, 12, 7.5],
			"to": [13, 15, 8],
			"faces": {
				"north": {"uv": [8, 11.5, 9.5, 13], "texture": "#0"},
				"east": {"uv": [5, 13.5, 5.5, 15], "texture": "#0"},
				"south": {"uv": [12, 0, 13.5, 1.5], "texture": "#0"},
				"west": {"uv": [13.5, 10, 14, 11.5], "texture": "#0"},
				"up": {"uv": [15, 12, 13.5, 11.5], "texture": "#0"},
				"down": {"uv": [13.5, 13.5, 12, 14], "texture": "#0"}
			}
		},
		{
			"from": [10, 16, 7.5],
			"to": [13, 19, 8],
			"faces": {
				"north": {"uv": [1, 12, 2.5, 13.5], "texture": "#0"},
				"east": {"uv": [13.5, 12, 14, 13.5], "texture": "#0"},
				"south": {"uv": [2.5, 12, 4, 13.5], "texture": "#0"},
				"west": {"uv": [13.5, 13.5, 14, 15], "texture": "#0"},
				"up": {"uv": [15.5, 0.5, 14, 0], "texture": "#0"},
				"down": {"uv": [15.5, 0.5, 14, 1], "texture": "#0"}
			}
		},
		{
			"from": [3, 16, 7.5],
			"to": [6, 19, 8],
			"faces": {
				"north": {"uv": [4, 12, 5.5, 13.5], "texture": "#0"},
				"east": {"uv": [2.5, 14, 3, 15.5], "texture": "#0"},
				"south": {"uv": [12, 9, 13.5, 10.5], "texture": "#0"},
				"west": {"uv": [3, 14, 3.5, 15.5], "texture": "#0"},
				"up": {"uv": [15.5, 1.5, 14, 1], "texture": "#0"},
				"down": {"uv": [7, 14, 5.5, 14.5], "texture": "#0"}
			}
		}
	],
	"gui_light": "front",
	"display": {
		"thirdperson_righthand": {
			"rotation": [0, 90, 0],
			"translation": [0.25, 9.75, 1],
			"scale": [0.8, 0.8, 0.8]
		},
		"thirdperson_lefthand": {
			"rotation": [0, 90, 0],
			"translation": [0.25, 9.75, 1],
			"scale": [0.8, 0.8, 0.8]
		},
		"firstperson_righthand": {
			"rotation": [8, 90, 0],
			"translation": [0, 6, 0],
			"scale": [0.8, 0.8, 0.8]
		},
		"firstperson_lefthand": {
			"rotation": [8, 90, 0],
			"translation": [0, 6, 0],
			"scale": [0.8, 0.8, 0.8]
		},
		"ground": {
			"translation": [0, 7.75, 0],
			"scale": [0.5, 0.5, 0.5]
		},
		"gui": {
			"rotation": [0, 0, -45],
			"translation": [1.25, 0.75, 0],
			"scale": [0.5, 0.5, 0.5]
		}
	}
}