{
	"credit": "Made with Blockbench",
	"texture_size": [64, 64],
	"textures": {
		"0": "item/galesword",
		"particle": "galesword"
	},
	"elements": [
		{
			"from": [7, -14, 7],
			"to": [8.5, -6, 8.5],
			"faces": {
				"north": {"uv": [1.5, 4.75, 2, 6.75], "texture": "#0"},
				"east": {"uv": [5, 0, 5.5, 2], "texture": "#0"},
				"south": {"uv": [5, 2, 5.5, 4], "texture": "#0"},
				"west": {"uv": [5, 4, 5.5, 6], "texture": "#0"},
				"up": {"uv": [4.5, 6.5, 4, 6], "texture": "#0"},
				"down": {"uv": [6.75, 2.25, 6.25, 2.75], "texture": "#0"}
			}
		},
		{
			"from": [5.5, -6, 6.5],
			"to": [10, -5.25, 9],
			"faces": {
				"north": {"uv": [6, 3, 7.25, 3.25], "texture": "#0"},
				"east": {"uv": [6.25, 6, 7, 6.25], "texture": "#0"},
				"south": {"uv": [6, 3.25, 7.25, 3.5], "texture": "#0"},
				"west": {"uv": [6.5, 6.25, 7.25, 6.5], "texture": "#0"},
				"up": {"uv": [6.75, 0.75, 5.5, 0], "texture": "#0"},
				"down": {"uv": [6.75, 0.75, 5.5, 1.5], "texture": "#0"}
			}
		},
		{
			"from": [8, -5.9, 7.25],
			"to": [12.5, -5.4, 8.25],
			"faces": {
				"north": {"uv": [6, 3.5, 7.25, 3.75], "texture": "#0"},
				"east": {"uv": [7.25, 4.5, 7.5, 4.75], "texture": "#0"},
				"south": {"uv": [6, 3.75, 7.25, 4], "texture": "#0"},
				"west": {"uv": [7.25, 4.75, 7.5, 5], "texture": "#0"},
				"up": {"uv": [7.25, 4.25, 6, 4], "texture": "#0"},
				"down": {"uv": [7.25, 4.25, 6, 4.5], "texture": "#0"}
			}
		},
		{
			"from": [12.5, -6.02, 7.25],
			"to": [13.75, -5.27, 8.25],
			"faces": {
				"north": {"uv": [7.25, 5, 7.5, 5.25], "texture": "#0"},
				"east": {"uv": [7.25, 5.25, 7.5, 5.5], "texture": "#0"},
				"south": {"uv": [6, 7.25, 6.25, 7.5], "texture": "#0"},
				"west": {"uv": [6.25, 7.25, 6.5, 7.5], "texture": "#0"},
				"up": {"uv": [7.5, 6.5, 7.25, 6.25], "texture": "#0"},
				"down": {"uv": [6.75, 7.25, 6.5, 7.5], "texture": "#0"}
			}
		},
		{
			"from": [1.75, -6.02, 7.25],
			"to": [3, -5.27, 8.25],
			"faces": {
				"north": {"uv": [7.25, 6.5, 7.5, 6.75], "texture": "#0"},
				"east": {"uv": [6.75, 7.25, 7, 7.5], "texture": "#0"},
				"south": {"uv": [7.25, 6.75, 7.5, 7], "texture": "#0"},
				"west": {"uv": [7, 7.25, 7.25, 7.5], "texture": "#0"},
				"up": {"uv": [7.5, 7.25, 7.25, 7], "texture": "#0"},
				"down": {"uv": [7.5, 7.25, 7.25, 7.5], "texture": "#0"}
			}
		},
		{
			"from": [3, -5.9, 7.25],
			"to": [7.5, -5.4, 8.25],
			"faces": {
				"north": {"uv": [5, 6, 6.25, 6.25], "texture": "#0"},
				"east": {"uv": [7.5, 0, 7.75, 0.25], "texture": "#0"},
				"south": {"uv": [6.25, 1.5, 7.5, 1.75], "texture": "#0"},
				"west": {"uv": [7.5, 0.25, 7.75, 0.5], "texture": "#0"},
				"up": {"uv": [7.5, 2, 6.25, 1.75], "texture": "#0"},
				"down": {"uv": [7.5, 2, 6.25, 2.25], "texture": "#0"}
			}
		},
		{
			"from": [5.62, -5.25, 7.25],
			"to": [9.87, -4.25, 8.25],
			"faces": {
				"north": {"uv": [6.25, 2.75, 7.25, 3], "texture": "#0"},
				"east": {"uv": [7.5, 0.5, 7.75, 0.75], "texture": "#0"},
				"south": {"uv": [6.25, 4.5, 7.25, 4.75], "texture": "#0"},
				"west": {"uv": [7.5, 0.75, 7.75, 1], "texture": "#0"},
				"up": {"uv": [7.25, 5, 6.25, 4.75], "texture": "#0"},
				"down": {"uv": [6, 6.25, 5, 6.5], "texture": "#0"}
			}
		},
		{
			"from": [5.88, -4.25, 7.5],
			"to": [9.63, 15, 8],
			"faces": {
				"north": {"uv": [0, 0, 1, 4.75], "texture": "#0"},
				"east": {"uv": [1, 4.75, 1.25, 9.5], "texture": "#0"},
				"south": {"uv": [1, 0, 2, 4.75], "texture": "#0"},
				"west": {"uv": [1.25, 4.75, 1.5, 9.5], "texture": "#0"},
				"up": {"uv": [7.25, 5.25, 6.25, 5], "texture": "#0"},
				"down": {"uv": [7.25, 5.25, 6.25, 5.5], "texture": "#0"}
			}
		},
		{
			"from": [6.62, -4.25, 8],
			"to": [7.37, 17.25, 8.15],
			"faces": {
				"north": {"uv": [4, 0, 4.25, 5.5], "texture": "#0"},
				"east": {"uv": [4.25, 0, 4.5, 5.5], "texture": "#0"},
				"south": {"uv": [4.5, 0, 4.75, 5.5], "texture": "#0"},
				"west": {"uv": [0, 4.75, 0.25, 10.25], "texture": "#0"},
				"up": {"uv": [7.75, 1.25, 7.5, 1], "texture": "#0"},
				"down": {"uv": [7.75, 1.5, 7.5, 1.75], "texture": "#0"}
			}
		},
		{
			"from": [6.62, -4.25, 7.35],
			"to": [7.37, 17.25, 7.5],
			"faces": {
				"north": {"uv": [4.75, 0, 5, 5.5], "texture": "#0"},
				"east": {"uv": [0.25, 4.75, 0.5, 10.25], "texture": "#0"},
				"south": {"uv": [0.5, 4.75, 0.75, 10.25], "texture": "#0"},
				"west": {"uv": [0.75, 4.75, 1, 10.25], "texture": "#0"},
				"up": {"uv": [7.75, 2, 7.5, 1.75], "texture": "#0"},
				"down": {"uv": [7.75, 2, 7.5, 2.25], "texture": "#0"}
			}
		},
		{
			"from": [6.88, 17.25, 8],
			"to": [7.37, 19.5, 8.15],
			"faces": {
				"north": {"uv": [4.5, 6, 4.75, 6.5], "texture": "#0"},
				"east": {"uv": [4.5, 6.5, 4.75, 7], "texture": "#0"},
				"south": {"uv": [5.5, 6.5, 5.75, 7], "texture": "#0"},
				"west": {"uv": [5.75, 6.5, 6, 7], "texture": "#0"},
				"up": {"uv": [7.75, 2.5, 7.5, 2.25], "texture": "#0"},
				"down": {"uv": [7.75, 2.5, 7.5, 2.75], "texture": "#0"}
			}
		},
		{
			"from": [6.88, 17.25, 7.35],
			"to": [7.37, 19.5, 7.5],
			"faces": {
				"north": {"uv": [6.75, 0.75, 7, 1.25], "texture": "#0"},
				"east": {"uv": [1.5, 6.75, 1.75, 7.25], "texture": "#0"},
				"south": {"uv": [1.75, 6.75, 2, 7.25], "texture": "#0"},
				"west": {"uv": [6.75, 2.25, 7, 2.75], "texture": "#0"},
				"up": {"uv": [7.75, 3, 7.5, 2.75], "texture": "#0"},
				"down": {"uv": [7.75, 3, 7.5, 3.25], "texture": "#0"}
			}
		},
		{
			"from": [8.22, -4.25, 8],
			"to": [8.97, 27.5, 8.15],
			"faces": {
				"north": {"uv": [2, 0, 2.25, 8], "texture": "#0"},
				"east": {"uv": [2.25, 0, 2.5, 8], "texture": "#0"},
				"south": {"uv": [2.5, 0, 2.75, 8], "texture": "#0"},
				"west": {"uv": [2.75, 0, 3, 8], "texture": "#0"},
				"up": {"uv": [7.75, 3.5, 7.5, 3.25], "texture": "#0"},
				"down": {"uv": [7.75, 3.5, 7.5, 3.75], "texture": "#0"}
			}
		},
		{
			"from": [8.22, -4.25, 7.35],
			"to": [8.97, 27.5, 7.5],
			"faces": {
				"north": {"uv": [3, 0, 3.25, 8], "texture": "#0"},
				"east": {"uv": [3.25, 0, 3.5, 8], "texture": "#0"},
				"south": {"uv": [3.5, 0, 3.75, 8], "texture": "#0"},
				"west": {"uv": [3.75, 0, 4, 8], "texture": "#0"},
				"up": {"uv": [4.25, 7.75, 4, 7.5], "texture": "#0"},
				"down": {"uv": [4.5, 7.5, 4.25, 7.75], "texture": "#0"}
			}
		},
		{
			"from": [8.62, 27.5, 8],
			"to": [8.97, 29.5, 8.15],
			"faces": {
				"north": {"uv": [6.75, 5.5, 7, 6], "texture": "#0"},
				"east": {"uv": [6, 6.75, 6.25, 7.25], "texture": "#0"},
				"south": {"uv": [6.25, 6.75, 6.5, 7.25], "texture": "#0"},
				"west": {"uv": [6.5, 6.75, 6.75, 7.25], "texture": "#0"},
				"up": {"uv": [4.75, 7.75, 4.5, 7.5], "texture": "#0"},
				"down": {"uv": [7.75, 4.5, 7.5, 4.75], "texture": "#0"}
			}
		},
		{
			"from": [8.62, 27.5, 7.35],
			"to": [8.97, 29.5, 7.5],
			"faces": {
				"north": {"uv": [6.75, 6.75, 7, 7.25], "texture": "#0"},
				"east": {"uv": [7, 0.75, 7.25, 1.25], "texture": "#0"},
				"south": {"uv": [7, 2.25, 7.25, 2.75], "texture": "#0"},
				"west": {"uv": [4, 7, 4.25, 7.5], "texture": "#0"},
				"up": {"uv": [5, 7.75, 4.75, 7.5], "texture": "#0"},
				"down": {"uv": [7.75, 4.75, 7.5, 5], "texture": "#0"}
			}
		},
		{
			"from": [6.38, 15, 7.5],
			"to": [9.63, 17.25, 8],
			"faces": {
				"north": {"uv": [4, 5.5, 4.75, 6], "texture": "#0"},
				"east": {"uv": [4.25, 7, 4.5, 7.5], "texture": "#0"},
				"south": {"uv": [5.5, 4.5, 6.25, 5], "texture": "#0"},
				"west": {"uv": [4.5, 7, 4.75, 7.5], "texture": "#0"},
				"up": {"uv": [7.25, 6.75, 6.5, 6.5], "texture": "#0"},
				"down": {"uv": [7.5, 0, 6.75, 0.25], "texture": "#0"}
			}
		},
		{
			"from": [6.88, 17.25, 7.5],
			"to": [9.63, 19.5, 8],
			"faces": {
				"north": {"uv": [5.5, 5, 6.25, 5.5], "texture": "#0"},
				"east": {"uv": [4.75, 7, 5, 7.5], "texture": "#0"},
				"south": {"uv": [5.5, 5.5, 6.25, 6], "texture": "#0"},
				"west": {"uv": [5, 7, 5.25, 7.5], "texture": "#0"},
				"up": {"uv": [7.5, 0.5, 6.75, 0.25], "texture": "#0"},
				"down": {"uv": [7.5, 0.5, 6.75, 0.75], "texture": "#0"}
			}
		},
		{
			"from": [7.62, 19.5, 7.5],
			"to": [9.62, 21.5, 8],
			"faces": {
				"north": {"uv": [6.25, 5.5, 6.75, 6], "texture": "#0"},
				"east": {"uv": [5.25, 7, 5.5, 7.5], "texture": "#0"},
				"south": {"uv": [6, 6.25, 6.5, 6.75], "texture": "#0"},
				"west": {"uv": [5.5, 7, 5.75, 7.5], "texture": "#0"},
				"up": {"uv": [7.25, 1.5, 6.75, 1.25], "texture": "#0"},
				"down": {"uv": [7.5, 5.5, 7, 5.75], "texture": "#0"}
			}
		},
		{
			"from": [8.12, 21.5, 7.5],
			"to": [9.62, 27.5, 8],
			"faces": {
				"north": {"uv": [5.5, 1.5, 6, 3], "texture": "#0"},
				"east": {"uv": [4.75, 5.5, 5, 7], "texture": "#0"},
				"south": {"uv": [5.5, 3, 6, 4.5], "texture": "#0"},
				"west": {"uv": [6, 1.5, 6.25, 3], "texture": "#0"},
				"up": {"uv": [7.5, 6, 7, 5.75], "texture": "#0"},
				"down": {"uv": [7.5, 6, 7, 6.25], "texture": "#0"}
			}
		},
		{
			"from": [8.62, 27.5, 7.5],
			"to": [9.62, 29.5, 8],
			"faces": {
				"north": {"uv": [5.75, 7, 6, 7.5], "texture": "#0"},
				"east": {"uv": [7, 6.75, 7.25, 7.25], "texture": "#0"},
				"south": {"uv": [7.25, 0.75, 7.5, 1.25], "texture": "#0"},
				"west": {"uv": [1.5, 7.25, 1.75, 7.75], "texture": "#0"},
				"up": {"uv": [5.25, 7.75, 5, 7.5], "texture": "#0"},
				"down": {"uv": [7.75, 5, 7.5, 5.25], "texture": "#0"}
			}
		},
		{
			"from": [9.12, 29.5, 7.5],
			"to": [9.62, 31.5, 8],
			"faces": {
				"north": {"uv": [1.75, 7.25, 2, 7.75], "texture": "#0"},
				"east": {"uv": [7.25, 2.25, 7.5, 2.75], "texture": "#0"},
				"south": {"uv": [7.25, 2.75, 7.5, 3.25], "texture": "#0"},
				"west": {"uv": [7.25, 3.25, 7.5, 3.75], "texture": "#0"},
				"up": {"uv": [5.5, 7.75, 5.25, 7.5], "texture": "#0"},
				"down": {"uv": [7.75, 5.25, 7.5, 5.5], "texture": "#0"}
			}
		},
		{
			"from": [7, -16, 7],
			"to": [8.5, -15, 8.5],
			"faces": {
				"north": {"uv": [7.25, 1.25, 7.75, 1.5], "texture": "#0"},
				"east": {"uv": [7.25, 3.75, 7.75, 4], "texture": "#0"},
				"south": {"uv": [7.25, 4, 7.75, 4.25], "texture": "#0"},
				"west": {"uv": [7.25, 4.25, 7.75, 4.5], "texture": "#0"},
				"up": {"uv": [4.5, 7, 4, 6.5], "texture": "#0"},
				"down": {"uv": [5.5, 6.5, 5, 7], "texture": "#0"}
			}
		},
		{
			"from": [7.12, -15, 7.12],
			"to": [8.37, -14, 8.37],
			"faces": {
				"north": {"uv": [5.5, 7.5, 5.75, 7.75], "texture": "#0"},
				"east": {"uv": [7.5, 5.5, 7.75, 5.75], "texture": "#0"},
				"south": {"uv": [5.75, 7.5, 6, 7.75], "texture": "#0"},
				"west": {"uv": [7.5, 5.75, 7.75, 6], "texture": "#0"},
				"up": {"uv": [6.25, 7.75, 6, 7.5], "texture": "#0"},
				"down": {"uv": [7.75, 6, 7.5, 6.25], "texture": "#0"}
			}
		}
	],
	"gui_light": "front",
	"display": {
		"thirdperson_righthand": {
			"rotation": [0, -90, 0],
			"translation": [0, 13, 1.5],
			"scale": [0.9, 0.9, 0.9]
		},
		"thirdperson_lefthand": {
			"rotation": [0, 90, 0],
			"translation": [0.5, 13, 1.5],
			"scale": [0.9, 0.9, 0.9]
		},
		"firstperson_righthand": {
			"rotation": [11, -90, 0],
			"translation": [1.5, 7.75, 0],
			"scale": [0.8, 0.8, 0.8]
		},
		"firstperson_lefthand": {
			"rotation": [11, 90, 0],
			"translation": [2, 7.75, 0],
			"scale": [0.8, 0.8, 0.8]
		},
		"ground": {
			"translation": [0, 16, 0],
			"scale": [0.8, 0.8, 0.8]
		},
		"gui": {
			"rotation": [0, 0, -45],
			"scale": [0.5, 0.45, 0.5]
		},
		"fixed": {
			"translation": [0, 1.75, 0]
		}
	}
}