{
	"credit": "Made with Blockbench",
	"texture_size": [64, 64],
	"textures": {
		"0": "item/ghastshield",
		"particle": "ghastshield"
	},
	"elements": [
		{
			"from": [7, 4, -2],
			"to": [9, 24, 18],
			"rotation": {"angle": 0, "axis": "y", "origin": [7, 0, 7]},
			"faces": {
				"north": {"uv": [5, 8, 5.5, 13], "texture": "#0"},
				"east": {"uv": [0, 0, 5, 5], "texture": "#0"},
				"south": {"uv": [5.5, 8, 6, 13], "texture": "#0"},
				"west": {"uv": [0, 5, 5, 10], "texture": "#0"},
				"up": {"uv": [6.5, 13, 6, 8], "texture": "#0"},
				"down": {"uv": [7, 8, 6.5, 13], "texture": "#0"}
			}
		},
		{
			"from": [7, 2, -1],
			"to": [9, 4, 17],
			"rotation": {"angle": 0, "axis": "y", "origin": [7, -4, 7]},
			"faces": {
				"north": {"uv": [13, 9.75, 13.5, 10.25], "texture": "#0"},
				"east": {"uv": [7, 8, 11.5, 8.5], "texture": "#0"},
				"south": {"uv": [13, 10.25, 13.5, 10.75], "texture": "#0"},
				"west": {"uv": [7, 8.5, 11.5, 9], "texture": "#0"},
				"up": {"uv": [9.5, 4.5, 9, 0], "texture": "#0"},
				"down": {"uv": [7.5, 9, 7, 13.5], "texture": "#0"}
			}
		},
		{
			"from": [7, 0, 0],
			"to": [9, 2, 16],
			"rotation": {"angle": 0, "axis": "y", "origin": [7, -6, 7]},
			"faces": {
				"north": {"uv": [13, 10.75, 13.5, 11.25], "texture": "#0"},
				"east": {"uv": [9, 6.5, 13, 7], "texture": "#0"},
				"south": {"uv": [13, 11.25, 13.5, 11.75], "texture": "#0"},
				"west": {"uv": [9, 7, 13, 7.5], "texture": "#0"},
				"up": {"uv": [9, 13, 8.5, 9], "texture": "#0"},
				"down": {"uv": [9.5, 9, 9, 13], "texture": "#0"}
			}
		},
		{
			"from": [7, -1, 1],
			"to": [9, 0, 15],
			"rotation": {"angle": 0, "axis": "y", "origin": [7, -8, 7]},
			"faces": {
				"north": {"uv": [13, 13, 13.5, 13.25], "texture": "#0"},
				"east": {"uv": [10, 3, 13.5, 3.25], "texture": "#0"},
				"south": {"uv": [13.25, 0, 13.75, 0.25], "texture": "#0"},
				"west": {"uv": [10, 3.25, 13.5, 3.5], "texture": "#0"},
				"up": {"uv": [10, 3.5, 9.5, 0], "texture": "#0"},
				"down": {"uv": [10, 9, 9.5, 12.5], "texture": "#0"}
			}
		},
		{
			"from": [7, -2, 2],
			"to": [9, -1, 14],
			"rotation": {"angle": 0, "axis": "y", "origin": [7, -9, 7]},
			"faces": {
				"north": {"uv": [13.25, 0.25, 13.75, 0.5], "texture": "#0"},
				"east": {"uv": [10.5, 1.75, 13.5, 2], "texture": "#0"},
				"south": {"uv": [13.25, 0.5, 13.75, 0.75], "texture": "#0"},
				"west": {"uv": [10.5, 2, 13.5, 2.25], "texture": "#0"},
				"up": {"uv": [0.5, 13, 0, 10], "texture": "#0"},
				"down": {"uv": [10.5, 0, 10, 3], "texture": "#0"}
			}
		},
		{
			"from": [7, 24, -1],
			"to": [9, 25, 17],
			"rotation": {"angle": 0, "axis": "y", "origin": [7, 17, 7]},
			"faces": {
				"north": {"uv": [13.25, 0.75, 13.75, 1], "texture": "#0"},
				"east": {"uv": [9, 7.5, 13.5, 7.75], "texture": "#0"},
				"south": {"uv": [13.25, 1, 13.75, 1.25], "texture": "#0"},
				"west": {"uv": [9, 7.75, 13.5, 8], "texture": "#0"},
				"up": {"uv": [8, 13.5, 7.5, 9], "texture": "#0"},
				"down": {"uv": [8.5, 9, 8, 13.5], "texture": "#0"}
			}
		},
		{
			"from": [9, 4, -2],
			"to": [10, 24, -1],
			"rotation": {"angle": 0, "axis": "y", "origin": [9, 0, 4]},
			"faces": {
				"north": {"uv": [0.5, 10, 0.75, 15], "texture": "#0"},
				"east": {"uv": [0.75, 10, 1, 15], "texture": "#0"},
				"south": {"uv": [1, 10, 1.25, 15], "texture": "#0"},
				"west": {"uv": [1.25, 10, 1.5, 15], "texture": "#0"},
				"up": {"uv": [14, 2.5, 13.75, 2.25], "texture": "#0"},
				"down": {"uv": [14, 2.5, 13.75, 2.75], "texture": "#0"}
			}
		},
		{
			"from": [6, 4, -2],
			"to": [7, 24, -1],
			"rotation": {"angle": 0, "axis": "y", "origin": [6, 0, 4]},
			"faces": {
				"north": {"uv": [1.5, 10, 1.75, 15], "texture": "#0"},
				"east": {"uv": [1.75, 10, 2, 15], "texture": "#0"},
				"south": {"uv": [2, 10, 2.25, 15], "texture": "#0"},
				"west": {"uv": [2.25, 10, 2.5, 15], "texture": "#0"},
				"up": {"uv": [14, 3, 13.75, 2.75], "texture": "#0"},
				"down": {"uv": [14, 3, 13.75, 3.25], "texture": "#0"}
			}
		},
		{
			"from": [9, 4, 17],
			"to": [10, 24, 18],
			"rotation": {"angle": 0, "axis": "y", "origin": [9, 0, 23]},
			"faces": {
				"north": {"uv": [2.5, 10, 2.75, 15], "texture": "#0"},
				"east": {"uv": [2.75, 10, 3, 15], "texture": "#0"},
				"south": {"uv": [3, 10, 3.25, 15], "texture": "#0"},
				"west": {"uv": [3.25, 10, 3.5, 15], "texture": "#0"},
				"up": {"uv": [14, 4.75, 13.75, 4.5], "texture": "#0"},
				"down": {"uv": [14, 4.75, 13.75, 5], "texture": "#0"}
			}
		},
		{
			"from": [6, 4, 17],
			"to": [7, 24, 18],
			"rotation": {"angle": 0, "axis": "y", "origin": [6, 0, 23]},
			"faces": {
				"north": {"uv": [3.5, 10, 3.75, 15], "texture": "#0"},
				"east": {"uv": [3.75, 10, 4, 15], "texture": "#0"},
				"south": {"uv": [4, 10, 4.25, 15], "texture": "#0"},
				"west": {"uv": [4.25, 10, 4.5, 15], "texture": "#0"},
				"up": {"uv": [14, 5.25, 13.75, 5], "texture": "#0"},
				"down": {"uv": [14, 5.25, 13.75, 5.5], "texture": "#0"}
			}
		},
		{
			"from": [9, 2, 16],
			"to": [10, 4, 17],
			"rotation": {"angle": 0, "axis": "y", "origin": [9, -2, 22]},
			"faces": {
				"north": {"uv": [13.25, 1.25, 13.5, 1.75], "texture": "#0"},
				"east": {"uv": [13.25, 8.25, 13.5, 8.75], "texture": "#0"},
				"south": {"uv": [13.25, 8.75, 13.5, 9.25], "texture": "#0"},
				"west": {"uv": [13.25, 9.25, 13.5, 9.75], "texture": "#0"},
				"up": {"uv": [14, 5.75, 13.75, 5.5], "texture": "#0"},
				"down": {"uv": [14, 5.75, 13.75, 6], "texture": "#0"}
			}
		},
		{
			"from": [9, 2, -1],
			"to": [10, 4, 0],
			"rotation": {"angle": 0, "axis": "y", "origin": [9, -2, 5]},
			"faces": {
				"north": {"uv": [13, 13.25, 13.25, 13.75], "texture": "#0"},
				"east": {"uv": [13.25, 13.25, 13.5, 13.75], "texture": "#0"},
				"south": {"uv": [13.5, 1.25, 13.75, 1.75], "texture": "#0"},
				"west": {"uv": [13.5, 1.75, 13.75, 2.25], "texture": "#0"},
				"up": {"uv": [14, 6.25, 13.75, 6], "texture": "#0"},
				"down": {"uv": [14, 6.25, 13.75, 6.5], "texture": "#0"}
			}
		},
		{
			"from": [9, 0, 0],
			"to": [10, 2, 1],
			"rotation": {"angle": 0, "axis": "y", "origin": [9, -4, 6]},
			"faces": {
				"north": {"uv": [13.5, 2.25, 13.75, 2.75], "texture": "#0"},
				"east": {"uv": [13.5, 2.75, 13.75, 3.25], "texture": "#0"},
				"south": {"uv": [13.5, 4.5, 13.75, 5], "texture": "#0"},
				"west": {"uv": [13.5, 5, 13.75, 5.5], "texture": "#0"},
				"up": {"uv": [14, 6.75, 13.75, 6.5], "texture": "#0"},
				"down": {"uv": [14, 6.75, 13.75, 7], "texture": "#0"}
			}
		},
		{
			"from": [9, -1, 1],
			"to": [10, 0, 2],
			"rotation": {"angle": 0, "axis": "y", "origin": [9, -6, 7]},
			"faces": {
				"north": {"uv": [13.75, 7, 14, 7.25], "texture": "#0"},
				"east": {"uv": [13.75, 7.25, 14, 7.5], "texture": "#0"},
				"south": {"uv": [13.75, 7.5, 14, 7.75], "texture": "#0"},
				"west": {"uv": [13.75, 7.75, 14, 8], "texture": "#0"},
				"up": {"uv": [14, 8.5, 13.75, 8.25], "texture": "#0"},
				"down": {"uv": [14, 8.5, 13.75, 8.75], "texture": "#0"}
			}
		},
		{
			"from": [9, -1, 14],
			"to": [10, 0, 15],
			"rotation": {"angle": 0, "axis": "y", "origin": [9, -6, 20]},
			"faces": {
				"north": {"uv": [13.75, 8.75, 14, 9], "texture": "#0"},
				"east": {"uv": [13.75, 9, 14, 9.25], "texture": "#0"},
				"south": {"uv": [13.75, 9.25, 14, 9.5], "texture": "#0"},
				"west": {"uv": [13.75, 9.5, 14, 9.75], "texture": "#0"},
				"up": {"uv": [14, 10, 13.75, 9.75], "texture": "#0"},
				"down": {"uv": [14, 10, 13.75, 10.25], "texture": "#0"}
			}
		},
		{
			"from": [9, 0, 15],
			"to": [10, 2, 16],
			"rotation": {"angle": 0, "axis": "y", "origin": [9, -4, 21]},
			"faces": {
				"north": {"uv": [5.25, 13.5, 5.5, 14], "texture": "#0"},
				"east": {"uv": [5.5, 13.5, 5.75, 14], "texture": "#0"},
				"south": {"uv": [13.5, 5.5, 13.75, 6], "texture": "#0"},
				"west": {"uv": [5.75, 13.5, 6, 14], "texture": "#0"},
				"up": {"uv": [14, 10.5, 13.75, 10.25], "texture": "#0"},
				"down": {"uv": [14, 10.5, 13.75, 10.75], "texture": "#0"}
			}
		},
		{
			"from": [9, -2, 2],
			"to": [10, -1, 14],
			"rotation": {"angle": 0, "axis": "y", "origin": [9, -2, 19]},
			"faces": {
				"north": {"uv": [13.75, 10.75, 14, 11], "texture": "#0"},
				"east": {"uv": [10.5, 2.25, 13.5, 2.5], "texture": "#0"},
				"south": {"uv": [13.75, 11, 14, 11.25], "texture": "#0"},
				"west": {"uv": [10.5, 2.5, 13.5, 2.75], "texture": "#0"},
				"up": {"uv": [12, 15, 11.75, 12], "texture": "#0"},
				"down": {"uv": [12.25, 12, 12, 15], "texture": "#0"}
			}
		},
		{
			"from": [6, 2, -1],
			"to": [7, 4, 0],
			"rotation": {"angle": 0, "axis": "y", "origin": [6, -2, 5]},
			"faces": {
				"north": {"uv": [6, 13.5, 6.25, 14], "texture": "#0"},
				"east": {"uv": [13.5, 6, 13.75, 6.5], "texture": "#0"},
				"south": {"uv": [6.25, 13.5, 6.5, 14], "texture": "#0"},
				"west": {"uv": [6.5, 13.5, 6.75, 14], "texture": "#0"},
				"up": {"uv": [14, 11.5, 13.75, 11.25], "texture": "#0"},
				"down": {"uv": [14, 11.5, 13.75, 11.75], "texture": "#0"}
			}
		},
		{
			"from": [6, 0, 0],
			"to": [7, 2, 1],
			"rotation": {"angle": 0, "axis": "y", "origin": [6, -4, 6]},
			"faces": {
				"north": {"uv": [7, 13.5, 7.25, 14], "texture": "#0"},
				"east": {"uv": [7.25, 13.5, 7.5, 14], "texture": "#0"},
				"south": {"uv": [7.5, 13.5, 7.75, 14], "texture": "#0"},
				"west": {"uv": [13.5, 7.5, 13.75, 8], "texture": "#0"},
				"up": {"uv": [14, 12, 13.75, 11.75], "texture": "#0"},
				"down": {"uv": [14, 12, 13.75, 12.25], "texture": "#0"}
			}
		},
		{
			"from": [6, -1, 1],
			"to": [7, 0, 2],
			"rotation": {"angle": 0, "axis": "y", "origin": [6, -6, 7]},
			"faces": {
				"north": {"uv": [13.75, 12.25, 14, 12.5], "texture": "#0"},
				"east": {"uv": [12.5, 13.75, 12.75, 14], "texture": "#0"},
				"south": {"uv": [13.75, 12.5, 14, 12.75], "texture": "#0"},
				"west": {"uv": [12.75, 13.75, 13, 14], "texture": "#0"},
				"up": {"uv": [14, 13, 13.75, 12.75], "texture": "#0"},
				"down": {"uv": [13.25, 13.75, 13, 14], "texture": "#0"}
			}
		},
		{
			"from": [6, -2, 2],
			"to": [7, -1, 14],
			"rotation": {"angle": 0, "axis": "y", "origin": [6, -2, 19]},
			"faces": {
				"north": {"uv": [13.75, 13, 14, 13.25], "texture": "#0"},
				"east": {"uv": [10.5, 2.75, 13.5, 3], "texture": "#0"},
				"south": {"uv": [13.25, 13.75, 13.5, 14], "texture": "#0"},
				"west": {"uv": [12.25, 8, 15.25, 8.25], "texture": "#0"},
				"up": {"uv": [12.5, 11.25, 12.25, 8.25], "texture": "#0"},
				"down": {"uv": [12.5, 11.25, 12.25, 14.25], "texture": "#0"}
			}
		},
		{
			"from": [6, -1, 14],
			"to": [7, 0, 15],
			"rotation": {"angle": 0, "axis": "y", "origin": [6, -6, 20]},
			"faces": {
				"north": {"uv": [13.75, 13.25, 14, 13.5], "texture": "#0"},
				"east": {"uv": [13.5, 13.75, 13.75, 14], "texture": "#0"},
				"south": {"uv": [13.75, 13.5, 14, 13.75], "texture": "#0"},
				"west": {"uv": [13.75, 13.75, 14, 14], "texture": "#0"},
				"up": {"uv": [14.25, 0.25, 14, 0], "texture": "#0"},
				"down": {"uv": [14.25, 0.25, 14, 0.5], "texture": "#0"}
			}
		},
		{
			"from": [6, 0, 15],
			"to": [7, 2, 16],
			"rotation": {"angle": 0, "axis": "y", "origin": [6, -4, 21]},
			"faces": {
				"north": {"uv": [7.75, 13.5, 8, 14], "texture": "#0"},
				"east": {"uv": [8, 13.5, 8.25, 14], "texture": "#0"},
				"south": {"uv": [8.25, 13.5, 8.5, 14], "texture": "#0"},
				"west": {"uv": [13.5, 8.25, 13.75, 8.75], "texture": "#0"},
				"up": {"uv": [14.25, 0.75, 14, 0.5], "texture": "#0"},
				"down": {"uv": [14.25, 0.75, 14, 1], "texture": "#0"}
			}
		},
		{
			"from": [6, 2, 16],
			"to": [7, 4, 17],
			"rotation": {"angle": 0, "axis": "y", "origin": [6, -2, 22]},
			"faces": {
				"north": {"uv": [13.5, 8.75, 13.75, 9.25], "texture": "#0"},
				"east": {"uv": [13.5, 9.25, 13.75, 9.75], "texture": "#0"},
				"south": {"uv": [13.5, 9.75, 13.75, 10.25], "texture": "#0"},
				"west": {"uv": [10, 13.5, 10.25, 14], "texture": "#0"},
				"up": {"uv": [14.25, 1.25, 14, 1], "texture": "#0"},
				"down": {"uv": [14.25, 1.25, 14, 1.5], "texture": "#0"}
			}
		},
		{
			"from": [9, 6, 0],
			"to": [10, 22, 16],
			"rotation": {"angle": 0, "axis": "y", "origin": [9, 6, 19]},
			"faces": {
				"north": {"uv": [11.5, 8, 11.75, 12], "texture": "#0"},
				"east": {"uv": [5, 0, 9, 4], "texture": "#0"},
				"south": {"uv": [11.75, 8, 12, 12], "texture": "#0"},
				"west": {"uv": [5, 4, 9, 8], "texture": "#0"},
				"up": {"uv": [12.25, 12, 12, 8], "texture": "#0"},
				"down": {"uv": [11.75, 12, 11.5, 16], "texture": "#0"}
			}
		},
		{
			"from": [9, 24, -1],
			"to": [10, 25, 17],
			"rotation": {"angle": 0, "axis": "y", "origin": [9, 24, 19]},
			"faces": {
				"north": {"uv": [14, 1.5, 14.25, 1.75], "texture": "#0"},
				"east": {"uv": [9.5, 3.5, 14, 3.75], "texture": "#0"},
				"south": {"uv": [14, 1.75, 14.25, 2], "texture": "#0"},
				"west": {"uv": [9.5, 3.75, 14, 4], "texture": "#0"},
				"up": {"uv": [4.75, 14.5, 4.5, 10], "texture": "#0"},
				"down": {"uv": [5, 10, 4.75, 14.5], "texture": "#0"}
			}
		},
		{
			"from": [6, 24, -1],
			"to": [7, 25, 17],
			"rotation": {"angle": 0, "axis": "y", "origin": [6, 24, 19]},
			"faces": {
				"north": {"uv": [14, 2.25, 14.25, 2.5], "texture": "#0"},
				"east": {"uv": [9.5, 4, 14, 4.25], "texture": "#0"},
				"south": {"uv": [14, 2.5, 14.25, 2.75], "texture": "#0"},
				"west": {"uv": [9.5, 4.25, 14, 4.5], "texture": "#0"},
				"up": {"uv": [10.25, 13.5, 10, 9], "texture": "#0"},
				"down": {"uv": [10.5, 9, 10.25, 13.5], "texture": "#0"}
			}
		},
		{
			"from": [6, 15, -1],
			"to": [7, 17, 17],
			"rotation": {"angle": 0, "axis": "y", "origin": [6, 15, 19]},
			"faces": {
				"north": {"uv": [10.25, 13.5, 10.5, 14], "texture": "#0"},
				"east": {"uv": [9, 4.5, 13.5, 5], "texture": "#0"},
				"south": {"uv": [13.5, 10.25, 13.75, 10.75], "texture": "#0"},
				"west": {"uv": [9, 5, 13.5, 5.5], "texture": "#0"},
				"up": {"uv": [10.75, 13.5, 10.5, 9], "texture": "#0"},
				"down": {"uv": [11, 9, 10.75, 13.5], "texture": "#0"}
			}
		},
		{
			"from": [6, 6, -1],
			"to": [7, 8, 17],
			"rotation": {"angle": 0, "axis": "y", "origin": [6, 6, 19]},
			"faces": {
				"north": {"uv": [10.5, 13.5, 10.75, 14], "texture": "#0"},
				"east": {"uv": [9, 5.5, 13.5, 6], "texture": "#0"},
				"south": {"uv": [10.75, 13.5, 11, 14], "texture": "#0"},
				"west": {"uv": [9, 6, 13.5, 6.5], "texture": "#0"},
				"up": {"uv": [11.25, 13.5, 11, 9], "texture": "#0"},
				"down": {"uv": [11.5, 9, 11.25, 13.5], "texture": "#0"}
			}
		},
		{
			"from": [9, 0, 13],
			"to": [9.5, 6, 15],
			"rotation": {"angle": 0, "axis": "y", "origin": [9, 0, 7]},
			"faces": {
				"north": {"uv": [6.75, 13, 7, 14.5], "texture": "#0"},
				"east": {"uv": [12.5, 0, 13, 1.5], "texture": "#0"},
				"south": {"uv": [13, 8.25, 13.25, 9.75], "texture": "#0"},
				"west": {"uv": [12.5, 8.25, 13, 9.75], "texture": "#0"},
				"up": {"uv": [13.75, 11.25, 13.5, 10.75], "texture": "#0"},
				"down": {"uv": [11.25, 13.5, 11, 14], "texture": "#0"}
			}
		},
		{
			"from": [9, 0, 1],
			"to": [9.5, 6, 3],
			"rotation": {"angle": 0, "axis": "y", "origin": [9, 0, -5]},
			"faces": {
				"north": {"uv": [8.5, 13, 8.75, 14.5], "texture": "#0"},
				"east": {"uv": [9.5, 12.5, 10, 14], "texture": "#0"},
				"south": {"uv": [8.75, 13, 9, 14.5], "texture": "#0"},
				"west": {"uv": [12.5, 9.75, 13, 11.25], "texture": "#0"},
				"up": {"uv": [11.5, 14, 11.25, 13.5], "texture": "#0"},
				"down": {"uv": [13.75, 11.25, 13.5, 11.75], "texture": "#0"}
			}
		},
		{
			"from": [9, -1, 2],
			"to": [9.5, 0, 3],
			"rotation": {"angle": 0, "axis": "y", "origin": [9, -1, -5]},
			"faces": {
				"north": {"uv": [14, 2.75, 14.25, 3], "texture": "#0"},
				"east": {"uv": [14, 3, 14.25, 3.25], "texture": "#0"},
				"south": {"uv": [14, 3.25, 14.25, 3.5], "texture": "#0"},
				"west": {"uv": [14, 3.5, 14.25, 3.75], "texture": "#0"},
				"up": {"uv": [14.25, 4, 14, 3.75], "texture": "#0"},
				"down": {"uv": [14.25, 4, 14, 4.25], "texture": "#0"}
			}
		},
		{
			"from": [9, -1, 13],
			"to": [9.5, 0, 14],
			"rotation": {"angle": 0, "axis": "y", "origin": [9, -1, 6]},
			"faces": {
				"north": {"uv": [14, 4.25, 14.25, 4.5], "texture": "#0"},
				"east": {"uv": [14, 4.5, 14.25, 4.75], "texture": "#0"},
				"south": {"uv": [14, 4.75, 14.25, 5], "texture": "#0"},
				"west": {"uv": [14, 5, 14.25, 5.25], "texture": "#0"},
				"up": {"uv": [5.5, 14.25, 5.25, 14], "texture": "#0"},
				"down": {"uv": [14.25, 5.25, 14, 5.5], "texture": "#0"}
			}
		},
		{
			"from": [9, -1, 5],
			"to": [9.5, 6, 7],
			"rotation": {"angle": 0, "axis": "y", "origin": [9, 0, -1]},
			"faces": {
				"north": {"uv": [0, 13, 0.25, 14.75], "texture": "#0"},
				"east": {"uv": [10.5, 0, 11, 1.75], "texture": "#0"},
				"south": {"uv": [13, 0, 13.25, 1.75], "texture": "#0"},
				"west": {"uv": [11, 0, 11.5, 1.75], "texture": "#0"},
				"up": {"uv": [13.75, 13.25, 13.5, 12.75], "texture": "#0"},
				"down": {"uv": [13.75, 13.25, 13.5, 13.75], "texture": "#0"}
			}
		},
		{
			"from": [9, -1, 9],
			"to": [9.5, 6, 11],
			"rotation": {"angle": 0, "axis": "y", "origin": [9, 0, 3]},
			"faces": {
				"north": {"uv": [0.25, 13, 0.5, 14.75], "texture": "#0"},
				"east": {"uv": [11.5, 0, 12, 1.75], "texture": "#0"},
				"south": {"uv": [5, 13, 5.25, 14.75], "texture": "#0"},
				"west": {"uv": [12, 0, 12.5, 1.75], "texture": "#0"},
				"up": {"uv": [14, 0.5, 13.75, 0], "texture": "#0"},
				"down": {"uv": [14, 0.5, 13.75, 1], "texture": "#0"}
			}
		},
		{
			"from": [3.5, 9, 7],
			"to": [4.5, 14, 9],
			"rotation": {"angle": 0, "axis": "y", "origin": [3, 10, 7]},
			"faces": {
				"north": {"uv": [9, 13, 9.25, 14.25], "texture": "#0"},
				"east": {"uv": [12.5, 11.25, 13, 12.5], "texture": "#0"},
				"south": {"uv": [9.25, 13, 9.5, 14.25], "texture": "#0"},
				"west": {"uv": [12.5, 12.5, 13, 13.75], "texture": "#0"},
				"up": {"uv": [14, 1.5, 13.75, 1], "texture": "#0"},
				"down": {"uv": [14, 1.5, 13.75, 2], "texture": "#0"}
			}
		},
		{
			"from": [4.5, 13, 7],
			"to": [7, 14, 9],
			"rotation": {"angle": 0, "axis": "y", "origin": [4, 10, 7]},
			"faces": {
				"north": {"uv": [13, 12.25, 13.75, 12.5], "texture": "#0"},
				"east": {"uv": [13.5, 3.25, 14, 3.5], "texture": "#0"},
				"south": {"uv": [13, 12.5, 13.75, 12.75], "texture": "#0"},
				"west": {"uv": [13.75, 2, 14.25, 2.25], "texture": "#0"},
				"up": {"uv": [13.75, 7, 13, 6.5], "texture": "#0"},
				"down": {"uv": [13.75, 7, 13, 7.5], "texture": "#0"}
			}
		},
		{
			"from": [4.5, 9, 7],
			"to": [7, 10, 9],
			"rotation": {"angle": 0, "axis": "y", "origin": [4, 6, 7]},
			"faces": {
				"north": {"uv": [13, 11.75, 13.75, 12], "texture": "#0"},
				"east": {"uv": [12.5, 1.5, 13, 1.75], "texture": "#0"},
				"south": {"uv": [13, 12, 13.75, 12.25], "texture": "#0"},
				"west": {"uv": [13, 12.75, 13.5, 13], "texture": "#0"},
				"up": {"uv": [6, 13.5, 5.25, 13], "texture": "#0"},
				"down": {"uv": [6.75, 13, 6, 13.5], "texture": "#0"}
			}
		}
	],
	"gui_light": "front",
	"display": {
		"thirdperson_righthand": {
			"translation": [3.5, -5.5, 1.25],
			"scale": [0.9, 1, 1]
		},
		"thirdperson_lefthand": {
			"rotation": [0, -180, 0],
			"translation": [3.5, -5.5, 1.25],
			"scale": [0.9, 1, 1]
		},
		"firstperson_righthand": {
			"rotation": [0, 77, 0],
			"translation": [6.25, -13, 1.25],
			"scale": [0.9, 1, 1]
		},
		"firstperson_lefthand": {
			"rotation": [0, -108, 0],
			"translation": [7.5, -13, 1.25],
			"scale": [0.9, 1, 1]
		},
		"ground": {
			"translation": [0, 6.25, 0]
		},
		"gui": {
			"rotation": [9, -107, 14],
			"translation": [0, -2, 0],
			"scale": [0.6, 0.6, 0.6]
		},
		"fixed": {
			"rotation": [0, 90, 0],
			"translation": [0, -4, 0]
		}
	}
}