{
	"credit": "Made with Blockbench",
	"texture_size": [128, 128],
	"textures": {
		"0": "item/goatshield",
		"particle": "goatshield"
	},
	"elements": [
		{
			"from": [5, 0, 6],
			"to": [12, 10, 11],
			"rotation": {"angle": 22.5, "axis": "z", "origin": [8.5, 5, 8.5]},
			"faces": {
				"north": {"uv": [4.625, 2.125, 5.5, 3.375], "texture": "#0"},
				"east": {"uv": [5.125, 5.125, 5.75, 6.375], "texture": "#0"},
				"south": {"uv": [4.625, 3.375, 5.5, 4.625], "texture": "#0"},
				"west": {"uv": [1.5, 5.5, 2.125, 6.75], "texture": "#0"},
				"up": {"uv": [6.375, 4.375, 5.5, 3.75], "texture": "#0"},
				"down": {"uv": [7.375, 5.125, 6.5, 5.75], "texture": "#0"}
			}
		},
		{
			"from": [8.5, 8, 3],
			"to": [9.5, 10, 6],
			"faces": {
				"north": {"uv": [0.375, 7.75, 0.5, 8], "texture": "#0"},
				"east": {"uv": [7.125, 4.375, 7.5, 4.625], "texture": "#0"},
				"south": {"uv": [0.5, 7.75, 0.625, 8], "texture": "#0"},
				"west": {"uv": [7.5, 3.75, 7.875, 4], "texture": "#0"},
				"up": {"uv": [7.75, 6.875, 7.625, 6.5], "texture": "#0"},
				"down": {"uv": [7.75, 6.875, 7.625, 7.25], "texture": "#0"}
			}
		},
		{
			"from": [8.5, 8, 11],
			"to": [9.5, 10, 14],
			"faces": {
				"north": {"uv": [0.625, 7.75, 0.75, 8], "texture": "#0"},
				"east": {"uv": [7.5, 4.375, 7.875, 4.625], "texture": "#0"},
				"south": {"uv": [0.75, 7.75, 0.875, 8], "texture": "#0"},
				"west": {"uv": [7.625, 0.5, 8, 0.75], "texture": "#0"},
				"up": {"uv": [7.75, 7.625, 7.625, 7.25], "texture": "#0"},
				"down": {"uv": [7.75, 7.625, 7.625, 8], "texture": "#0"}
			}
		},
		{
			"from": [7.75, 9, 6.25],
			"to": [9.75, 15, 8.25],
			"faces": {
				"north": {"uv": [1.5, 4.625, 1.75, 5.375], "texture": "#0"},
				"east": {"uv": [7.125, 2.25, 7.375, 3], "texture": "#0"},
				"south": {"uv": [7.125, 3, 7.375, 3.75], "texture": "#0"},
				"west": {"uv": [7.25, 7.25, 7.5, 8], "texture": "#0"},
				"up": {"uv": [7.875, 4.875, 7.625, 4.625], "texture": "#0"},
				"down": {"uv": [7.875, 5.75, 7.625, 6], "texture": "#0"}
			}
		},
		{
			"from": [7.75, 9, 8.75],
			"to": [9.75, 15, 10.75],
			"faces": {
				"north": {"uv": [7.375, 0.5, 7.625, 1.25], "texture": "#0"},
				"east": {"uv": [7.375, 2.25, 7.625, 3], "texture": "#0"},
				"south": {"uv": [7.375, 3, 7.625, 3.75], "texture": "#0"},
				"west": {"uv": [4.125, 7.375, 4.375, 8.125], "texture": "#0"},
				"up": {"uv": [7.875, 6.25, 7.625, 6], "texture": "#0"},
				"down": {"uv": [7.875, 6.25, 7.625, 6.5], "texture": "#0"}
			}
		},
		{
			"from": [7, -5, 8.5],
			"to": [11, 1, 8.5],
			"faces": {
				"north": {"uv": [6.625, 2.25, 7.125, 3], "texture": "#0"},
				"east": {"uv": [0, 0, 0, 0.75], "texture": "#0"},
				"south": {"uv": [6.625, 3, 7.125, 3.75], "texture": "#0"},
				"west": {"uv": [0, 0, 0, 0.75], "texture": "#0"},
				"up": {"uv": [0.5, 0, 0, 0], "texture": "#0"},
				"down": {"uv": [0.5, 0, 0, 0], "texture": "#0"}
			}
		},
		{
			"from": [3, -3, 1],
			"to": [7, 15, 16],
			"faces": {
				"north": {"uv": [0, 4.625, 0.5, 6.875], "texture": "#0"},
				"east": {"uv": [0, 0, 1.875, 2.25], "texture": "#0"},
				"south": {"uv": [0.5, 4.625, 1, 6.875], "texture": "#0"},
				"west": {"uv": [1.875, 0, 3.75, 2.25], "texture": "#0"},
				"up": {"uv": [1.5, 6.5, 1, 4.625], "texture": "#0"},
				"down": {"uv": [5.125, 5.125, 4.625, 7], "texture": "#0"}
			}
		},
		{
			"from": [2, 2, 5],
			"to": [3, 9, 12],
			"faces": {
				"north": {"uv": [3.875, 5.5, 4, 6.375], "texture": "#0"},
				"east": {"uv": [5.5, 2, 6.375, 2.875], "texture": "#0"},
				"south": {"uv": [1, 7.5, 1.125, 8.375], "texture": "#0"},
				"west": {"uv": [5.5, 2.875, 6.375, 3.75], "texture": "#0"},
				"up": {"uv": [1.25, 8.375, 1.125, 7.5], "texture": "#0"},
				"down": {"uv": [1.375, 7.5, 1.25, 8.375], "texture": "#0"}
			}
		},
		{
			"from": [-2, 2, 7],
			"to": [-1, 9, 10],
			"faces": {
				"north": {"uv": [1.375, 7.5, 1.5, 8.375], "texture": "#0"},
				"east": {"uv": [0.25, 6.875, 0.625, 7.75], "texture": "#0"},
				"south": {"uv": [7.5, 7.25, 7.625, 8.125], "texture": "#0"},
				"west": {"uv": [0.625, 6.875, 1, 7.75], "texture": "#0"},
				"up": {"uv": [7.875, 0.375, 7.75, 0], "texture": "#0"},
				"down": {"uv": [0.375, 7.75, 0.25, 8.125], "texture": "#0"}
			}
		},
		{
			"from": [-1, 7, 7],
			"to": [2, 9, 10],
			"faces": {
				"north": {"uv": [7.625, 0.75, 8, 1], "texture": "#0"},
				"east": {"uv": [7.625, 1, 8, 1.25], "texture": "#0"},
				"south": {"uv": [7.625, 2.25, 8, 2.5], "texture": "#0"},
				"west": {"uv": [7.625, 2.5, 8, 2.75], "texture": "#0"},
				"up": {"uv": [7.75, 5.375, 7.375, 5], "texture": "#0"},
				"down": {"uv": [5.5, 7.375, 5.125, 7.75], "texture": "#0"}
			}
		},
		{
			"from": [-1, 2, 7],
			"to": [2, 4, 10],
			"faces": {
				"north": {"uv": [7.625, 2.75, 8, 3], "texture": "#0"},
				"east": {"uv": [7.625, 3, 8, 3.25], "texture": "#0"},
				"south": {"uv": [7.625, 3.25, 8, 3.5], "texture": "#0"},
				"west": {"uv": [7.625, 3.5, 8, 3.75], "texture": "#0"},
				"up": {"uv": [7.75, 5.75, 7.375, 5.375], "texture": "#0"},
				"down": {"uv": [6.375, 7.375, 6, 7.75], "texture": "#0"}
			}
		},
		{
			"from": [2, -6, 0],
			"to": [3, 19, 2],
			"faces": {
				"north": {"uv": [5.625, 6.375, 5.75, 9.5], "texture": "#0"},
				"east": {"uv": [2.125, 5.5, 2.375, 8.625], "texture": "#0"},
				"south": {"uv": [1.5, 6.75, 1.625, 9.875], "texture": "#0"},
				"west": {"uv": [2.375, 5.5, 2.625, 8.625], "texture": "#0"},
				"up": {"uv": [1, 8, 0.875, 7.75], "texture": "#0"},
				"down": {"uv": [7.875, 1.25, 7.75, 1.5], "texture": "#0"}
			}
		},
		{
			"from": [2, -6, 15],
			"to": [3, 19, 17],
			"faces": {
				"north": {"uv": [1.625, 6.75, 1.75, 9.875], "texture": "#0"},
				"east": {"uv": [2.625, 5.5, 2.875, 8.625], "texture": "#0"},
				"south": {"uv": [1.75, 6.75, 1.875, 9.875], "texture": "#0"},
				"west": {"uv": [2.875, 5.5, 3.125, 8.625], "texture": "#0"},
				"up": {"uv": [7.875, 1.75, 7.75, 1.5], "texture": "#0"},
				"down": {"uv": [7.875, 1.75, 7.75, 2], "texture": "#0"}
			}
		},
		{
			"from": [2.5, -6, 11],
			"to": [3.5, 17, 13],
			"faces": {
				"north": {"uv": [1.875, 6.75, 2, 9.625], "texture": "#0"},
				"east": {"uv": [3.125, 5.5, 3.375, 8.375], "texture": "#0"},
				"south": {"uv": [2, 6.75, 2.125, 9.625], "texture": "#0"},
				"west": {"uv": [3.375, 5.5, 3.625, 8.375], "texture": "#0"},
				"up": {"uv": [7.875, 5.25, 7.75, 5], "texture": "#0"},
				"down": {"uv": [5.25, 7.75, 5.125, 8], "texture": "#0"}
			}
		},
		{
			"from": [2.5, -6, 4],
			"to": [3.5, 17, 6],
			"faces": {
				"north": {"uv": [6.5, 6.75, 6.625, 9.625], "texture": "#0"},
				"east": {"uv": [3.625, 5.5, 3.875, 8.375], "texture": "#0"},
				"south": {"uv": [6.625, 6.75, 6.75, 9.625], "texture": "#0"},
				"west": {"uv": [5.75, 5.125, 6, 8], "texture": "#0"},
				"up": {"uv": [5.375, 8, 5.25, 7.75], "texture": "#0"},
				"down": {"uv": [7.875, 5.25, 7.75, 5.5], "texture": "#0"}
			}
		},
		{
			"from": [2, 17, 2],
			"to": [3, 19, 15],
			"faces": {
				"north": {"uv": [5.375, 7.75, 5.5, 8], "texture": "#0"},
				"east": {"uv": [5.5, 4.375, 7.125, 4.625], "texture": "#0"},
				"south": {"uv": [7.75, 5.5, 7.875, 5.75], "texture": "#0"},
				"west": {"uv": [6.625, 2, 8.25, 2.25], "texture": "#0"},
				"up": {"uv": [7.125, 8.875, 7, 7.25], "texture": "#0"},
				"down": {"uv": [7.25, 7.25, 7.125, 8.875], "texture": "#0"}
			}
		},
		{
			"from": [2, 19, 3],
			"to": [4, 20, 14],
			"faces": {
				"north": {"uv": [3.75, 2.125, 4, 2.25], "texture": "#0"},
				"east": {"uv": [6.375, 4.25, 7.75, 4.375], "texture": "#0"},
				"south": {"uv": [1.5, 5.375, 1.75, 5.5], "texture": "#0"},
				"west": {"uv": [6.625, 4.125, 8, 4.25], "texture": "#0"},
				"up": {"uv": [7, 8.125, 6.75, 6.75], "texture": "#0"},
				"down": {"uv": [0.25, 6.875, 0, 8.25], "texture": "#0"}
			}
		},
		{
			"from": [3, 2, 0],
			"to": [7, 10, 1],
			"faces": {
				"north": {"uv": [4.125, 6.375, 4.625, 7.375], "texture": "#0"},
				"east": {"uv": [4.375, 7.375, 4.5, 8.375], "texture": "#0"},
				"south": {"uv": [5.125, 6.375, 5.625, 7.375], "texture": "#0"},
				"west": {"uv": [4.5, 7.375, 4.625, 8.375], "texture": "#0"},
				"up": {"uv": [5.5, 2.125, 5, 2], "texture": "#0"},
				"down": {"uv": [7.25, 5, 6.75, 5.125], "texture": "#0"}
			}
		},
		{
			"from": [3, 2, 16],
			"to": [7, 10, 17],
			"faces": {
				"north": {"uv": [1, 6.5, 1.5, 7.5], "texture": "#0"},
				"east": {"uv": [5.5, 7.375, 5.625, 8.375], "texture": "#0"},
				"south": {"uv": [6.5, 5.75, 7, 6.75], "texture": "#0"},
				"west": {"uv": [6.375, 7.375, 6.5, 8.375], "texture": "#0"},
				"up": {"uv": [8, 4.125, 7.5, 4], "texture": "#0"},
				"down": {"uv": [8.125, 4.875, 7.625, 5], "texture": "#0"}
			}
		},
		{
			"from": [3, 15, 0],
			"to": [8, 19, 17],
			"faces": {
				"north": {"uv": [7, 5.75, 7.625, 6.25], "texture": "#0"},
				"east": {"uv": [4.625, 4.625, 6.75, 5.125], "texture": "#0"},
				"south": {"uv": [7, 6.25, 7.625, 6.75], "texture": "#0"},
				"west": {"uv": [5, 0, 7.125, 0.5], "texture": "#0"},
				"up": {"uv": [4.375, 2.125, 3.75, 0], "texture": "#0"},
				"down": {"uv": [4.625, 2.125, 4, 4.25], "texture": "#0"}
			}
		},
		{
			"from": [3, -6, 0],
			"to": [8, -3, 17],
			"faces": {
				"north": {"uv": [7.125, 1.25, 7.75, 1.625], "texture": "#0"},
				"east": {"uv": [5, 1.25, 7.125, 1.625], "texture": "#0"},
				"south": {"uv": [7.125, 1.625, 7.75, 2], "texture": "#0"},
				"west": {"uv": [5, 1.625, 7.125, 2], "texture": "#0"},
				"up": {"uv": [4.625, 6.375, 4, 4.25], "texture": "#0"},
				"down": {"uv": [5, 0, 4.375, 2.125], "texture": "#0"}
			}
		},
		{
			"from": [7, -3, 1],
			"to": [8, 15, 3],
			"faces": {
				"north": {"uv": [4.625, 7, 4.75, 9.25], "texture": "#0"},
				"east": {"uv": [6, 5.125, 6.25, 7.375], "texture": "#0"},
				"south": {"uv": [4.75, 7, 4.875, 9.25], "texture": "#0"},
				"west": {"uv": [6.25, 5.125, 6.5, 7.375], "texture": "#0"},
				"up": {"uv": [6.125, 8, 6, 7.75], "texture": "#0"},
				"down": {"uv": [6.25, 7.75, 6.125, 8], "texture": "#0"}
			}
		},
		{
			"from": [7, -3, 14],
			"to": [8, 15, 16],
			"faces": {
				"north": {"uv": [4.875, 7, 5, 9.25], "texture": "#0"},
				"east": {"uv": [6.375, 2, 6.625, 4.25], "texture": "#0"},
				"south": {"uv": [5, 7, 5.125, 9.25], "texture": "#0"},
				"west": {"uv": [3.875, 6.375, 4.125, 8.625], "texture": "#0"},
				"up": {"uv": [6.375, 8, 6.25, 7.75], "texture": "#0"},
				"down": {"uv": [7.875, 6.5, 7.75, 6.75], "texture": "#0"}
			}
		},
		{
			"from": [4, -6, 6.5],
			"to": [9, 20, 10.5],
			"faces": {
				"north": {"uv": [1.75, 2.25, 2.375, 5.5], "texture": "#0"},
				"east": {"uv": [3, 2.25, 3.5, 5.5], "texture": "#0"},
				"south": {"uv": [2.375, 2.25, 3, 5.5], "texture": "#0"},
				"west": {"uv": [3.5, 2.25, 4, 5.5], "texture": "#0"},
				"up": {"uv": [7.625, 7.25, 7, 6.75], "texture": "#0"},
				"down": {"uv": [7.75, 0, 7.125, 0.5], "texture": "#0"}
			}
		},
		{
			"from": [2, -9, -1],
			"to": [9, -6, 18],
			"faces": {
				"north": {"uv": [6.625, 3.75, 7.5, 4.125], "texture": "#0"},
				"east": {"uv": [5, 0.5, 7.375, 0.875], "texture": "#0"},
				"south": {"uv": [6.75, 4.625, 7.625, 5], "texture": "#0"},
				"west": {"uv": [5, 0.875, 7.375, 1.25], "texture": "#0"},
				"up": {"uv": [0.875, 4.625, 0, 2.25], "texture": "#0"},
				"down": {"uv": [1.75, 2.25, 0.875, 4.625], "texture": "#0"}
			}
		}
	],
	"gui_light": "front",
	"display": {
		"thirdperson_righthand": {
			"translation": [7, 0, 2],
			"scale": [0.8, 0.9, 0.9]
		},
		"thirdperson_lefthand": {
			"rotation": [0, -180, 0],
			"translation": [7, 0, 3],
			"scale": [0.8, 0.9, 0.9]
		},
		"firstperson_righthand": {
			"rotation": [0, 64, 0],
			"translation": [0.5, -2, 0],
			"scale": [0.6, 0.6, 0.6]
		},
		"firstperson_lefthand": {
			"rotation": [0, -116, 0],
			"translation": [1.5, -1.75, 0],
			"scale": [0.6, 0.6, 0.6]
		},
		"ground": {
			"translation": [0, 12, 0],
			"scale": [0.8, 0.9, 0.9]
		},
		"gui": {
			"rotation": [24, -117, 26],
			"translation": [0, 1.5, 0],
			"scale": [0.5, 0.5, 0.5]
		},
		"fixed": {
			"rotation": [0, 90, 0],
			"translation": [0, 2.5, -4.5]
		}
	}
}