{
	"credit": "Made with Blockbench",
	"texture_size": [32, 32],
	"textures": {
		"0": "item/granitesword",
		"particle": "granitesword"
	},
	"elements": [
		{
			"from": [6.75, -9, 6.75],
			"to": [9.25, -6.5, 9.25],
			"rotation": {"angle": -45, "axis": "z", "origin": [8, -7.75, 8]},
			"faces": {
				"north": {"uv": [7, 11, 8.5, 12.5], "texture": "#0"},
				"east": {"uv": [4, 11.5, 5.5, 13], "texture": "#0"},
				"south": {"uv": [12, 5, 13.5, 6.5], "texture": "#0"},
				"west": {"uv": [12, 6.5, 13.5, 8], "texture": "#0"},
				"up": {"uv": [13.5, 9.5, 12, 8], "texture": "#0"},
				"down": {"uv": [10, 12, 8.5, 13.5], "texture": "#0"}
			}
		},
		{
			"from": [7, -7, 7],
			"to": [9, -5.9, 9],
			"rotation": {"angle": 0, "axis": "y", "origin": [7, -8, 7]},
			"faces": {
				"north": {"uv": [8, 13.5, 9, 14], "texture": "#0"},
				"east": {"uv": [13.5, 8, 14.5, 8.5], "texture": "#0"},
				"south": {"uv": [13.5, 8.5, 14.5, 9], "texture": "#0"},
				"west": {"uv": [9, 13.5, 10, 14], "texture": "#0"},
				"up": {"uv": [11, 13.5, 10, 12.5], "texture": "#0"},
				"down": {"uv": [12, 12.5, 11, 13.5], "texture": "#0"}
			}
		},
		{
			"from": [7.25, -6, 7.25],
			"to": [8.75, 1, 8.75],
			"rotation": {"angle": 0, "axis": "y", "origin": [7, -2, 7]},
			"faces": {
				"north": {"uv": [9, 5, 10, 8.5], "texture": "#0"},
				"east": {"uv": [9, 8.5, 10, 12], "texture": "#0"},
				"south": {"uv": [10, 0, 11, 3.5], "texture": "#0"},
				"west": {"uv": [10, 3.5, 11, 7], "texture": "#0"},
				"up": {"uv": [13, 13.5, 12, 12.5], "texture": "#0"},
				"down": {"uv": [1, 13, 0, 14], "texture": "#0"}
			}
		},
		{
			"from": [7, 1, 7],
			"to": [9, 2, 9],
			"rotation": {"angle": 0, "axis": "y", "origin": [7, 0, 7]},
			"faces": {
				"north": {"uv": [13.5, 9, 14.5, 9.5], "texture": "#0"},
				"east": {"uv": [10, 13.5, 11, 14], "texture": "#0"},
				"south": {"uv": [11, 13.5, 12, 14], "texture": "#0"},
				"west": {"uv": [12, 13.5, 13, 14], "texture": "#0"},
				"up": {"uv": [2, 14, 1, 13], "texture": "#0"},
				"down": {"uv": [3, 13, 2, 14], "texture": "#0"}
			}
		},
		{
			"from": [3, 3, 7],
			"to": [8, 4.25, 9],
			"rotation": {"angle": -22.5, "axis": "z", "origin": [5, 3.75, 8]},
			"faces": {
				"north": {"uv": [12, 9.5, 14.5, 10], "texture": "#0"},
				"east": {"uv": [13, 13.5, 14, 14], "texture": "#0"},
				"south": {"uv": [10, 12, 12.5, 12.5], "texture": "#0"},
				"west": {"uv": [0, 14, 1, 14.5], "texture": "#0"},
				"up": {"uv": [14.5, 2, 12, 1], "texture": "#0"},
				"down": {"uv": [14.5, 2, 12, 3], "texture": "#0"}
			}
		},
		{
			"from": [8, 3, 7],
			"to": [13, 4.25, 9],
			"rotation": {"angle": 22.5, "axis": "z", "origin": [11, 3.75, 8]},
			"faces": {
				"north": {"uv": [1, 12.5, 3.5, 13], "texture": "#0"},
				"east": {"uv": [14, 0, 15, 0.5], "texture": "#0"},
				"south": {"uv": [5.5, 12.5, 8, 13], "texture": "#0"},
				"west": {"uv": [14, 0.5, 15, 1], "texture": "#0"},
				"up": {"uv": [14.5, 4, 12, 3], "texture": "#0"},
				"down": {"uv": [14.5, 4, 12, 5], "texture": "#0"}
			}
		},
		{
			"from": [6, 2, 6.75],
			"to": [10, 3, 9.25],
			"rotation": {"angle": 0, "axis": "y", "origin": [7, 1, 7]},
			"faces": {
				"north": {"uv": [12.5, 12, 14.5, 12.5], "texture": "#0"},
				"east": {"uv": [13.5, 7, 15, 7.5], "texture": "#0"},
				"south": {"uv": [3, 13, 5, 13.5], "texture": "#0"},
				"west": {"uv": [13.5, 7.5, 15, 8], "texture": "#0"},
				"up": {"uv": [12, 8.5, 10, 7], "texture": "#0"},
				"down": {"uv": [12, 8.5, 10, 10], "texture": "#0"}
			}
		},
		{
			"from": [5, 3, 7.25],
			"to": [11, 15.5, 8.75],
			"rotation": {"angle": 0, "axis": "y", "origin": [7, 2, 7]},
			"faces": {
				"north": {"uv": [0, 0, 3, 6.5], "texture": "#0"},
				"east": {"uv": [6, 6, 7, 12.5], "texture": "#0"},
				"south": {"uv": [3, 0, 6, 6.5], "texture": "#0"},
				"west": {"uv": [0, 6.5, 1, 13], "texture": "#0"},
				"up": {"uv": [13, 11, 10, 10], "texture": "#0"},
				"down": {"uv": [14, 0, 11, 1], "texture": "#0"}
			}
		},
		{
			"from": [5, 25, 7.25],
			"to": [11, 30.5, 8.75],
			"rotation": {"angle": 0, "axis": "y", "origin": [7, 19, 7]},
			"faces": {
				"north": {"uv": [6, 0, 9, 3], "texture": "#0"},
				"east": {"uv": [11, 1, 12, 4], "texture": "#0"},
				"south": {"uv": [6, 3, 9, 6], "texture": "#0"},
				"west": {"uv": [11, 4, 12, 7], "texture": "#0"},
				"up": {"uv": [13, 12, 10, 11], "texture": "#0"},
				"down": {"uv": [4, 11.5, 1, 12.5], "texture": "#0"}
			}
		},
		{
			"from": [9, 15.5, 7.25],
			"to": [11, 25, 8.75],
			"rotation": {"angle": 0, "axis": "y", "origin": [7, 12.5, 7]},
			"faces": {
				"north": {"uv": [1, 6.5, 2, 11.5], "texture": "#0"},
				"east": {"uv": [2, 6.5, 3, 11.5], "texture": "#0"},
				"south": {"uv": [3, 6.5, 4, 11.5], "texture": "#0"},
				"west": {"uv": [4, 6.5, 5, 11.5], "texture": "#0"},
				"up": {"uv": [6, 14, 5, 13], "texture": "#0"},
				"down": {"uv": [7, 13, 6, 14], "texture": "#0"}
			}
		},
		{
			"from": [5, 15.5, 7.25],
			"to": [7, 25, 8.75],
			"rotation": {"angle": 0, "axis": "y", "origin": [3, 12.5, 7]},
			"faces": {
				"north": {"uv": [5, 6.5, 6, 11.5], "texture": "#0"},
				"east": {"uv": [7, 6, 8, 11], "texture": "#0"},
				"south": {"uv": [8, 6, 9, 11], "texture": "#0"},
				"west": {"uv": [9, 0, 10, 5], "texture": "#0"},
				"up": {"uv": [8, 14, 7, 13], "texture": "#0"},
				"down": {"uv": [14, 10, 13, 11], "texture": "#0"}
			}
		},
		{
			"from": [7, 2, 6.9],
			"to": [9, 4, 9.1],
			"rotation": {"angle": 45, "axis": "z", "origin": [8, 3, 8]},
			"faces": {
				"north": {"uv": [13, 11, 14, 12], "texture": "#0"},
				"east": {"uv": [13, 12.5, 14, 13.5], "texture": "#0"},
				"south": {"uv": [3, 13.5, 4, 14.5], "texture": "#0"},
				"west": {"uv": [4, 13.5, 5, 14.5], "texture": "#0"},
				"up": {"uv": [14.5, 6, 13.5, 5], "texture": "#0"},
				"down": {"uv": [14.5, 6, 13.5, 7], "texture": "#0"}
			}
		}
	],
	"gui_light": "front",
	"display": {
		"thirdperson_righthand": {
			"rotation": [0, 90, 0],
			"translation": [-0.25, 4.75, 1.25],
			"scale": [0.7, 0.7, 0.7]
		},
		"thirdperson_lefthand": {
			"rotation": [0, 90, 0],
			"translation": [-0.25, 4.75, 1.25],
			"scale": [0.7, 0.7, 0.7]
		},
		"firstperson_righthand": {
			"rotation": [0, 90, 5],
			"translation": [0.25, 4.25, 0.75],
			"scale": [0.6, 0.6, 0.6]
		},
		"firstperson_lefthand": {
			"rotation": [0, 90, 5],
			"translation": [0.25, 4.25, 0.75],
			"scale": [0.6, 0.6, 0.6]
		},
		"ground": {
			"translation": [0, 6.75, 0],
			"scale": [0.5, 0.5, 0.5]
		},
		"gui": {
			"rotation": [0, 0, -45],
			"translation": [-1.25, -1.25, 0],
			"scale": [0.5, 0.5, 0.5]
		},
		"fixed": {
			"translation": [0, -1.5, 0]
		}
	}
}