{
	"credit": "Made with Blockbench",
	"texture_size": [32, 32],
	"textures": {
		"0": "item/greatswordd",
		"particle": "greatswordd"
	},
	"elements": [
		{
			"from": [7, -13.25, 7.25],
			"to": [9, -5, 8.75],
			"rotation": {"angle": 0, "axis": "y", "origin": [7.25, -11, 7.25]},
			"faces": {
				"north": {"uv": [4, 4.5, 5, 8.5], "texture": "#0"},
				"east": {"uv": [5, 4.5, 6, 8.5], "texture": "#0"},
				"south": {"uv": [6, 0, 7, 4], "texture": "#0"},
				"west": {"uv": [6, 4, 7, 8], "texture": "#0"},
				"up": {"uv": [6.5, 10.5, 5.5, 9.5], "texture": "#0"},
				"down": {"uv": [10.5, 7, 9.5, 8], "texture": "#0"}
			}
		},
		{
			"from": [6.4, -5, 7],
			"to": [9.6, -2.75, 9],
			"rotation": {"angle": 0, "axis": "y", "origin": [7.75, -2.75, 7.25]},
			"faces": {
				"north": {"uv": [8.5, 4, 10, 5], "texture": "#0"},
				"east": {"uv": [4, 10, 5, 11], "texture": "#0"},
				"south": {"uv": [8.5, 5, 10, 6], "texture": "#0"},
				"west": {"uv": [10, 4, 11, 5], "texture": "#0"},
				"up": {"uv": [7, 9.5, 5.5, 8.5], "texture": "#0"},
				"down": {"uv": [10, 6, 8.5, 7], "texture": "#0"}
			}
		},
		{
			"from": [6.5, -15.75, 7],
			"to": [9.5, -12.75, 9],
			"rotation": {"angle": -45, "axis": "z", "origin": [8, -14.25, 8]},
			"faces": {
				"north": {"uv": [7, 4, 8.5, 5.5], "texture": "#0"},
				"east": {"uv": [8, 8.5, 9, 10], "texture": "#0"},
				"south": {"uv": [7, 5.5, 8.5, 7], "texture": "#0"},
				"west": {"uv": [9, 8.5, 10, 10], "texture": "#0"},
				"up": {"uv": [11, 1, 9.5, 0], "texture": "#0"},
				"down": {"uv": [11, 1, 9.5, 2], "texture": "#0"}
			}
		},
		{
			"from": [9, -3.8, 7.25],
			"to": [14, -2.55, 8.75],
			"rotation": {"angle": 22.5, "axis": "z", "origin": [11, -3.05, 8]},
			"faces": {
				"north": {"uv": [9.5, 2, 12, 2.5], "texture": "#0"},
				"east": {"uv": [6, 8, 7, 8.5], "texture": "#0"},
				"south": {"uv": [9.5, 2.5, 12, 3], "texture": "#0"},
				"west": {"uv": [0, 10.5, 1, 11], "texture": "#0"},
				"up": {"uv": [9.5, 1, 7, 0], "texture": "#0"},
				"down": {"uv": [9.5, 1, 7, 2], "texture": "#0"}
			}
		},
		{
			"from": [2, -3.8, 7.25],
			"to": [7, -2.55, 8.75],
			"rotation": {"angle": -22.5, "axis": "z", "origin": [5, -3.05, 8]},
			"faces": {
				"north": {"uv": [9.5, 3, 12, 3.5], "texture": "#0"},
				"east": {"uv": [1, 10.5, 2, 11], "texture": "#0"},
				"south": {"uv": [9.5, 3.5, 12, 4], "texture": "#0"},
				"west": {"uv": [2, 10.5, 3, 11], "texture": "#0"},
				"up": {"uv": [9.5, 3, 7, 2], "texture": "#0"},
				"down": {"uv": [9.5, 3, 7, 4], "texture": "#0"}
			}
		},
		{
			"from": [6.5, -3, 7.5],
			"to": [9.5, 6, 8.5],
			"rotation": {"angle": 0, "axis": "y", "origin": [7, -5, 7]},
			"faces": {
				"north": {"uv": [3, 0, 4.5, 4.5], "texture": "#0"},
				"east": {"uv": [7, 7, 7.5, 11.5], "texture": "#0"},
				"south": {"uv": [4.5, 0, 6, 4.5], "texture": "#0"},
				"west": {"uv": [7.5, 7, 8, 11.5], "texture": "#0"},
				"up": {"uv": [11, 8.5, 9.5, 8], "texture": "#0"},
				"down": {"uv": [9.5, 10, 8, 10.5], "texture": "#0"}
			}
		},
		{
			"from": [6.5, 6, 7.5],
			"to": [9.5, 27, 8.5],
			"rotation": {"angle": 0, "axis": "y", "origin": [7, 4, 7]},
			"faces": {
				"north": {"uv": [0, 0, 1.5, 10.5], "texture": "#0"},
				"east": {"uv": [3, 4.5, 3.5, 15], "texture": "#0"},
				"south": {"uv": [1.5, 0, 3, 10.5], "texture": "#0"},
				"west": {"uv": [3.5, 4.5, 4, 15], "texture": "#0"},
				"up": {"uv": [11.5, 9, 10, 8.5], "texture": "#0"},
				"down": {"uv": [11.5, 9, 10, 9.5], "texture": "#0"}
			}
		},
		{
			"from": [5.9, 4.725, 7.525],
			"to": [8.925, 7.75, 8.475],
			"rotation": {"angle": 45, "axis": "z", "origin": [8, 6.825, 8]},
			"faces": {
				"north": {"uv": [8, 7, 9.5, 8.5], "texture": "#0"},
				"east": {"uv": [6.5, 9.5, 7, 11], "texture": "#0"},
				"south": {"uv": [4, 8.5, 5.5, 10], "texture": "#0"},
				"west": {"uv": [5, 10, 5.5, 11.5], "texture": "#0"},
				"up": {"uv": [11, 10.5, 9.5, 10], "texture": "#0"},
				"down": {"uv": [11.5, 9.5, 10, 10], "texture": "#0"}
			}
		},
		{
			"from": [5.9, 26.375, 7.525],
			"to": [8.025, 28.5, 8.475],
			"rotation": {"angle": 45, "axis": "z", "origin": [8, 28.475, 8]},
			"faces": {
				"north": {"uv": [12.5, 4.5, 14, 6], "texture": "#0"},
				"east": {"uv": [5.5, 10.5, 6, 11.5], "texture": "#0"},
				"south": {"uv": [11, 11.5, 12.5, 13], "texture": "#0"},
				"west": {"uv": [6, 10.5, 6.5, 11.5], "texture": "#0"},
				"up": {"uv": [11.5, 7.5, 10.5, 7], "texture": "#0"},
				"down": {"uv": [11.5, 7.5, 10.5, 8], "texture": "#0"}
			}
		}
	],
	"gui_light": "front",
	"display": {
		"thirdperson_righthand": {
			"rotation": [0, 90, 0],
			"translation": [0, 9.25, 1.25],
			"scale": [0.7, 0.7, 0.7]
		},
		"thirdperson_lefthand": {
			"rotation": [0, 90, 0],
			"translation": [0, 9.25, 1.25],
			"scale": [0.7, 0.7, 0.7]
		},
		"firstperson_righthand": {
			"rotation": [0, 90, 9],
			"translation": [2, 6.25, 1.25],
			"scale": [0.6, 0.6, 0.6]
		},
		"firstperson_lefthand": {
			"rotation": [0, 90, 9],
			"translation": [2, 6.25, 1.25],
			"scale": [0.6, 0.6, 0.6]
		},
		"ground": {
			"translation": [0, 10, 0],
			"scale": [0.5, 0.5, 0.5]
		},
		"gui": {
			"rotation": [0, 0, -45],
			"translation": [0.75, 0.75, 0],
			"scale": [0.5, 0.5, 0.7]
		}
	}
}