{
	"credit": "Made with Blockbench",
	"texture_size": [32, 32],
	"textures": {
		"0": "item/guardianhook",
		"particle": "guardianhook"
	},
	"elements": [
		{
			"from": [7, -3, 7],
			"to": [9, 5, 9],
			"faces": {
				"north": {"uv": [0, 2.5, 1, 6.5], "texture": "#0"},
				"east": {"uv": [1, 2.5, 2, 6.5], "texture": "#0"},
				"south": {"uv": [2, 2.5, 3, 6.5], "texture": "#0"},
				"west": {"uv": [3, 2.5, 4, 6.5], "texture": "#0"},
				"up": {"uv": [5, 11, 4, 10], "texture": "#0"},
				"down": {"uv": [6, 10, 5, 11], "texture": "#0"}
			}
		},
		{
			"from": [6.88, -2, 6.88],
			"to": [9.13, 2, 9.13],
			"faces": {
				"north": {"uv": [6, 7.5, 7, 9.5], "texture": "#0"},
				"east": {"uv": [8, 8, 9, 10], "texture": "#0"},
				"south": {"uv": [7, 8.5, 8, 10.5], "texture": "#0"},
				"west": {"uv": [0, 9, 1, 11], "texture": "#0"},
				"up": {"uv": [11, 6.5, 10, 5.5], "texture": "#0"},
				"down": {"uv": [11, 6.5, 10, 7.5], "texture": "#0"}
			}
		},
		{
			"from": [6.5, -4, 6.75],
			"to": [9.5, -3, 9.25],
			"faces": {
				"north": {"uv": [10, 7.5, 11.5, 8], "texture": "#0"},
				"east": {"uv": [10.5, 5, 12, 5.5], "texture": "#0"},
				"south": {"uv": [11, 0, 12.5, 0.5], "texture": "#0"},
				"west": {"uv": [11, 0.5, 12.5, 1], "texture": "#0"},
				"up": {"uv": [9, 1.5, 7.5, 0], "texture": "#0"},
				"down": {"uv": [9.5, 3.5, 8, 5], "texture": "#0"}
			}
		},
		{
			"from": [8.5, -5, 6.75],
			"to": [9.5, -4, 9.25],
			"faces": {
				"north": {"uv": [6.5, 3.5, 7, 4], "texture": "#0"},
				"east": {"uv": [11, 1, 12.5, 1.5], "texture": "#0"},
				"south": {"uv": [9, 3, 9.5, 3.5], "texture": "#0"},
				"west": {"uv": [11, 1.5, 12.5, 2], "texture": "#0"},
				"up": {"uv": [8, 12, 7.5, 10.5], "texture": "#0"},
				"down": {"uv": [2.5, 11, 2, 12.5], "texture": "#0"}
			}
		},
		{
			"from": [6.5, -5, 6.75],
			"to": [7.5, -4, 9.25],
			"faces": {
				"north": {"uv": [11.5, 10.5, 12, 11], "texture": "#0"},
				"east": {"uv": [11, 2, 12.5, 2.5], "texture": "#0"},
				"south": {"uv": [11.5, 11, 12, 11.5], "texture": "#0"},
				"west": {"uv": [2.5, 11, 4, 11.5], "texture": "#0"},
				"up": {"uv": [11.5, 4, 11, 2.5], "texture": "#0"},
				"down": {"uv": [4.5, 11, 4, 12.5], "texture": "#0"}
			}
		},
		{
			"from": [6.5, -6, 6.75],
			"to": [9.5, -5, 9.25],
			"faces": {
				"north": {"uv": [4.5, 11, 6, 11.5], "texture": "#0"},
				"east": {"uv": [11, 5.5, 12.5, 6], "texture": "#0"},
				"south": {"uv": [11, 6, 12.5, 6.5], "texture": "#0"},
				"west": {"uv": [11, 6.5, 12.5, 7], "texture": "#0"},
				"up": {"uv": [9.5, 6.5, 8, 5], "texture": "#0"},
				"down": {"uv": [9.5, 6.5, 8, 8], "texture": "#0"}
			}
		},
		{
			"from": [4, 5, 7.1],
			"to": [9, 7, 8.9],
			"faces": {
				"north": {"uv": [6.5, 1.5, 9, 2.5], "texture": "#0"},
				"east": {"uv": [8, 10, 9, 11], "texture": "#0"},
				"south": {"uv": [2, 6.5, 4.5, 7.5], "texture": "#0"},
				"west": {"uv": [9, 10, 10, 11], "texture": "#0"},
				"up": {"uv": [9, 3.5, 6.5, 2.5], "texture": "#0"},
				"down": {"uv": [7, 6.5, 4.5, 7.5], "texture": "#0"}
			}
		},
		{
			"from": [6, 3, 7.1],
			"to": [7, 5, 8.9],
			"faces": {
				"north": {"uv": [5.5, 4, 6, 5], "texture": "#0"},
				"east": {"uv": [10, 10, 11, 11], "texture": "#0"},
				"south": {"uv": [6.5, 9.5, 7, 10.5], "texture": "#0"},
				"west": {"uv": [1, 10.5, 2, 11.5], "texture": "#0"},
				"up": {"uv": [10, 12, 9.5, 11], "texture": "#0"},
				"down": {"uv": [10.5, 11, 10, 12], "texture": "#0"}
			}
		},
		{
			"from": [6, 7, 7.1],
			"to": [7, 9, 8.9],
			"faces": {
				"north": {"uv": [11, 10, 11.5, 11], "texture": "#0"},
				"east": {"uv": [10.5, 4, 11.5, 5], "texture": "#0"},
				"south": {"uv": [10.5, 11, 11, 12], "texture": "#0"},
				"west": {"uv": [6.5, 10.5, 7.5, 11.5], "texture": "#0"},
				"up": {"uv": [11.5, 12, 11, 11], "texture": "#0"},
				"down": {"uv": [1.5, 11.5, 1, 12.5], "texture": "#0"}
			}
		},
		{
			"from": [3, 7, 7.2],
			"to": [6, 12, 8.8],
			"faces": {
				"north": {"uv": [4, 0, 5.5, 2.5], "texture": "#0"},
				"east": {"uv": [7, 3.5, 8, 6], "texture": "#0"},
				"south": {"uv": [4, 2.5, 5.5, 5], "texture": "#0"},
				"west": {"uv": [7, 6, 8, 8.5], "texture": "#0"},
				"up": {"uv": [10.5, 10, 9, 9], "texture": "#0"},
				"down": {"uv": [11, 3, 9.5, 4], "texture": "#0"}
			}
		},
		{
			"from": [2, 12, 7.1],
			"to": [6, 17, 8.9],
			"faces": {
				"north": {"uv": [0, 0, 2, 2.5], "texture": "#0"},
				"east": {"uv": [2, 7.5, 3, 10], "texture": "#0"},
				"south": {"uv": [2, 0, 4, 2.5], "texture": "#0"},
				"west": {"uv": [3, 7.5, 4, 10], "texture": "#0"},
				"up": {"uv": [11, 1, 9, 0], "texture": "#0"},
				"down": {"uv": [11, 1, 9, 2], "texture": "#0"}
			}
		},
		{
			"from": [6, 15, 7.2],
			"to": [10, 18, 8.8],
			"faces": {
				"north": {"uv": [4, 5, 6, 6.5], "texture": "#0"},
				"east": {"uv": [1, 9, 2, 10.5], "texture": "#0"},
				"south": {"uv": [5.5, 0, 7.5, 1.5], "texture": "#0"},
				"west": {"uv": [9.5, 4, 10.5, 5.5], "texture": "#0"},
				"up": {"uv": [11, 3, 9, 2], "texture": "#0"},
				"down": {"uv": [11, 8, 9, 9], "texture": "#0"}
			}
		},
		{
			"from": [4, 17, 7.2],
			"to": [6, 18, 8.8],
			"faces": {
				"north": {"uv": [2.5, 11.5, 3.5, 12], "texture": "#0"},
				"east": {"uv": [11.5, 2.5, 12.5, 3], "texture": "#0"},
				"south": {"uv": [11.5, 3, 12.5, 3.5], "texture": "#0"},
				"west": {"uv": [11.5, 3.5, 12.5, 4], "texture": "#0"},
				"up": {"uv": [11.5, 10, 10.5, 9], "texture": "#0"},
				"down": {"uv": [1, 11, 0, 12], "texture": "#0"}
			}
		},
		{
			"from": [6, 14, 7.2],
			"to": [7, 15, 8.8],
			"faces": {
				"north": {"uv": [11.5, 11.5, 12, 12], "texture": "#0"},
				"east": {"uv": [11.5, 4, 12.5, 4.5], "texture": "#0"},
				"south": {"uv": [0, 12, 0.5, 12.5], "texture": "#0"},
				"west": {"uv": [4.5, 11.5, 5.5, 12], "texture": "#0"},
				"up": {"uv": [2, 12.5, 1.5, 11.5], "texture": "#0"},
				"down": {"uv": [4, 11.5, 3.5, 12.5], "texture": "#0"}
			}
		},
		{
			"from": [10, 12, 7.3],
			"to": [12, 17, 8.7],
			"faces": {
				"north": {"uv": [4, 7.5, 5, 10], "texture": "#0"},
				"east": {"uv": [9.5, 5.5, 10, 8], "texture": "#0"},
				"south": {"uv": [5, 7.5, 6, 10], "texture": "#0"},
				"west": {"uv": [6, 9.5, 6.5, 12], "texture": "#0"},
				"up": {"uv": [12.5, 5, 11.5, 4.5], "texture": "#0"},
				"down": {"uv": [7.5, 11.5, 6.5, 12], "texture": "#0"}
			}
		},
		{
			"from": [9, 11, 7.4],
			"to": [12, 12, 8.6],
			"faces": {
				"north": {"uv": [11, 7, 12.5, 7.5], "texture": "#0"},
				"east": {"uv": [0.5, 12, 1, 12.5], "texture": "#0"},
				"south": {"uv": [8, 11, 9.5, 11.5], "texture": "#0"},
				"west": {"uv": [2.5, 12, 3, 12.5], "texture": "#0"},
				"up": {"uv": [12.5, 8.5, 11, 8], "texture": "#0"},
				"down": {"uv": [12.5, 8.5, 11, 9], "texture": "#0"}
			}
		},
		{
			"from": [11, 17, 7.4],
			"to": [12, 19, 8.6],
			"faces": {
				"north": {"uv": [5.5, 11.5, 6, 12.5], "texture": "#0"},
				"east": {"uv": [8, 11.5, 8.5, 12.5], "texture": "#0"},
				"south": {"uv": [8.5, 11.5, 9, 12.5], "texture": "#0"},
				"west": {"uv": [9, 11.5, 9.5, 12.5], "texture": "#0"},
				"up": {"uv": [3.5, 12.5, 3, 12], "texture": "#0"},
				"down": {"uv": [5, 12, 4.5, 12.5], "texture": "#0"}
			}
		},
		{
			"from": [10, 10, 7.5],
			"to": [12, 11, 8.5],
			"faces": {
				"north": {"uv": [11.5, 7.5, 12.5, 8], "texture": "#0"},
				"east": {"uv": [5, 12, 5.5, 12.5], "texture": "#0"},
				"south": {"uv": [11.5, 9, 12.5, 9.5], "texture": "#0"},
				"west": {"uv": [12, 5, 12.5, 5.5], "texture": "#0"},
				"up": {"uv": [12.5, 10, 11.5, 9.5], "texture": "#0"},
				"down": {"uv": [12.5, 10, 11.5, 10.5], "texture": "#0"}
			}
		},
		{
			"from": [11, 9, 7.6],
			"to": [12, 10, 8.4],
			"faces": {
				"north": {"uv": [6, 12, 6.5, 12.5], "texture": "#0"},
				"east": {"uv": [6.5, 12, 7, 12.5], "texture": "#0"},
				"south": {"uv": [7, 12, 7.5, 12.5], "texture": "#0"},
				"west": {"uv": [7.5, 12, 8, 12.5], "texture": "#0"},
				"up": {"uv": [10, 12.5, 9.5, 12], "texture": "#0"},
				"down": {"uv": [10.5, 12, 10, 12.5], "texture": "#0"}
			}
		}
	],
	"gui_light": "front",
	"display": {
		"thirdperson_righthand": {
			"rotation": [0, 90, 0],
			"translation": [0, 6.5, 1.5]
		},
		"thirdperson_lefthand": {
			"rotation": [0, -90, 0],
			"translation": [0, 6.5, 1.5]
		},
		"firstperson_righthand": {
			"rotation": [11, 90, 0],
			"translation": [0, 4.5, -2.5]
		},
		"firstperson_lefthand": {
			"rotation": [11, -90, 0],
			"translation": [0, 4.5, -2.5]
		},
		"ground": {
			"translation": [0, 10.75, 0]
		},
		"gui": {
			"rotation": [0, 0, -45],
			"scale": [0.8, 0.7, 1]
		},
		"fixed": {
			"translation": [0, 1.75, 0]
		}
	}
}