{
	"credit": "Made with Blockbench",
	"texture_size": [32, 32],
	"textures": {
		"0": "item/heatershield",
		"particle": "heatershield"
	},
	"elements": [
		{
			"from": [5, -2, 7],
			"to": [11, 4, 9],
			"rotation": {"angle": 0, "axis": "y", "origin": [8, 1, 8]},
			"faces": {
				"north": {"uv": [6, 0, 9, 3], "texture": "#0"},
				"east": {"uv": [6, 8, 7, 11], "texture": "#0"},
				"south": {"uv": [6, 3, 9, 6], "texture": "#0"},
				"west": {"uv": [7, 8, 8, 11], "texture": "#0"},
				"up": {"uv": [11, 9, 8, 8], "texture": "#0"},
				"down": {"uv": [12, 0, 9, 1], "texture": "#0"}
			}
		},
		{
			"from": [11, -4, 2],
			"to": [12, 8, 14],
			"rotation": {"angle": 0, "axis": "y", "origin": [11, 0, 7]},
			"faces": {
				"north": {"uv": [8, 9, 8.5, 15], "texture": "#0"},
				"east": {"uv": [0, 0, 6, 6], "texture": "#0"},
				"south": {"uv": [8.5, 9, 9, 15], "texture": "#0"},
				"west": {"uv": [0, 6, 6, 12], "texture": "#0"},
				"up": {"uv": [9.5, 15, 9, 9], "texture": "#0"},
				"down": {"uv": [10, 9, 9.5, 15], "texture": "#0"}
			}
		},
		{
			"from": [11, -6, 3],
			"to": [12, -4, 13],
			"rotation": {"angle": 0, "axis": "y", "origin": [11, -12, 7]},
			"faces": {
				"north": {"uv": [10.5, 5, 11, 6], "texture": "#0"},
				"east": {"uv": [6, 6, 11, 7], "texture": "#0"},
				"south": {"uv": [11, 3, 11.5, 4], "texture": "#0"},
				"west": {"uv": [6, 7, 11, 8], "texture": "#0"},
				"up": {"uv": [9.5, 6, 9, 1], "texture": "#0"},
				"down": {"uv": [10, 1, 9.5, 6], "texture": "#0"}
			}
		},
		{
			"from": [11, -7, 4],
			"to": [12, -6, 12],
			"rotation": {"angle": 0, "axis": "y", "origin": [11, -14, 7]},
			"faces": {
				"north": {"uv": [11, 4, 11.5, 4.5], "texture": "#0"},
				"east": {"uv": [10, 1, 14, 1.5], "texture": "#0"},
				"south": {"uv": [11, 4.5, 11.5, 5], "texture": "#0"},
				"west": {"uv": [10, 1.5, 14, 2], "texture": "#0"},
				"up": {"uv": [10.5, 6, 10, 2], "texture": "#0"},
				"down": {"uv": [10.5, 9, 10, 13], "texture": "#0"}
			}
		},
		{
			"from": [11, -8, 6],
			"to": [12, -7, 10],
			"rotation": {"angle": 0, "axis": "y", "origin": [11, -15, 7]},
			"faces": {
				"north": {"uv": [11, 5, 11.5, 5.5], "texture": "#0"},
				"east": {"uv": [10.5, 2, 12.5, 2.5], "texture": "#0"},
				"south": {"uv": [11, 5.5, 11.5, 6], "texture": "#0"},
				"west": {"uv": [10.5, 2.5, 12.5, 3], "texture": "#0"},
				"up": {"uv": [11, 5, 10.5, 3], "texture": "#0"},
				"down": {"uv": [11, 9, 10.5, 11], "texture": "#0"}
			}
		}
	],
	"gui_light": "front",
	"display": {
		"thirdperson_righthand": {
			"translation": [0, 5, 4]
		},
		"thirdperson_lefthand": {
			"rotation": [0, -180, 0],
			"translation": [0, 5, 4]
		},
		"firstperson_righthand": {
			"rotation": [0, 75, 0],
			"translation": [1.5, 3.5, 3.5]
		},
		"firstperson_lefthand": {
			"rotation": [0, -105, 0],
			"translation": [1.5, 3.5, 3.5]
		},
		"ground": {
			"translation": [0, 6.25, 0],
			"scale": [0.5, 0.5, 0.5]
		},
		"gui": {
			"rotation": [-12, -102, 0],
			"translation": [0.75, 5.5, 0],
			"scale": [0.8, 0.8, 0.8]
		},
		"fixed": {
			"rotation": [0, 90, 0],
			"translation": [0, 7.75, 4]
		}
	}
}