{
	"credit": "Made with Blockbench",
	"texture_size": [128, 128],
	"textures": {
		"0": "item/hoglinshield",
		"particle": "hoglinshield"
	},
	"elements": [
		{
			"from": [7, 0, 1],
			"to": [13, 10, 15],
			"rotation": {"angle": 0, "axis": "z", "origin": [10, 10, 8]},
			"faces": {
				"north": {"uv": [5.75, 1.875, 6.5, 3.125], "texture": "#0"},
				"east": {"uv": [3.5, 2.75, 5.25, 4], "texture": "#0"},
				"south": {"uv": [5.75, 3.125, 6.5, 4.375], "texture": "#0"},
				"west": {"uv": [3.5, 4, 5.25, 5.25], "texture": "#0"},
				"up": {"uv": [4, 7, 3.25, 5.25], "texture": "#0"},
				"down": {"uv": [4.75, 5.25, 4, 7], "texture": "#0"}
			}
		},
		{
			"from": [7, 12, 1],
			"to": [13, 20, 15],
			"rotation": {"angle": 0, "axis": "z", "origin": [10, 20, 8]},
			"faces": {
				"north": {"uv": [6.25, 0.875, 7, 1.875], "texture": "#0"},
				"east": {"uv": [4.5, 0.875, 6.25, 1.875], "texture": "#0"},
				"south": {"uv": [6.25, 4.375, 7, 5.375], "texture": "#0"},
				"west": {"uv": [0, 5.25, 1.75, 6.25], "texture": "#0"},
				"up": {"uv": [5.5, 7, 4.75, 5.25], "texture": "#0"},
				"down": {"uv": [6.25, 5.125, 5.5, 6.875], "texture": "#0"}
			}
		},
		{
			"from": [7, 10, 3],
			"to": [13, 12, 13],
			"rotation": {"angle": 0, "axis": "z", "origin": [10, 18, 8]},
			"faces": {
				"north": {"uv": [4.5, 1.875, 5.25, 2.125], "texture": "#0"},
				"east": {"uv": [6.25, 5.375, 7.5, 5.625], "texture": "#0"},
				"south": {"uv": [4.5, 2.125, 5.25, 2.375], "texture": "#0"},
				"west": {"uv": [6.25, 5.625, 7.5, 5.875], "texture": "#0"},
				"up": {"uv": [0.75, 7.5, 0, 6.25], "texture": "#0"},
				"down": {"uv": [1.5, 6.25, 0.75, 7.5], "texture": "#0"}
			}
		},
		{
			"from": [7, 10, 1],
			"to": [11, 12, 3],
			"rotation": {"angle": 0, "axis": "z", "origin": [10, 18, 6]},
			"faces": {
				"north": {"uv": [4.5, 2.375, 5, 2.625], "texture": "#0"},
				"east": {"uv": [5, 2.375, 5.25, 2.625], "texture": "#0"},
				"south": {"uv": [6.5, 3.125, 7, 3.375], "texture": "#0"},
				"west": {"uv": [3.25, 5, 3.5, 5.25], "texture": "#0"},
				"up": {"uv": [7, 3.625, 6.5, 3.375], "texture": "#0"},
				"down": {"uv": [7, 3.625, 6.5, 3.875], "texture": "#0"}
			}
		},
		{
			"from": [7, 10, 13],
			"to": [11, 12, 15],
			"rotation": {"angle": 0, "axis": "z", "origin": [10, 18, 18]},
			"faces": {
				"north": {"uv": [6.5, 3.875, 7, 4.125], "texture": "#0"},
				"east": {"uv": [6, 6.875, 6.25, 7.125], "texture": "#0"},
				"south": {"uv": [6.5, 4.125, 7, 4.375], "texture": "#0"},
				"west": {"uv": [7, 0.75, 7.25, 1], "texture": "#0"},
				"up": {"uv": [7.25, 0.25, 6.75, 0], "texture": "#0"},
				"down": {"uv": [7.25, 0.25, 6.75, 0.5], "texture": "#0"}
			}
		},
		{
			"from": [9, 6, 0],
			"to": [18, 8, 2],
			"rotation": {"angle": 0, "axis": "z", "origin": [10, 10, -5]},
			"faces": {
				"north": {"uv": [6.25, 5.875, 7.375, 6.125], "texture": "#0"},
				"east": {"uv": [7, 1, 7.25, 1.25], "texture": "#0"},
				"south": {"uv": [6.25, 6.125, 7.375, 6.375], "texture": "#0"},
				"west": {"uv": [7, 1.25, 7.25, 1.5], "texture": "#0"},
				"up": {"uv": [7.375, 6.625, 6.25, 6.375], "texture": "#0"},
				"down": {"uv": [7.625, 1.875, 6.5, 2.125], "texture": "#0"}
			}
		},
		{
			"from": [9, 6, 14],
			"to": [18, 8, 16],
			"rotation": {"angle": 0, "axis": "z", "origin": [10, 10, 9]},
			"faces": {
				"north": {"uv": [6.5, 2.125, 7.625, 2.375], "texture": "#0"},
				"east": {"uv": [7, 1.5, 7.25, 1.75], "texture": "#0"},
				"south": {"uv": [6.5, 2.375, 7.625, 2.625], "texture": "#0"},
				"west": {"uv": [7, 3.125, 7.25, 3.375], "texture": "#0"},
				"up": {"uv": [7.625, 2.875, 6.5, 2.625], "texture": "#0"},
				"down": {"uv": [7.625, 2.875, 6.5, 3.125], "texture": "#0"}
			}
		},
		{
			"from": [6, -1, -1],
			"to": [7, 21, 17],
			"rotation": {"angle": 0, "axis": "y", "origin": [5, 0, 8]},
			"faces": {
				"north": {"uv": [1.5, 6.25, 1.625, 9], "texture": "#0"},
				"east": {"uv": [0, 0, 2.25, 2.75], "texture": "#0"},
				"south": {"uv": [1.625, 6.25, 1.75, 9], "texture": "#0"},
				"west": {"uv": [2.25, 0, 4.5, 2.75], "texture": "#0"},
				"up": {"uv": [6.375, 8.875, 6.25, 6.625], "texture": "#0"},
				"down": {"uv": [6.5, 6.625, 6.375, 8.875], "texture": "#0"}
			}
		},
		{
			"from": [5, 2, 1],
			"to": [6, 15, 15],
			"rotation": {"angle": 0, "axis": "y", "origin": [4, 0, 8]},
			"faces": {
				"north": {"uv": [6.75, 6.625, 6.875, 8.25], "texture": "#0"},
				"east": {"uv": [0, 2.75, 1.75, 4.375], "texture": "#0"},
				"south": {"uv": [5.5, 6.875, 5.625, 8.5], "texture": "#0"},
				"west": {"uv": [1.75, 2.75, 3.5, 4.375], "texture": "#0"},
				"up": {"uv": [6.625, 8.375, 6.5, 6.625], "texture": "#0"},
				"down": {"uv": [6.75, 6.625, 6.625, 8.375], "texture": "#0"}
			}
		},
		{
			"from": [6.6, -8, -1],
			"to": [6.6, -1, 17],
			"rotation": {"angle": 0, "axis": "y", "origin": [4.6, -7, 8]},
			"faces": {
				"north": {"uv": [0, 0, 0, 0.875], "texture": "#0"},
				"east": {"uv": [0, 4.375, 2.25, 5.25], "texture": "#0"},
				"south": {"uv": [0, 0, 0, 0.875], "texture": "#0"},
				"west": {"uv": [4.5, 0, 6.75, 0.875], "texture": "#0"},
				"up": {"uv": [0, 2.25, 0, 0], "texture": "#0"},
				"down": {"uv": [0, 0, 0, 2.25], "texture": "#0"}
			}
		},
		{
			"from": [5.6, -6, 16],
			"to": [5.6, 20, 20],
			"rotation": {"angle": -22.5, "axis": "y", "origin": [5.6, 9.5, 18]},
			"faces": {
				"north": {"uv": [0, 0, 0, 3.25], "texture": "#0"},
				"east": {"uv": [2.25, 4.375, 2.75, 7.625], "texture": "#0"},
				"south": {"uv": [0, 0, 0, 3.25], "texture": "#0"},
				"west": {"uv": [2.75, 4.375, 3.25, 7.625], "texture": "#0"},
				"up": {"uv": [0, 0.5, 0, 0], "texture": "#0"},
				"down": {"uv": [0, 0, 0, 0.5], "texture": "#0"}
			}
		},
		{
			"from": [5.6, -6, -4],
			"to": [5.6, 20, 0],
			"rotation": {"angle": 22.5, "axis": "y", "origin": [5.6, 9.5, -2]},
			"faces": {
				"north": {"uv": [0, 0, 0, 3.25], "texture": "#0"},
				"east": {"uv": [1.75, 5.25, 2.25, 8.5], "texture": "#0"},
				"south": {"uv": [0, 0, 0, 3.25], "texture": "#0"},
				"west": {"uv": [5.25, 1.875, 5.75, 5.125], "texture": "#0"},
				"up": {"uv": [0, 0.5, 0, 0], "texture": "#0"},
				"down": {"uv": [0, 0, 0, 0.5], "texture": "#0"}
			}
		},
		{
			"from": [1, 6, 7],
			"to": [2, 11, 9],
			"rotation": {"angle": 0, "axis": "y", "origin": [1, 8, 7]},
			"faces": {
				"north": {"uv": [6, 4.375, 6.125, 5], "texture": "#0"},
				"east": {"uv": [3.25, 4.375, 3.5, 5], "texture": "#0"},
				"south": {"uv": [6.125, 4.375, 6.25, 5], "texture": "#0"},
				"west": {"uv": [5.75, 4.375, 6, 5], "texture": "#0"},
				"up": {"uv": [3.375, 7.25, 3.25, 7], "texture": "#0"},
				"down": {"uv": [3.5, 7, 3.375, 7.25], "texture": "#0"}
			}
		},
		{
			"from": [2, 10, 7],
			"to": [5, 11, 9],
			"rotation": {"angle": 0, "axis": "y", "origin": [2, 8, 7]},
			"faces": {
				"north": {"uv": [4.5, 2.625, 4.875, 2.75], "texture": "#0"},
				"east": {"uv": [5.25, 5.125, 5.5, 5.25], "texture": "#0"},
				"south": {"uv": [4.875, 2.625, 5.25, 2.75], "texture": "#0"},
				"west": {"uv": [6.75, 0.75, 7, 0.875], "texture": "#0"},
				"up": {"uv": [7.125, 0.75, 6.75, 0.5], "texture": "#0"},
				"down": {"uv": [6, 6.875, 5.625, 7.125], "texture": "#0"}
			}
		},
		{
			"from": [2, 6, 7],
			"to": [5, 7, 9],
			"rotation": {"angle": 0, "axis": "y", "origin": [2, 4, 7]},
			"faces": {
				"north": {"uv": [5.75, 5, 6.125, 5.125], "texture": "#0"},
				"east": {"uv": [7, 3.375, 7.25, 3.5], "texture": "#0"},
				"south": {"uv": [7, 1.75, 7.375, 1.875], "texture": "#0"},
				"west": {"uv": [3.5, 7, 3.75, 7.125], "texture": "#0"},
				"up": {"uv": [7.25, 6.875, 6.875, 6.625], "texture": "#0"},
				"down": {"uv": [7.25, 6.875, 6.875, 7.125], "texture": "#0"}
			}
		}
	],
	"gui_light": "front",
	"display": {
		"thirdperson_righthand": {
			"translation": [4.75, -1.75, 1.5],
			"scale": [0.8, 0.8, 0.8]
		},
		"thirdperson_lefthand": {
			"rotation": [0, -180, 0],
			"translation": [4.75, -1.75, 1.5],
			"scale": [0.8, 0.8, 0.8]
		},
		"firstperson_righthand": {
			"rotation": [0, 74, 0],
			"translation": [2.5, -5.5, 1.5],
			"scale": [0.8, 0.8, 0.8]
		},
		"firstperson_lefthand": {
			"rotation": [0, -105, 0],
			"translation": [2.5, -5.5, 1.5],
			"scale": [0.8, 0.8, 0.8]
		},
		"ground": {
			"translation": [0, 7, 0],
			"scale": [0.6, 0.6, 0.6]
		},
		"gui": {
			"rotation": [-145.6, -66.58, -144.11],
			"translation": [-0.5, 0, 0],
			"scale": [0.5, 0.5, 0.5]
		},
		"fixed": {
			"rotation": [0, 90, 0],
			"translation": [0, -1.25, -0.75]
		}
	}
}