{
	"credit": "Made with Blockbench",
	"texture_size": [32, 32],
	"textures": {
		"0": "item/iceaxe",
		"particle": "iceaxe"
	},
	"elements": [
		{
			"from": [7.35, -4, 7.4],
			"to": [8.6, 13, 8.65],
			"rotation": {"angle": 0, "axis": "y", "origin": [6.6, 0, 7.4]},
			"faces": {
				"north": {"uv": [0, 0, 0.75, 8.5], "texture": "#0"},
				"east": {"uv": [1, 0, 1.75, 8.5], "texture": "#0"},
				"south": {"uv": [2, 0, 2.75, 8.5], "texture": "#0"},
				"west": {"uv": [3, 0, 3.75, 8.5], "texture": "#0"},
				"up": {"uv": [2.75, 9.25, 2, 8.5], "texture": "#0"},
				"down": {"uv": [3.75, 8.5, 3, 9.25], "texture": "#0"}
			}
		},
		{
			"from": [7.35, 18, 7.4],
			"to": [8.6, 19, 8.65],
			"rotation": {"angle": 0, "axis": "y", "origin": [6.6, 6, 7.4]},
			"faces": {
				"north": {"uv": [9.5, 4, 10.25, 4.5], "texture": "#0"},
				"east": {"uv": [9.5, 4.5, 10.25, 5], "texture": "#0"},
				"south": {"uv": [9.5, 5, 10.25, 5.5], "texture": "#0"},
				"west": {"uv": [9.5, 5.5, 10.25, 6], "texture": "#0"},
				"up": {"uv": [9.25, 3.75, 8.5, 3], "texture": "#0"},
				"down": {"uv": [9.25, 4, 8.5, 4.75], "texture": "#0"}
			}
		},
		{
			"from": [7.35, -9, 7.4],
			"to": [8.6, -8, 8.65],
			"rotation": {"angle": 0, "axis": "y", "origin": [6.6, -21, 7.4]},
			"faces": {
				"north": {"uv": [6, 9.5, 6.75, 10], "texture": "#0"},
				"east": {"uv": [9.5, 6, 10.25, 6.5], "texture": "#0"},
				"south": {"uv": [9.5, 6.5, 10.25, 7], "texture": "#0"},
				"west": {"uv": [7, 9.5, 7.75, 10], "texture": "#0"},
				"up": {"uv": [9.25, 5.75, 8.5, 5], "texture": "#0"},
				"down": {"uv": [9.25, 6, 8.5, 6.75], "texture": "#0"}
			}
		},
		{
			"from": [7.45, 13, 7.5],
			"to": [8.5, 24, 8.55],
			"rotation": {"angle": 0, "axis": "y", "origin": [6.6, 11, 7.4]},
			"faces": {
				"north": {"uv": [4, 0, 4.5, 5.5], "texture": "#0"},
				"east": {"uv": [4.5, 0, 5, 5.5], "texture": "#0"},
				"south": {"uv": [5, 0, 5.5, 5.5], "texture": "#0"},
				"west": {"uv": [5.5, 0, 6, 5.5], "texture": "#0"},
				"up": {"uv": [9, 8.5, 8.5, 8], "texture": "#0"},
				"down": {"uv": [10.5, 3, 10, 3.5], "texture": "#0"}
			}
		},
		{
			"from": [7.45, -14, 7.5],
			"to": [8.5, -4, 8.55],
			"rotation": {"angle": 0, "axis": "y", "origin": [6.6, -17, 7.4]},
			"faces": {
				"north": {"uv": [4, 5.5, 4.5, 10.5], "texture": "#0"},
				"east": {"uv": [4.5, 5.5, 5, 10.5], "texture": "#0"},
				"south": {"uv": [5, 5.5, 5.5, 10.5], "texture": "#0"},
				"west": {"uv": [5.5, 5.5, 6, 10.5], "texture": "#0"},
				"up": {"uv": [10.5, 4, 10, 3.5], "texture": "#0"},
				"down": {"uv": [7, 10, 6.5, 10.5], "texture": "#0"}
			}
		},
		{
			"from": [7.35, -16, 7.4],
			"to": [8.6, -14, 8.65],
			"rotation": {"angle": 0, "axis": "y", "origin": [6.7, -18, 7.4]},
			"faces": {
				"north": {"uv": [7.5, 7.5, 8.25, 8.5], "texture": "#0"},
				"east": {"uv": [8, 0, 8.75, 1], "texture": "#0"},
				"south": {"uv": [8, 1, 8.75, 2], "texture": "#0"},
				"west": {"uv": [8, 2, 8.75, 3], "texture": "#0"},
				"up": {"uv": [7.75, 9.25, 7, 8.5], "texture": "#0"},
				"down": {"uv": [9.25, 7, 8.5, 7.75], "texture": "#0"}
			}
		},
		{
			"from": [7.35, 24, 7.4],
			"to": [8.6, 29, 8.65],
			"rotation": {"angle": 0, "axis": "y", "origin": [6.6, 8, 7.4]},
			"faces": {
				"north": {"uv": [6, 0, 6.75, 2.5], "texture": "#0"},
				"east": {"uv": [6, 2.5, 6.75, 5], "texture": "#0"},
				"south": {"uv": [6, 5, 6.75, 7.5], "texture": "#0"},
				"west": {"uv": [7, 0, 7.75, 2.5], "texture": "#0"},
				"up": {"uv": [8.75, 9.25, 8, 8.5], "texture": "#0"},
				"down": {"uv": [9.75, 0, 9, 0.75], "texture": "#0"}
			}
		},
		{
			"from": [10.45, 24.1, 7.875],
			"to": [11.4, 29.2, 8.175],
			"rotation": {"angle": 0, "axis": "y", "origin": [9.6, 8, 7.275]},
			"faces": {
				"north": {"uv": [7.5, 2.5, 8, 5], "texture": "#0"},
				"east": {"uv": [0.5, 8.5, 0.75, 11], "texture": "#0"},
				"south": {"uv": [7.5, 5, 8, 7.5], "texture": "#0"},
				"west": {"uv": [1, 8.5, 1.25, 11], "texture": "#0"},
				"up": {"uv": [11, 0.75, 10.5, 0.5], "texture": "#0"},
				"down": {"uv": [11, 1, 10.5, 1.25], "texture": "#0"}
			}
		},
		{
			"from": [5.25, 25.8, 7.875],
			"to": [5.8, 28.7, 8.175],
			"rotation": {"angle": 0, "axis": "y", "origin": [4, 8, 7.275]},
			"faces": {
				"north": {"uv": [9.5, 7, 9.75, 8.5], "texture": "#0"},
				"east": {"uv": [8, 9.5, 8.25, 11], "texture": "#0"},
				"south": {"uv": [8.5, 9.5, 8.75, 11], "texture": "#0"},
				"west": {"uv": [9.5, 8.5, 9.75, 10], "texture": "#0"},
				"up": {"uv": [10.75, 6.25, 10.5, 6], "texture": "#0"},
				"down": {"uv": [6.75, 10.5, 6.5, 10.75], "texture": "#0"}
			}
		},
		{
			"from": [10.8, 23.8, 7.95],
			"to": [11.75, 29.5, 8.1],
			"rotation": {"angle": 0, "axis": "y", "origin": [10.65, 8, 7.275]},
			"faces": {
				"north": {"uv": [7, 2.5, 7.5, 5.25], "texture": "#0"},
				"east": {"uv": [8, 3, 8.25, 5.75], "texture": "#0"},
				"south": {"uv": [7, 5.5, 7.5, 8.25], "texture": "#0"},
				"west": {"uv": [0, 8.5, 0.25, 11.25], "texture": "#0"},
				"up": {"uv": [11, 1.75, 10.5, 1.5], "texture": "#0"},
				"down": {"uv": [3, 10.5, 2.5, 10.75], "texture": "#0"}
			}
		},
		{
			"from": [9.6, 25, 7.775],
			"to": [10.45, 28.8, 8.275],
			"rotation": {"angle": 0, "axis": "y", "origin": [8.45, 8, 7.275]},
			"faces": {
				"north": {"uv": [6, 7.5, 6.5, 9.5], "texture": "#0"},
				"east": {"uv": [9, 8, 9.25, 10], "texture": "#0"},
				"south": {"uv": [6.5, 7.5, 7, 9.5], "texture": "#0"},
				"west": {"uv": [2, 9.5, 2.25, 11.5], "texture": "#0"},
				"up": {"uv": [3.5, 10.75, 3, 10.5], "texture": "#0"},
				"down": {"uv": [11, 3, 10.5, 3.25], "texture": "#0"}
			}
		},
		{
			"from": [5.7, 26.3, 7.775],
			"to": [6.55, 28.5, 8.275],
			"rotation": {"angle": 0, "axis": "y", "origin": [4.55, 8, 7.275]},
			"faces": {
				"north": {"uv": [2.5, 9.5, 3, 10.5], "texture": "#0"},
				"east": {"uv": [7, 10, 7.25, 11], "texture": "#0"},
				"south": {"uv": [3, 9.5, 3.5, 10.5], "texture": "#0"},
				"west": {"uv": [10, 7, 10.25, 8], "texture": "#0"},
				"up": {"uv": [4, 10.75, 3.5, 10.5], "texture": "#0"},
				"down": {"uv": [11, 3.5, 10.5, 3.75], "texture": "#0"}
			}
		},
		{
			"from": [8.55, 25.9, 7.775],
			"to": [9.6, 28.4, 8.275],
			"rotation": {"angle": 0, "axis": "y", "origin": [7.5, 8, 7.275]},
			"faces": {
				"north": {"uv": [8, 6, 8.5, 7.25], "texture": "#0"},
				"east": {"uv": [1.5, 10, 1.75, 11.25], "texture": "#0"},
				"south": {"uv": [1.5, 8.5, 2, 9.75], "texture": "#0"},
				"west": {"uv": [6, 10, 6.25, 11.25], "texture": "#0"},
				"up": {"uv": [4.5, 10.75, 4, 10.5], "texture": "#0"},
				"down": {"uv": [11, 4, 10.5, 4.25], "texture": "#0"}
			}
		},
		{
			"from": [6.55, 26.6, 7.775],
			"to": [7.6, 28.4, 8.275],
			"rotation": {"angle": 0, "axis": "y", "origin": [5.5, 8, 7.275]},
			"faces": {
				"north": {"uv": [9.5, 3, 10, 4], "texture": "#0"},
				"east": {"uv": [7.5, 10, 7.75, 11], "texture": "#0"},
				"south": {"uv": [3.5, 9.5, 4, 10.5], "texture": "#0"},
				"west": {"uv": [10, 8, 10.25, 9], "texture": "#0"},
				"up": {"uv": [5, 10.75, 4.5, 10.5], "texture": "#0"},
				"down": {"uv": [11, 4.5, 10.5, 4.75], "texture": "#0"}
			}
		},
		{
			"from": [7.35, 29.6, 7.65],
			"to": [8.6, 31.25, 8.4],
			"rotation": {"angle": 0, "axis": "y", "origin": [6.6, 11, 7.4]},
			"faces": {
				"north": {"uv": [9, 1, 9.75, 1.75], "texture": "#0"},
				"east": {"uv": [10, 0, 10.5, 0.75], "texture": "#0"},
				"south": {"uv": [9, 2, 9.75, 2.75], "texture": "#0"},
				"west": {"uv": [10, 1, 10.5, 1.75], "texture": "#0"},
				"up": {"uv": [10.75, 2.5, 10, 2], "texture": "#0"},
				"down": {"uv": [10.75, 2.5, 10, 3], "texture": "#0"}
			}
		},
		{
			"from": [7.45, 29, 7.75],
			"to": [8.5, 29.65, 8.3],
			"rotation": {"angle": 0, "axis": "y", "origin": [6.6, 10.4, 7.4]},
			"faces": {
				"north": {"uv": [5, 10.5, 5.5, 10.75], "texture": "#0"},
				"east": {"uv": [10.5, 6.5, 10.75, 6.75], "texture": "#0"},
				"south": {"uv": [10.5, 5, 11, 5.25], "texture": "#0"},
				"west": {"uv": [10.5, 7, 10.75, 7.25], "texture": "#0"},
				"up": {"uv": [6, 10.75, 5.5, 10.5], "texture": "#0"},
				"down": {"uv": [11, 5.5, 10.5, 5.75], "texture": "#0"}
			}
		},
		{
			"from": [7.6, 31.25, 7.65],
			"to": [8.35, 32, 8.4],
			"rotation": {"angle": 0, "axis": "y", "origin": [6.6, 11.75, 7.4]},
			"faces": {
				"north": {"uv": [9, 10, 9.5, 10.5], "texture": "#0"},
				"east": {"uv": [10, 9, 10.5, 9.5], "texture": "#0"},
				"south": {"uv": [9.5, 10, 10, 10.5], "texture": "#0"},
				"west": {"uv": [10, 9.5, 10.5, 10], "texture": "#0"},
				"up": {"uv": [10.5, 10.5, 10, 10], "texture": "#0"},
				"down": {"uv": [11, 0, 10.5, 0.5], "texture": "#0"}
			}
		}
	],
	"gui_light": "front",
	"display": {
		"thirdperson_righthand": {
			"rotation": [0, 90, 0],
			"translation": [-0.5, 2, 1],
			"scale": [1, 0.9, 0.9]
		},
		"thirdperson_lefthand": {
			"rotation": [0, -90, 0],
			"translation": [-0.5, 2, 1],
			"scale": [1, 0.9, 0.9]
		},
		"firstperson_righthand": {
			"rotation": [0, 90, 9],
			"translation": [2.75, -3.25, -3.25],
			"scale": [1, 0.9, 0.9]
		},
		"firstperson_lefthand": {
			"rotation": [0, -90, -9],
			"translation": [2.75, -3.25, -3.25],
			"scale": [1, 0.9, 0.9]
		},
		"ground": {
			"translation": [0, 15.75, 0],
			"scale": [0.8, 0.8, 0.8]
		},
		"gui": {
			"rotation": [0, 0, -45],
			"translation": [-0.25, 0, 0],
			"scale": [0.6, 0.4, 1]
		}
	}
}