{
	"credit": "Made with Blockbench",
	"texture_size": [32, 32],
	"textures": {
		"0": "item/icesword",
		"particle": "icesword"
	},
	"elements": [
		{
			"from": [7, -7, 7],
			"to": [8.5, 2, 8.5],
			"faces": {
				"north": {"uv": [3, 5, 4, 9.5], "texture": "#0"},
				"east": {"uv": [4, 5, 5, 9.5], "texture": "#0"},
				"south": {"uv": [5, 5, 6, 9.5], "texture": "#0"},
				"west": {"uv": [5.5, 0, 6.5, 4.5], "texture": "#0"},
				"up": {"uv": [11.5, 11, 10.5, 10], "texture": "#0"},
				"down": {"uv": [1, 11, 0, 12], "texture": "#0"}
			}
		},
		{
			"from": [6.5, 2, 7.5],
			"to": [9, 16, 8],
			"faces": {
				"north": {"uv": [0, 0, 1.5, 7], "texture": "#0"},
				"east": {"uv": [6, 6.5, 6.5, 13.5], "texture": "#0"},
				"south": {"uv": [1.5, 0, 3, 7], "texture": "#0"},
				"west": {"uv": [6.5, 6.5, 7, 13.5], "texture": "#0"},
				"up": {"uv": [12.5, 5.5, 11, 5], "texture": "#0"},
				"down": {"uv": [12.5, 5.5, 11, 6], "texture": "#0"}
			}
		},
		{
			"from": [9.5, 2, 7.5],
			"to": [11, 7, 8],
			"faces": {
				"north": {"uv": [0, 7, 1, 9.5], "texture": "#0"},
				"east": {"uv": [10, 9, 10.5, 11.5], "texture": "#0"},
				"south": {"uv": [1, 7, 2, 9.5], "texture": "#0"},
				"west": {"uv": [10.5, 4, 11, 6.5], "texture": "#0"},
				"up": {"uv": [8, 9.5, 7, 9], "texture": "#0"},
				"down": {"uv": [10.5, 4, 9.5, 4.5], "texture": "#0"}
			}
		},
		{
			"from": [13, 2, 7.5],
			"to": [14, 5, 8],
			"rotation": {"angle": -45, "axis": "z", "origin": [12.25, 4.5, 7.75]},
			"faces": {
				"north": {"uv": [8.5, 10.5, 9, 12], "texture": "#0"},
				"east": {"uv": [5, 11, 5.5, 12.5], "texture": "#0"},
				"south": {"uv": [5.5, 11, 6, 12.5], "texture": "#0"},
				"west": {"uv": [11, 7.5, 11.5, 9], "texture": "#0"},
				"up": {"uv": [6, 5, 5.5, 4.5], "texture": "#0"},
				"down": {"uv": [10, 9, 9.5, 9.5], "texture": "#0"}
			}
		},
		{
			"from": [13.25, 5, 7.5],
			"to": [13.75, 7, 8],
			"rotation": {"angle": -45, "axis": "z", "origin": [12.25, 4.5, 7.75]},
			"faces": {
				"north": {"uv": [4.5, 11.5, 5, 12.5], "texture": "#0"},
				"east": {"uv": [11.5, 6.5, 12, 7.5], "texture": "#0"},
				"south": {"uv": [11.5, 7.5, 12, 8.5], "texture": "#0"},
				"west": {"uv": [11.5, 9.5, 12, 10.5], "texture": "#0"},
				"up": {"uv": [11.5, 10, 11, 9.5], "texture": "#0"},
				"down": {"uv": [13, 0.5, 12.5, 1], "texture": "#0"}
			}
		},
		{
			"from": [4.5, 2, 7.5],
			"to": [6, 7, 8],
			"faces": {
				"north": {"uv": [2, 7, 3, 9.5], "texture": "#0"},
				"east": {"uv": [7, 10.5, 7.5, 13], "texture": "#0"},
				"south": {"uv": [7, 6.5, 8, 9], "texture": "#0"},
				"west": {"uv": [7.5, 10.5, 8, 13], "texture": "#0"},
				"up": {"uv": [12.5, 2, 11.5, 1.5], "texture": "#0"},
				"down": {"uv": [12.5, 8.5, 11.5, 9], "texture": "#0"}
			}
		},
		{
			"from": [1.4, 1.75, 7.5],
			"to": [2.4, 4.75, 8],
			"rotation": {"angle": 45, "axis": "z", "origin": [3, 4.5, 7.75]},
			"faces": {
				"north": {"uv": [9, 11, 9.5, 12.5], "texture": "#0"},
				"east": {"uv": [9.5, 11, 10, 12.5], "texture": "#0"},
				"south": {"uv": [10.5, 11, 11, 12.5], "texture": "#0"},
				"west": {"uv": [11, 11, 11.5, 12.5], "texture": "#0"},
				"up": {"uv": [13, 3, 12.5, 2.5], "texture": "#0"},
				"down": {"uv": [5.5, 12.5, 5, 13], "texture": "#0"}
			}
		},
		{
			"from": [1.65, 4.75, 7.5],
			"to": [2.15, 6.75, 8],
			"rotation": {"angle": 45, "axis": "z", "origin": [3, 4.5, 7.75]},
			"faces": {
				"north": {"uv": [10, 11.5, 10.5, 12.5], "texture": "#0"},
				"east": {"uv": [11.5, 10.5, 12, 11.5], "texture": "#0"},
				"south": {"uv": [11.5, 11.5, 12, 12.5], "texture": "#0"},
				"west": {"uv": [0, 12, 0.5, 13], "texture": "#0"},
				"up": {"uv": [13, 5.5, 12.5, 5], "texture": "#0"},
				"down": {"uv": [6, 12.5, 5.5, 13], "texture": "#0"}
			}
		},
		{
			"from": [4.88, 7, 7.5],
			"to": [5.63, 9, 8],
			"faces": {
				"north": {"uv": [12, 0, 12.5, 1], "texture": "#0"},
				"east": {"uv": [0.5, 12, 1, 13], "texture": "#0"},
				"south": {"uv": [12, 6.5, 12.5, 7.5], "texture": "#0"},
				"west": {"uv": [12, 7.5, 12.5, 8.5], "texture": "#0"},
				"up": {"uv": [13, 6, 12.5, 5.5], "texture": "#0"},
				"down": {"uv": [13, 6, 12.5, 6.5], "texture": "#0"}
			}
		},
		{
			"from": [9.88, 7, 7.5],
			"to": [10.63, 9, 8],
			"faces": {
				"north": {"uv": [8.5, 12, 9, 13], "texture": "#0"},
				"east": {"uv": [12, 9.5, 12.5, 10.5], "texture": "#0"},
				"south": {"uv": [12, 10.5, 12.5, 11.5], "texture": "#0"},
				"west": {"uv": [12, 11.5, 12.5, 12.5], "texture": "#0"},
				"up": {"uv": [13, 7, 12.5, 6.5], "texture": "#0"},
				"down": {"uv": [13, 7, 12.5, 7.5], "texture": "#0"}
			}
		},
		{
			"from": [6.5, -9, 6.5],
			"to": [9, -6, 9],
			"faces": {
				"north": {"uv": [6.5, 3, 8, 4.5], "texture": "#0"},
				"east": {"uv": [8, 3, 9.5, 4.5], "texture": "#0"},
				"south": {"uv": [8, 6.5, 9.5, 8], "texture": "#0"},
				"west": {"uv": [8, 8, 9.5, 9.5], "texture": "#0"},
				"up": {"uv": [10, 1.5, 8.5, 0], "texture": "#0"},
				"down": {"uv": [10, 1.5, 8.5, 3], "texture": "#0"}
			}
		},
		{
			"from": [6.25, 0.5, 7],
			"to": [9.25, 3.5, 8.5],
			"rotation": {"angle": -45, "axis": "z", "origin": [7.75, 2, 7.75]},
			"faces": {
				"north": {"uv": [0, 9.5, 1.5, 11], "texture": "#0"},
				"east": {"uv": [9.5, 7.5, 10.5, 9], "texture": "#0"},
				"south": {"uv": [1.5, 9.5, 3, 11], "texture": "#0"},
				"west": {"uv": [9, 9.5, 10, 11], "texture": "#0"},
				"up": {"uv": [11.5, 1, 10, 0], "texture": "#0"},
				"down": {"uv": [11.5, 1, 10, 2], "texture": "#0"}
			}
		},
		{
			"from": [3.5, 1.25, 6.75],
			"to": [12, 2.25, 8.75],
			"faces": {
				"north": {"uv": [9.5, 3, 14, 3.5], "texture": "#0"},
				"east": {"uv": [12, 1, 13, 1.5], "texture": "#0"},
				"south": {"uv": [9.5, 3.5, 14, 4], "texture": "#0"},
				"west": {"uv": [12.5, 0, 13.5, 0.5], "texture": "#0"},
				"up": {"uv": [10.5, 5.5, 6, 4.5], "texture": "#0"},
				"down": {"uv": [10.5, 5.5, 6, 6.5], "texture": "#0"}
			}
		},
		{
			"from": [5.75, 16, 7.5],
			"to": [9.75, 19, 8],
			"faces": {
				"north": {"uv": [6.5, 0, 8.5, 1.5], "texture": "#0"},
				"east": {"uv": [11.5, 0, 12, 1.5], "texture": "#0"},
				"south": {"uv": [6.5, 1.5, 8.5, 3], "texture": "#0"},
				"west": {"uv": [1, 11.5, 1.5, 13], "texture": "#0"},
				"up": {"uv": [3, 11.5, 1, 11], "texture": "#0"},
				"down": {"uv": [5, 11, 3, 11.5], "texture": "#0"}
			}
		},
		{
			"from": [5.75, 24, 7.5],
			"to": [9.75, 26, 8],
			"faces": {
				"north": {"uv": [9.5, 6.5, 11.5, 7.5], "texture": "#0"},
				"east": {"uv": [12.5, 1.5, 13, 2.5], "texture": "#0"},
				"south": {"uv": [7, 9.5, 9, 10.5], "texture": "#0"},
				"west": {"uv": [4.5, 12.5, 5, 13.5], "texture": "#0"},
				"up": {"uv": [13, 4.5, 11, 4], "texture": "#0"},
				"down": {"uv": [13, 4.5, 11, 5], "texture": "#0"}
			}
		},
		{
			"from": [5.25, 19, 7.5],
			"to": [10.25, 24, 8],
			"faces": {
				"north": {"uv": [3, 0, 5.5, 2.5], "texture": "#0"},
				"east": {"uv": [10.5, 7.5, 11, 10], "texture": "#0"},
				"south": {"uv": [3, 2.5, 5.5, 5], "texture": "#0"},
				"west": {"uv": [8, 10.5, 8.5, 13], "texture": "#0"},
				"up": {"uv": [12.5, 2.5, 10, 2], "texture": "#0"},
				"down": {"uv": [12.5, 2.5, 10, 3], "texture": "#0"}
			}
		},
		{
			"from": [6.25, 26, 7.5],
			"to": [9.25, 29, 8],
			"faces": {
				"north": {"uv": [3, 9.5, 4.5, 11], "texture": "#0"},
				"east": {"uv": [1.5, 11.5, 2, 13], "texture": "#0"},
				"south": {"uv": [4.5, 9.5, 6, 11], "texture": "#0"},
				"west": {"uv": [2, 11.5, 2.5, 13], "texture": "#0"},
				"up": {"uv": [12.5, 6.5, 11, 6], "texture": "#0"},
				"down": {"uv": [12.5, 9, 11, 9.5], "texture": "#0"}
			}
		},
		{
			"from": [7.25, 29, 7.5],
			"to": [8.25, 32, 8],
			"faces": {
				"north": {"uv": [2.5, 11.5, 3, 13], "texture": "#0"},
				"east": {"uv": [3, 11.5, 3.5, 13], "texture": "#0"},
				"south": {"uv": [3.5, 11.5, 4, 13], "texture": "#0"},
				"west": {"uv": [4, 11.5, 4.5, 13], "texture": "#0"},
				"up": {"uv": [13, 8, 12.5, 7.5], "texture": "#0"},
				"down": {"uv": [13, 8, 12.5, 8.5], "texture": "#0"}
			}
		},
		{
			"from": [4.25, 21, 7.5],
			"to": [5.25, 22, 8],
			"faces": {
				"north": {"uv": [12.5, 8.5, 13, 9], "texture": "#0"},
				"east": {"uv": [9, 12.5, 9.5, 13], "texture": "#0"},
				"south": {"uv": [12.5, 9, 13, 9.5], "texture": "#0"},
				"west": {"uv": [9.5, 12.5, 10, 13], "texture": "#0"},
				"up": {"uv": [13, 10, 12.5, 9.5], "texture": "#0"},
				"down": {"uv": [10.5, 12.5, 10, 13], "texture": "#0"}
			}
		},
		{
			"from": [10.25, 21, 7.5],
			"to": [11.25, 22, 8],
			"faces": {
				"north": {"uv": [12.5, 10, 13, 10.5], "texture": "#0"},
				"east": {"uv": [10.5, 12.5, 11, 13], "texture": "#0"},
				"south": {"uv": [12.5, 10.5, 13, 11], "texture": "#0"},
				"west": {"uv": [11, 12.5, 11.5, 13], "texture": "#0"},
				"up": {"uv": [13, 11.5, 12.5, 11], "texture": "#0"},
				"down": {"uv": [12, 12.5, 11.5, 13], "texture": "#0"}
			}
		}
	],
	"gui_light": "front",
	"display": {
		"thirdperson_righthand": {
			"rotation": [0, 90, 0],
			"translation": [0, 4.25, 0.75],
			"scale": [0.6, 0.6, 0.6]
		},
		"thirdperson_lefthand": {
			"rotation": [0, 90, 0],
			"translation": [0, 4.25, 1],
			"scale": [0.6, 0.6, 0.6]
		},
		"firstperson_righthand": {
			"rotation": [15, 90, 0],
			"translation": [1.25, 0, -2],
			"scale": [0.8, 0.8, 0.8]
		},
		"firstperson_lefthand": {
			"rotation": [15, 90, 0],
			"translation": [1.25, 0, -2],
			"scale": [0.8, 0.8, 0.8]
		},
		"ground": {
			"translation": [0, 5.25, 0],
			"scale": [0.5, 0.5, 0.5]
		},
		"gui": {
			"rotation": [0, 0, -45],
			"translation": [-1, -1, 0],
			"scale": [0.5, 0.5, 0.5]
		}
	}
}