{
	"credit": "Made with Blockbench",
	"texture_size": [32, 32],
	"textures": {
		"0": "item/mangroveclub",
		"particle": "mangroveclub"
	},
	"elements": [
		{
			"from": [7, -9, 7],
			"to": [8.25, 2, 8.25],
			"faces": {
				"north": {"uv": [3.5, 0, 4, 5.5], "texture": "#0"},
				"east": {"uv": [4, 0, 4.5, 5.5], "texture": "#0"},
				"south": {"uv": [2, 4, 2.5, 9.5], "texture": "#0"},
				"west": {"uv": [2.5, 4, 3, 9.5], "texture": "#0"},
				"up": {"uv": [2, 6.5, 1.5, 6], "texture": "#0"},
				"down": {"uv": [2, 6.5, 1.5, 7], "texture": "#0"}
			}
		},
		{
			"from": [6.87, 2, 6.87],
			"to": [8.37, 11, 8.37],
			"faces": {
				"north": {"uv": [0, 0, 1, 4.5], "texture": "#0"},
				"east": {"uv": [3, 4, 3.5, 8.5], "texture": "#0"},
				"south": {"uv": [1, 0, 2, 4.5], "texture": "#0"},
				"west": {"uv": [0, 4.5, 0.5, 9], "texture": "#0"},
				"up": {"uv": [6.5, 6.5, 5.5, 6], "texture": "#0"},
				"down": {"uv": [7, 5.5, 6, 6], "texture": "#0"}
			}
		},
		{
			"from": [6.77, 3, 6.77],
			"to": [8.47, 6, 8.47],
			"faces": {
				"north": {"uv": [3.5, 5.5, 4.5, 7], "texture": "#0"},
				"east": {"uv": [0.5, 6, 1.5, 7.5], "texture": "#0"},
				"south": {"uv": [6, 1.5, 7, 3], "texture": "#0"},
				"west": {"uv": [6, 3, 7, 4.5], "texture": "#0"},
				"up": {"uv": [5.5, 7, 4.5, 6], "texture": "#0"},
				"down": {"uv": [7, 4.5, 6, 5.5], "texture": "#0"}
			}
		},
		{
			"from": [7.6, 2, 7.77],
			"to": [7.6, 6, 10.47],
			"rotation": {"angle": -22.5, "axis": "x", "origin": [7.6, 4, 9.12]},
			"faces": {
				"north": {"uv": [0, 0, 0, 2], "texture": "#0"},
				"east": {"uv": [2, 0, 3.5, 2], "texture": "#0"},
				"south": {"uv": [0, 0, 0, 2], "texture": "#0"},
				"west": {"uv": [2, 2, 3.5, 4], "texture": "#0"},
				"up": {"uv": [0, 1.5, 0, 0], "texture": "#0"},
				"down": {"uv": [0, 0, 0, 1.5], "texture": "#0"}
			}
		},
		{
			"from": [6.07, 9, 5],
			"to": [9.07, 12, 8],
			"faces": {
				"north": {"uv": [4.5, 0, 6, 1.5], "texture": "#0"},
				"east": {"uv": [0.5, 4.5, 2, 6], "texture": "#0"},
				"south": {"uv": [4.5, 1.5, 6, 3], "texture": "#0"},
				"west": {"uv": [4.5, 3, 6, 4.5], "texture": "#0"},
				"up": {"uv": [6, 6, 4.5, 4.5], "texture": "#0"},
				"down": {"uv": [7.5, 0, 6, 1.5], "texture": "#0"}
			}
		},
		{
			"from": [5.97, 8.9, 4.9],
			"to": [9.17, 12.1, 8.1],
			"faces": {
				"north": {"uv": [10, 0, 12.5, 2.5], "texture": "#0"},
				"east": {"uv": [10, 5, 12.5, 7.5], "texture": "#0"},
				"south": {"uv": [7.5, 2.5, 10, 5], "texture": "#0"},
				"west": {"uv": [10, 2.5, 12.5, 5], "texture": "#0"},
				"up": {"uv": [10, 7.5, 7.5, 5], "texture": "#0"},
				"down": {"uv": [10, 0, 7.5, 2.5], "texture": "#0"}
			}
		}
	],
	"gui_light": "front",
	"display": {
		"thirdperson_righthand": {
			"translation": [0, 7.5, 1.25],
			"scale": [0.8, 0.8, 0.8]
		},
		"thirdperson_lefthand": {
			"translation": [-0.5, 7.5, 1.25],
			"scale": [0.8, 0.8, 0.8]
		},
		"firstperson_righthand": {
			"rotation": [19, 0, 0],
			"translation": [0, 6.75, 1.75]
		},
		"firstperson_lefthand": {
			"rotation": [19, 0, 0],
			"translation": [0, 6.75, 1.75]
		},
		"ground": {
			"translation": [0, 4.75, 0],
			"scale": [0.5, 0.5, 0.5]
		},
		"gui": {
			"rotation": [-90, -45, -90],
			"translation": [2.25, 3, 0],
			"scale": [0.7, 0.7, 0.7]
		},
		"fixed": {
			"rotation": [0, -90, 0],
			"translation": [-0.75, 5.5, 0]
		}
	}
}