{
	"credit": "Made with Blockbench",
	"texture_size": [64, 64],
	"textures": {
		"0": "item/mangrovesword",
		"particle": "mangrovesword"
	},
	"elements": [
		{
			"from": [7, -4, 7],
			"to": [8.5, 2, 8.5],
			"faces": {
				"north": {"uv": [0.5, 5, 1, 6.5], "texture": "#0"},
				"east": {"uv": [1, 5, 1.5, 6.5], "texture": "#0"},
				"south": {"uv": [1.5, 5, 2, 6.5], "texture": "#0"},
				"west": {"uv": [2, 5, 2.5, 6.5], "texture": "#0"},
				"up": {"uv": [5.5, 6.5, 5, 6], "texture": "#0"},
				"down": {"uv": [6.75, 5.5, 6.25, 6], "texture": "#0"}
			}
		},
		{
			"from": [6, 4, 7.5],
			"to": [9.5, 26, 8],
			"faces": {
				"north": {"uv": [3.75, 0, 4.75, 5.5], "texture": "#0"},
				"east": {"uv": [0, 5, 0.25, 10.5], "texture": "#0"},
				"south": {"uv": [4.75, 0, 5.75, 5.5], "texture": "#0"},
				"west": {"uv": [0.25, 5, 0.5, 10.5], "texture": "#0"},
				"up": {"uv": [7.25, 6.25, 6.25, 6], "texture": "#0"},
				"down": {"uv": [7.25, 6.25, 6.25, 6.5], "texture": "#0"}
			}
		},
		{
			"from": [8, 26, 7.5],
			"to": [9.5, 30, 8],
			"faces": {
				"north": {"uv": [5.75, 3.5, 6.25, 4.5], "texture": "#0"},
				"east": {"uv": [5.5, 6, 5.75, 7], "texture": "#0"},
				"south": {"uv": [5.75, 4.5, 6.25, 5.5], "texture": "#0"},
				"west": {"uv": [0.5, 6.5, 0.75, 7.5], "texture": "#0"},
				"up": {"uv": [7.75, 3.5, 7.25, 3.25], "texture": "#0"},
				"down": {"uv": [8, 3.5, 7.5, 3.75], "texture": "#0"}
			}
		},
		{
			"from": [6, 26, 7.5],
			"to": [7.5, 30, 8],
			"faces": {
				"north": {"uv": [5.75, 5.5, 6.25, 6.5], "texture": "#0"},
				"east": {"uv": [0.75, 6.5, 1, 7.5], "texture": "#0"},
				"south": {"uv": [4.5, 6, 5, 7], "texture": "#0"},
				"west": {"uv": [1, 6.5, 1.25, 7.5], "texture": "#0"},
				"up": {"uv": [8, 4, 7.5, 3.75], "texture": "#0"},
				"down": {"uv": [8, 4, 7.5, 4.25], "texture": "#0"}
			}
		},
		{
			"from": [5, 30, 7.5],
			"to": [7.5, 31, 8],
			"faces": {
				"north": {"uv": [4.75, 7, 5.5, 7.25], "texture": "#0"},
				"east": {"uv": [7.75, 1.25, 8, 1.5], "texture": "#0"},
				"south": {"uv": [5.5, 7, 6.25, 7.25], "texture": "#0"},
				"west": {"uv": [8, 6.75, 8.25, 7], "texture": "#0"},
				"up": {"uv": [7, 7.25, 6.25, 7], "texture": "#0"},
				"down": {"uv": [7.75, 7, 7, 7.25], "texture": "#0"}
			}
		},
		{
			"from": [8, 30, 7.5],
			"to": [10.5, 31, 8],
			"faces": {
				"north": {"uv": [7.25, 1.5, 8, 1.75], "texture": "#0"},
				"east": {"uv": [7.25, 8, 7.5, 8.25], "texture": "#0"},
				"south": {"uv": [7.25, 1.75, 8, 2], "texture": "#0"},
				"west": {"uv": [8, 7.25, 8.25, 7.5], "texture": "#0"},
				"up": {"uv": [8, 2.25, 7.25, 2], "texture": "#0"},
				"down": {"uv": [8, 2.25, 7.25, 2.5], "texture": "#0"}
			}
		},
		{
			"from": [3, 31, 7.5],
			"to": [7.5, 32, 8],
			"faces": {
				"north": {"uv": [6.25, 3.5, 7.5, 3.75], "texture": "#0"},
				"east": {"uv": [8, 7.5, 8.25, 7.75], "texture": "#0"},
				"south": {"uv": [6.25, 3.75, 7.5, 4], "texture": "#0"},
				"west": {"uv": [8, 7.75, 8.25, 8], "texture": "#0"},
				"up": {"uv": [7.5, 4.25, 6.25, 4], "texture": "#0"},
				"down": {"uv": [7.5, 4.25, 6.25, 4.5], "texture": "#0"}
			}
		},
		{
			"from": [8, 31, 7.5],
			"to": [12.5, 32, 8],
			"faces": {
				"north": {"uv": [6.25, 4.5, 7.5, 4.75], "texture": "#0"},
				"east": {"uv": [8, 8, 8.25, 8.25], "texture": "#0"},
				"south": {"uv": [6.25, 4.75, 7.5, 5], "texture": "#0"},
				"west": {"uv": [8.25, 0, 8.5, 0.25], "texture": "#0"},
				"up": {"uv": [7.5, 5.25, 6.25, 5], "texture": "#0"},
				"down": {"uv": [7.5, 5.25, 6.25, 5.5], "texture": "#0"}
			}
		},
		{
			"from": [7.75, 2.25, 7],
			"to": [12.75, 3.75, 8.5],
			"rotation": {"angle": 22.5, "axis": "z", "origin": [7.75, 3, 7.75]},
			"faces": {
				"north": {"uv": [4.5, 5.5, 5.75, 6], "texture": "#0"},
				"east": {"uv": [1.25, 6.5, 1.75, 7], "texture": "#0"},
				"south": {"uv": [5.75, 0, 7, 0.5], "texture": "#0"},
				"west": {"uv": [1.75, 6.5, 2.25, 7], "texture": "#0"},
				"up": {"uv": [7, 1, 5.75, 0.5], "texture": "#0"},
				"down": {"uv": [7, 1, 5.75, 1.5], "texture": "#0"}
			}
		},
		{
			"from": [2.75, 2.25, 7],
			"to": [7.75, 3.75, 8.5],
			"rotation": {"angle": -22.5, "axis": "z", "origin": [7.75, 3, 7.75]},
			"faces": {
				"north": {"uv": [5.75, 1.5, 7, 2], "texture": "#0"},
				"east": {"uv": [2.25, 6.5, 2.75, 7], "texture": "#0"},
				"south": {"uv": [5.75, 2, 7, 2.5], "texture": "#0"},
				"west": {"uv": [2.75, 6.5, 3.25, 7], "texture": "#0"},
				"up": {"uv": [7, 3, 5.75, 2.5], "texture": "#0"},
				"down": {"uv": [7, 3, 5.75, 3.5], "texture": "#0"}
			}
		},
		{
			"from": [6.75, -6, 6.75],
			"to": [8.75, -4, 8.75],
			"faces": {
				"north": {"uv": [5, 6.5, 5.5, 7], "texture": "#0"},
				"east": {"uv": [5.75, 6.5, 6.25, 7], "texture": "#0"},
				"south": {"uv": [6.25, 6.5, 6.75, 7], "texture": "#0"},
				"west": {"uv": [6.75, 5.5, 7.25, 6], "texture": "#0"},
				"up": {"uv": [7.25, 7, 6.75, 6.5], "texture": "#0"},
				"down": {"uv": [7.5, 0, 7, 0.5], "texture": "#0"}
			}
		},
		{
			"from": [6.75, 2, 6.75],
			"to": [8.75, 7.5, 8.75],
			"faces": {
				"north": {"uv": [2.5, 5, 3, 6.5], "texture": "#0"},
				"east": {"uv": [3, 5, 3.5, 6.5], "texture": "#0"},
				"south": {"uv": [3.5, 5.5, 4, 7], "texture": "#0"},
				"west": {"uv": [4, 5.5, 4.5, 7], "texture": "#0"},
				"up": {"uv": [7.5, 1, 7, 0.5], "texture": "#0"},
				"down": {"uv": [7.5, 1, 7, 1.5], "texture": "#0"}
			}
		},
		{
			"from": [6, 3, 8],
			"to": [7, 7, 9],
			"faces": {
				"north": {"uv": [3.25, 6.5, 3.5, 7.5], "texture": "#0"},
				"east": {"uv": [1.25, 7, 1.5, 8], "texture": "#0"},
				"south": {"uv": [1.5, 7, 1.75, 8], "texture": "#0"},
				"west": {"uv": [7, 1.5, 7.25, 2.5], "texture": "#0"},
				"up": {"uv": [8.5, 0.5, 8.25, 0.25], "texture": "#0"},
				"down": {"uv": [0.75, 8.25, 0.5, 8.5], "texture": "#0"}
			}
		},
		{
			"from": [5, 5, 8],
			"to": [6, 6, 9],
			"faces": {
				"north": {"uv": [8.25, 0.5, 8.5, 0.75], "texture": "#0"},
				"east": {"uv": [0.75, 8.25, 1, 8.5], "texture": "#0"},
				"south": {"uv": [8.25, 0.75, 8.5, 1], "texture": "#0"},
				"west": {"uv": [1, 8.25, 1.25, 8.5], "texture": "#0"},
				"up": {"uv": [8.5, 1.25, 8.25, 1], "texture": "#0"},
				"down": {"uv": [8.5, 1.25, 8.25, 1.5], "texture": "#0"}
			}
		},
		{
			"from": [6, 7, 8],
			"to": [7, 8, 10],
			"faces": {
				"north": {"uv": [8.25, 1.5, 8.5, 1.75], "texture": "#0"},
				"east": {"uv": [7.5, 4.25, 8, 4.5], "texture": "#0"},
				"south": {"uv": [8.25, 1.75, 8.5, 2], "texture": "#0"},
				"west": {"uv": [7.5, 4.5, 8, 4.75], "texture": "#0"},
				"up": {"uv": [3.75, 5.5, 3.5, 5], "texture": "#0"},
				"down": {"uv": [3.5, 7.5, 3.25, 8], "texture": "#0"}
			}
		},
		{
			"from": [10, 4, 8],
			"to": [11, 6, 9],
			"faces": {
				"north": {"uv": [7.5, 4.75, 7.75, 5.25], "texture": "#0"},
				"east": {"uv": [7.5, 5.25, 7.75, 5.75], "texture": "#0"},
				"south": {"uv": [7.5, 5.75, 7.75, 6.25], "texture": "#0"},
				"west": {"uv": [7.5, 6.25, 7.75, 6.75], "texture": "#0"},
				"up": {"uv": [8.5, 2.25, 8.25, 2], "texture": "#0"},
				"down": {"uv": [8.5, 2.25, 8.25, 2.5], "texture": "#0"}
			}
		},
		{
			"from": [9, 5, 8],
			"to": [10, 9, 9],
			"faces": {
				"north": {"uv": [1.75, 7, 2, 8], "texture": "#0"},
				"east": {"uv": [2, 7, 2.25, 8], "texture": "#0"},
				"south": {"uv": [2.25, 7, 2.5, 8], "texture": "#0"},
				"west": {"uv": [2.5, 7, 2.75, 8], "texture": "#0"},
				"up": {"uv": [8.5, 2.75, 8.25, 2.5], "texture": "#0"},
				"down": {"uv": [8.5, 2.75, 8.25, 3], "texture": "#0"}
			}
		},
		{
			"from": [11, 4, 6.5],
			"to": [12, 8, 7.5],
			"faces": {
				"north": {"uv": [7, 2.5, 7.25, 3.5], "texture": "#0"},
				"east": {"uv": [2.75, 7, 3, 8], "texture": "#0"},
				"south": {"uv": [3, 7, 3.25, 8], "texture": "#0"},
				"west": {"uv": [3.5, 7, 3.75, 8], "texture": "#0"},
				"up": {"uv": [8.5, 3.25, 8.25, 3], "texture": "#0"},
				"down": {"uv": [8.5, 3.25, 8.25, 3.5], "texture": "#0"}
			}
		},
		{
			"from": [11, 7, 7.5],
			"to": [12, 8, 8.5],
			"faces": {
				"north": {"uv": [8.25, 3.5, 8.5, 3.75], "texture": "#0"},
				"east": {"uv": [8.25, 4, 8.5, 4.25], "texture": "#0"},
				"south": {"uv": [8.25, 4.25, 8.5, 4.5], "texture": "#0"},
				"west": {"uv": [8.25, 4.5, 8.5, 4.75], "texture": "#0"},
				"up": {"uv": [8.5, 5, 8.25, 4.75], "texture": "#0"},
				"down": {"uv": [5.25, 8.25, 5, 8.5], "texture": "#0"}
			}
		},
		{
			"from": [12, 4, 7.25],
			"to": [14, 5, 8.25],
			"faces": {
				"north": {"uv": [7.5, 6.75, 8, 7], "texture": "#0"},
				"east": {"uv": [5.25, 8.25, 5.5, 8.5], "texture": "#0"},
				"south": {"uv": [7.5, 7.25, 8, 7.5], "texture": "#0"},
				"west": {"uv": [8.25, 5.25, 8.5, 5.5], "texture": "#0"},
				"up": {"uv": [8, 7.75, 7.5, 7.5], "texture": "#0"},
				"down": {"uv": [8.25, 0, 7.75, 0.25], "texture": "#0"}
			}
		},
		{
			"from": [11, 8, 6.5],
			"to": [13, 9, 7.5],
			"faces": {
				"north": {"uv": [7.75, 0.25, 8.25, 0.5], "texture": "#0"},
				"east": {"uv": [8.25, 5.5, 8.5, 5.75], "texture": "#0"},
				"south": {"uv": [7.75, 0.5, 8.25, 0.75], "texture": "#0"},
				"west": {"uv": [5.75, 8.25, 6, 8.5], "texture": "#0"},
				"up": {"uv": [8.25, 1, 7.75, 0.75], "texture": "#0"},
				"down": {"uv": [8.25, 1, 7.75, 1.25], "texture": "#0"}
			}
		},
		{
			"from": [12.12, 9, 6.62],
			"to": [12.87, 11, 7.37],
			"faces": {
				"north": {"uv": [7.75, 2.5, 8, 3], "texture": "#0"},
				"east": {"uv": [7.75, 3, 8, 3.5], "texture": "#0"},
				"south": {"uv": [7.75, 4.75, 8, 5.25], "texture": "#0"},
				"west": {"uv": [7.75, 5.25, 8, 5.75], "texture": "#0"},
				"up": {"uv": [6.25, 8.5, 6, 8.25], "texture": "#0"},
				"down": {"uv": [6.5, 8.25, 6.25, 8.5], "texture": "#0"}
			}
		},
		{
			"from": [11.12, 8, 7.62],
			"to": [11.87, 10, 8.37],
			"faces": {
				"north": {"uv": [7.75, 5.75, 8, 6.25], "texture": "#0"},
				"east": {"uv": [7.75, 6.25, 8, 6.75], "texture": "#0"},
				"south": {"uv": [7.5, 7.75, 7.75, 8.25], "texture": "#0"},
				"west": {"uv": [7.75, 7.75, 8, 8.25], "texture": "#0"},
				"up": {"uv": [6.75, 8.5, 6.5, 8.25], "texture": "#0"},
				"down": {"uv": [8.5, 6.75, 8.25, 7], "texture": "#0"}
			}
		},
		{
			"from": [13.12, 5, 7.37],
			"to": [13.87, 7, 8.12],
			"faces": {
				"north": {"uv": [1.25, 8, 1.5, 8.5], "texture": "#0"},
				"east": {"uv": [8, 1.25, 8.25, 1.75], "texture": "#0"},
				"south": {"uv": [1.5, 8, 1.75, 8.5], "texture": "#0"},
				"west": {"uv": [1.75, 8, 2, 8.5], "texture": "#0"},
				"up": {"uv": [8.5, 7.25, 8.25, 7], "texture": "#0"},
				"down": {"uv": [7.5, 8.25, 7.25, 8.5], "texture": "#0"}
			}
		},
		{
			"from": [9.12, 8, 5.62],
			"to": [9.87, 10, 6.37],
			"faces": {
				"north": {"uv": [8, 1.75, 8.25, 2.25], "texture": "#0"},
				"east": {"uv": [2, 8, 2.25, 8.5], "texture": "#0"},
				"south": {"uv": [2.25, 8, 2.5, 8.5], "texture": "#0"},
				"west": {"uv": [8, 2.25, 8.25, 2.75], "texture": "#0"},
				"up": {"uv": [8.5, 7.5, 8.25, 7.25], "texture": "#0"},
				"down": {"uv": [7.75, 8.25, 7.5, 8.5], "texture": "#0"}
			}
		},
		{
			"from": [5.12, 7, 5.62],
			"to": [5.87, 9, 6.37],
			"faces": {
				"north": {"uv": [2.5, 8, 2.75, 8.5], "texture": "#0"},
				"east": {"uv": [2.75, 8, 3, 8.5], "texture": "#0"},
				"south": {"uv": [8, 2.75, 8.25, 3.25], "texture": "#0"},
				"west": {"uv": [3, 8, 3.25, 8.5], "texture": "#0"},
				"up": {"uv": [8.5, 7.75, 8.25, 7.5], "texture": "#0"},
				"down": {"uv": [8, 8.25, 7.75, 8.5], "texture": "#0"}
			}
		},
		{
			"from": [3.12, 8.25, 6.38],
			"to": [3.87, 11.25, 7.13],
			"faces": {
				"north": {"uv": [7.25, 2.5, 7.5, 3.25], "texture": "#0"},
				"east": {"uv": [4.75, 7.25, 5, 8], "texture": "#0"},
				"south": {"uv": [5, 7.25, 5.25, 8], "texture": "#0"},
				"west": {"uv": [5.25, 7.25, 5.5, 8], "texture": "#0"},
				"up": {"uv": [8.5, 8, 8.25, 7.75], "texture": "#0"},
				"down": {"uv": [8.25, 8.25, 8, 8.5], "texture": "#0"}
			}
		},
		{
			"from": [1.12, 7.25, 7.38],
			"to": [1.87, 10.25, 8.13],
			"faces": {
				"north": {"uv": [5.5, 7.25, 5.75, 8], "texture": "#0"},
				"east": {"uv": [7.25, 5.5, 7.5, 6.25], "texture": "#0"},
				"south": {"uv": [5.75, 7.25, 6, 8], "texture": "#0"},
				"west": {"uv": [6, 7.25, 6.25, 8], "texture": "#0"},
				"up": {"uv": [8.5, 8.25, 8.25, 8], "texture": "#0"},
				"down": {"uv": [8.5, 8.25, 8.25, 8.5], "texture": "#0"}
			}
		},
		{
			"from": [6.12, 8, 9.12],
			"to": [6.87, 10, 9.87],
			"faces": {
				"north": {"uv": [3.25, 8, 3.5, 8.5], "texture": "#0"},
				"east": {"uv": [8, 3.25, 8.25, 3.75], "texture": "#0"},
				"south": {"uv": [3.5, 8, 3.75, 8.5], "texture": "#0"},
				"west": {"uv": [3.75, 8, 4, 8.5], "texture": "#0"},
				"up": {"uv": [8.75, 0.25, 8.5, 0], "texture": "#0"},
				"down": {"uv": [8.75, 0.25, 8.5, 0.5], "texture": "#0"}
			}
		},
		{
			"from": [5.12, 6, 8.12],
			"to": [5.87, 9, 8.87],
			"faces": {
				"north": {"uv": [6.25, 7.25, 6.5, 8], "texture": "#0"},
				"east": {"uv": [7.25, 6.25, 7.5, 7], "texture": "#0"},
				"south": {"uv": [6.5, 7.25, 6.75, 8], "texture": "#0"},
				"west": {"uv": [6.75, 7.25, 7, 8], "texture": "#0"},
				"up": {"uv": [0.75, 8.75, 0.5, 8.5], "texture": "#0"},
				"down": {"uv": [8.75, 0.5, 8.5, 0.75], "texture": "#0"}
			}
		},
		{
			"from": [9.12, 9, 8.12],
			"to": [9.87, 12, 8.87],
			"faces": {
				"north": {"uv": [7, 7.25, 7.25, 8], "texture": "#0"},
				"east": {"uv": [7.25, 7.25, 7.5, 8], "texture": "#0"},
				"south": {"uv": [7.5, 0, 7.75, 0.75], "texture": "#0"},
				"west": {"uv": [0.5, 7.5, 0.75, 8.25], "texture": "#0"},
				"up": {"uv": [1, 8.75, 0.75, 8.5], "texture": "#0"},
				"down": {"uv": [8.75, 0.75, 8.5, 1], "texture": "#0"}
			}
		},
		{
			"from": [9, 3, 6.5],
			"to": [10, 7, 7.5],
			"faces": {
				"north": {"uv": [3.75, 7, 4, 8], "texture": "#0"},
				"east": {"uv": [4, 7, 4.25, 8], "texture": "#0"},
				"south": {"uv": [4.25, 7, 4.5, 8], "texture": "#0"},
				"west": {"uv": [4.5, 7, 4.75, 8], "texture": "#0"},
				"up": {"uv": [1.25, 8.75, 1, 8.5], "texture": "#0"},
				"down": {"uv": [8.75, 1, 8.5, 1.25], "texture": "#0"}
			}
		},
		{
			"from": [9, 7, 5.5],
			"to": [10, 8, 7.5],
			"faces": {
				"north": {"uv": [1.25, 8.5, 1.5, 8.75], "texture": "#0"},
				"east": {"uv": [7.75, 7, 8.25, 7.25], "texture": "#0"},
				"south": {"uv": [8.5, 1.25, 8.75, 1.5], "texture": "#0"},
				"west": {"uv": [8, 3.75, 8.5, 4], "texture": "#0"},
				"up": {"uv": [4.25, 8.5, 4, 8], "texture": "#0"},
				"down": {"uv": [8.25, 4, 8, 4.5], "texture": "#0"}
			}
		},
		{
			"from": [5, 4, 6.5],
			"to": [6, 6, 7.5],
			"faces": {
				"north": {"uv": [4.25, 8, 4.5, 8.5], "texture": "#0"},
				"east": {"uv": [4.5, 8, 4.75, 8.5], "texture": "#0"},
				"south": {"uv": [8, 4.5, 8.25, 5], "texture": "#0"},
				"west": {"uv": [4.75, 8, 5, 8.5], "texture": "#0"},
				"up": {"uv": [1.75, 8.75, 1.5, 8.5], "texture": "#0"},
				"down": {"uv": [8.75, 1.5, 8.5, 1.75], "texture": "#0"}
			}
		},
		{
			"from": [5, 6, 5.5],
			"to": [6, 7, 7.5],
			"faces": {
				"north": {"uv": [1.75, 8.5, 2, 8.75], "texture": "#0"},
				"east": {"uv": [5, 8, 5.5, 8.25], "texture": "#0"},
				"south": {"uv": [8.5, 1.75, 8.75, 2], "texture": "#0"},
				"west": {"uv": [8, 5, 8.5, 5.25], "texture": "#0"},
				"up": {"uv": [8.25, 5.75, 8, 5.25], "texture": "#0"},
				"down": {"uv": [5.75, 8, 5.5, 8.5], "texture": "#0"}
			}
		},
		{
			"from": [3, 4.5, 7.25],
			"to": [4, 7.5, 8.25],
			"faces": {
				"north": {"uv": [0.75, 7.5, 1, 8.25], "texture": "#0"},
				"east": {"uv": [7.5, 0.75, 7.75, 1.5], "texture": "#0"},
				"south": {"uv": [1, 7.5, 1.25, 8.25], "texture": "#0"},
				"west": {"uv": [7.5, 2.5, 7.75, 3.25], "texture": "#0"},
				"up": {"uv": [2.25, 8.75, 2, 8.5], "texture": "#0"},
				"down": {"uv": [8.75, 2, 8.5, 2.25], "texture": "#0"}
			}
		},
		{
			"from": [1, 6.5, 7.25],
			"to": [3, 7.5, 8.25],
			"faces": {
				"north": {"uv": [5.75, 8, 6.25, 8.25], "texture": "#0"},
				"east": {"uv": [2.25, 8.5, 2.5, 8.75], "texture": "#0"},
				"south": {"uv": [8, 5.75, 8.5, 6], "texture": "#0"},
				"west": {"uv": [8.5, 2.25, 8.75, 2.5], "texture": "#0"},
				"up": {"uv": [8.5, 6.25, 8, 6], "texture": "#0"},
				"down": {"uv": [6.75, 8, 6.25, 8.25], "texture": "#0"}
			}
		},
		{
			"from": [3, 7.5, 6.25],
			"to": [4, 8.5, 8.25],
			"faces": {
				"north": {"uv": [2.5, 8.5, 2.75, 8.75], "texture": "#0"},
				"east": {"uv": [8, 6.25, 8.5, 6.5], "texture": "#0"},
				"south": {"uv": [8.5, 2.5, 8.75, 2.75], "texture": "#0"},
				"west": {"uv": [8, 6.5, 8.5, 6.75], "texture": "#0"},
				"up": {"uv": [7, 8.5, 6.75, 8], "texture": "#0"},
				"down": {"uv": [7.25, 8, 7, 8.5], "texture": "#0"}
			}
		},
		{
			"from": [0.5, 4, 7.75],
			"to": [15, 14, 7.75],
			"faces": {
				"north": {"uv": [0, 0, 3.75, 2.5], "texture": "#0"},
				"east": {"uv": [0, 0, 0, 2.5], "texture": "#0"},
				"south": {"uv": [0, 2.5, 3.75, 5], "texture": "#0"},
				"west": {"uv": [0, 0, 0, 2.5], "texture": "#0"},
				"up": {"uv": [3.75, 0, 0, 0], "texture": "#0"},
				"down": {"uv": [3.75, 0, 0, 0], "texture": "#0"}
			}
		}
	],
	"gui_light": "front",
	"display": {
		"thirdperson_righthand": {
			"rotation": [0, 90, 0],
			"translation": [0, 5, 1],
			"scale": [0.8, 0.8, 0.8]
		},
		"thirdperson_lefthand": {
			"rotation": [0, -90, 0],
			"translation": [-0.5, 5, 1],
			"scale": [0.8, 0.8, 0.8]
		},
		"firstperson_righthand": {
			"rotation": [12, 90, 0],
			"translation": [2, 0, -1.75],
			"scale": [0.8, 0.8, 0.8]
		},
		"firstperson_lefthand": {
			"rotation": [12, -90, 0],
			"translation": [2, 0, -1.75],
			"scale": [0.8, 0.8, 0.8]
		},
		"ground": {
			"translation": [0, 3.25, 0],
			"scale": [0.5, 0.5, 0.5]
		},
		"gui": {
			"rotation": [0, 0, -45],
			"translation": [-2.25, -2.5, 0],
			"scale": [0.5, 0.5, 0.5]
		},
		"fixed": {
			"translation": [0, -3.75, 0]
		}
	}
}