{
	"credit": "Made with Blockbench",
	"texture_size": [32, 32],
	"textures": {
		"0": "item/mauls",
		"particle": "mauls"
	},
	"elements": [
		{
			"from": [7, -10.25, 7.25],
			"to": [9, 22, 8.75],
			"rotation": {"angle": 0, "axis": "y", "origin": [7.25, -8, 7.25]},
			"faces": {
				"north": {"uv": [0, 0, 1, 16], "texture": "#0"},
				"east": {"uv": [1, 0, 2, 16], "texture": "#0"},
				"south": {"uv": [2, 0, 3, 16], "texture": "#0"},
				"west": {"uv": [3, 0, 4, 16], "texture": "#0"},
				"up": {"uv": [8.5, 4, 7.5, 3], "texture": "#0"},
				"down": {"uv": [12, 1.5, 11, 2.5], "texture": "#0"}
			}
		},
		{
			"from": [6.5, -12.75, 7],
			"to": [9.5, -9.75, 9],
			"rotation": {"angle": -45, "axis": "z", "origin": [8, -11.25, 8]},
			"faces": {
				"north": {"uv": [4, 8, 5.5, 9.5], "texture": "#0"},
				"east": {"uv": [5, 9.5, 6, 11], "texture": "#0"},
				"south": {"uv": [5.5, 8, 7, 9.5], "texture": "#0"},
				"west": {"uv": [6, 9.5, 7, 11], "texture": "#0"},
				"up": {"uv": [11, 3, 9.5, 2], "texture": "#0"},
				"down": {"uv": [8.5, 9.5, 7, 10.5], "texture": "#0"}
			}
		},
		{
			"from": [6.5, 17, 6.75],
			"to": [9.5, 21.25, 9.25],
			"rotation": {"angle": 0, "axis": "y", "origin": [7.75, 19.25, 7.25]},
			"faces": {
				"north": {"uv": [4, 4, 5.5, 6], "texture": "#0"},
				"east": {"uv": [5.5, 4, 7, 6], "texture": "#0"},
				"south": {"uv": [6, 0, 7.5, 2], "texture": "#0"},
				"west": {"uv": [6, 2, 7.5, 4], "texture": "#0"},
				"up": {"uv": [8.5, 9.5, 7, 8], "texture": "#0"},
				"down": {"uv": [10, 3, 8.5, 4.5], "texture": "#0"}
			}
		},
		{
			"from": [9.5, 17.75, 6.75],
			"to": [11, 20.5, 9.25],
			"rotation": {"angle": 0, "axis": "y", "origin": [10.75, 19.25, 7.25]},
			"faces": {
				"north": {"uv": [10, 3, 11, 4.5], "texture": "#0"},
				"east": {"uv": [8.5, 4.5, 10, 6], "texture": "#0"},
				"south": {"uv": [10, 4.5, 11, 6], "texture": "#0"},
				"west": {"uv": [8.5, 6, 10, 7.5], "texture": "#0"},
				"up": {"uv": [11, 7.5, 10, 6], "texture": "#0"},
				"down": {"uv": [11, 7.5, 10, 9], "texture": "#0"}
			}
		},
		{
			"from": [10.5, 17, 6.25],
			"to": [13, 21.25, 9.75],
			"rotation": {"angle": 0, "axis": "y", "origin": [12.75, 19.25, 7.25]},
			"faces": {
				"north": {"uv": [4, 6, 5.5, 8], "texture": "#0"},
				"east": {"uv": [4, 0, 6, 2], "texture": "#0"},
				"south": {"uv": [5.5, 6, 7, 8], "texture": "#0"},
				"west": {"uv": [4, 2, 6, 4], "texture": "#0"},
				"up": {"uv": [8.5, 6, 7, 4], "texture": "#0"},
				"down": {"uv": [8.5, 6, 7, 8], "texture": "#0"}
			}
		},
		{
			"from": [5, 17.75, 6.75],
			"to": [6.5, 20.5, 9.25],
			"rotation": {"angle": 0, "axis": "y", "origin": [5.25, 19.25, 7.25]},
			"faces": {
				"north": {"uv": [10, 9, 11, 10.5], "texture": "#0"},
				"east": {"uv": [8.5, 7.5, 10, 9], "texture": "#0"},
				"south": {"uv": [10.5, 0, 11.5, 1.5], "texture": "#0"},
				"west": {"uv": [8.5, 9, 10, 10.5], "texture": "#0"},
				"up": {"uv": [8, 12, 7, 10.5], "texture": "#0"},
				"down": {"uv": [9, 10.5, 8, 12], "texture": "#0"}
			}
		},
		{
			"from": [3.75, 17.5, 6.25],
			"to": [5.5, 20.75, 9.75],
			"rotation": {"angle": 0, "axis": "y", "origin": [3.25, 19.25, 7.25]},
			"faces": {
				"north": {"uv": [9, 10.5, 10, 12], "texture": "#0"},
				"east": {"uv": [7.5, 0, 9.5, 1.5], "texture": "#0"},
				"south": {"uv": [10, 10.5, 11, 12], "texture": "#0"},
				"west": {"uv": [7.5, 1.5, 9.5, 3], "texture": "#0"},
				"up": {"uv": [10.5, 2, 9.5, 0], "texture": "#0"},
				"down": {"uv": [5, 9.5, 4, 11.5], "texture": "#0"}
			}
		}
	],
	"gui_light": "front",
	"display": {
		"thirdperson_righthand": {
			"rotation": [0, 90, 0],
			"translation": [0, 4.5, 1.25],
			"scale": [0.7, 0.7, 0.7]
		},
		"thirdperson_lefthand": {
			"rotation": [0, -90, 0],
			"translation": [0, 4.5, 1.25],
			"scale": [0.7, 0.7, 0.7]
		},
		"firstperson_righthand": {
			"rotation": [0, 90, 9],
			"translation": [1.5, 4, 1.25],
			"scale": [0.7, 0.7, 0.7]
		},
		"firstperson_lefthand": {
			"rotation": [0, -90, -9],
			"translation": [1.5, 4, 1.25],
			"scale": [0.7, 0.7, 0.7]
		},
		"ground": {
			"translation": [0, 9, 0],
			"scale": [0.5, 0.5, 0.5]
		},
		"gui": {
			"rotation": [0, 0, -45],
			"translation": [0.75, 0.75, 0],
			"scale": [0.52, 0.52, 0.7]
		},
		"fixed": {
			"translation": [0, 2.25, 0]
		}
	}
}