{
	"credit": "Made with Blockbench",
	"texture_size": [32, 32],
	"textures": {
		"0": "item/menord",
		"particle": "menord"
	},
	"elements": [
		{
			"from": [7, -4, 7],
			"to": [8, 10, 8],
			"faces": {
				"north": {"uv": [4, 5, 4.5, 12], "texture": "#0"},
				"east": {"uv": [4.5, 5, 5, 12], "texture": "#0"},
				"south": {"uv": [5, 5, 5.5, 12], "texture": "#0"},
				"west": {"uv": [5.5, 0, 6, 7], "texture": "#0"},
				"up": {"uv": [6.5, 13.5, 6, 13], "texture": "#0"},
				"down": {"uv": [9, 13, 8.5, 13.5], "texture": "#0"}
			}
		},
		{
			"from": [6, 10.1, 7.25],
			"to": [9, 27.1, 7.75],
			"faces": {
				"north": {"uv": [0, 0, 1.5, 8.5], "texture": "#0"},
				"east": {"uv": [3, 5, 3.5, 13.5], "texture": "#0"},
				"south": {"uv": [1.5, 0, 3, 8.5], "texture": "#0"},
				"west": {"uv": [3.5, 5, 4, 13.5], "texture": "#0"},
				"up": {"uv": [8, 11.5, 6.5, 11], "texture": "#0"},
				"down": {"uv": [12.5, 7, 11, 7.5], "texture": "#0"}
			}
		},
		{
			"from": [6.25, 27.1, 7.25],
			"to": [8.75, 28.1, 7.75],
			"faces": {
				"north": {"uv": [11, 7.5, 12.5, 8], "texture": "#0"},
				"east": {"uv": [13, 8.5, 13.5, 9], "texture": "#0"},
				"south": {"uv": [8, 11, 9.5, 11.5], "texture": "#0"},
				"west": {"uv": [9, 13, 9.5, 13.5], "texture": "#0"},
				"up": {"uv": [12.5, 8.5, 11, 8], "texture": "#0"},
				"down": {"uv": [12.5, 8.5, 11, 9], "texture": "#0"}
			}
		},
		{
			"from": [6.75, 28.1, 7.25],
			"to": [8.25, 29.1, 7.75],
			"faces": {
				"north": {"uv": [11, 9, 12, 9.5], "texture": "#0"},
				"east": {"uv": [9.5, 13, 10, 13.5], "texture": "#0"},
				"south": {"uv": [9.5, 11, 10.5, 11.5], "texture": "#0"},
				"west": {"uv": [10, 13, 10.5, 13.5], "texture": "#0"},
				"up": {"uv": [12, 10, 11, 9.5], "texture": "#0"},
				"down": {"uv": [12, 10, 11, 10.5], "texture": "#0"}
			}
		},
		{
			"from": [9, 5, 7],
			"to": [10, 7, 8],
			"faces": {
				"north": {"uv": [5.5, 10, 6, 11], "texture": "#0"},
				"east": {"uv": [10.5, 11, 11, 12], "texture": "#0"},
				"south": {"uv": [11, 10.5, 11.5, 11.5], "texture": "#0"},
				"west": {"uv": [0, 11.5, 0.5, 12.5], "texture": "#0"},
				"up": {"uv": [11, 13.5, 10.5, 13], "texture": "#0"},
				"down": {"uv": [11.5, 13, 11, 13.5], "texture": "#0"}
			}
		},
		{
			"from": [11, 3, 7],
			"to": [12, 7, 8],
			"faces": {
				"north": {"uv": [1, 8.5, 1.5, 10.5], "texture": "#0"},
				"east": {"uv": [1.5, 8.5, 2, 10.5], "texture": "#0"},
				"south": {"uv": [2, 8.5, 2.5, 10.5], "texture": "#0"},
				"west": {"uv": [2.5, 8.5, 3, 10.5], "texture": "#0"},
				"up": {"uv": [12, 13.5, 11.5, 13], "texture": "#0"},
				"down": {"uv": [12.5, 13, 12, 13.5], "texture": "#0"}
			}
		},
		{
			"from": [13, 1, 7],
			"to": [14, 7, 8],
			"faces": {
				"north": {"uv": [6, 6, 6.5, 9], "texture": "#0"},
				"east": {"uv": [6.5, 6, 7, 9], "texture": "#0"},
				"south": {"uv": [5.5, 7, 6, 10], "texture": "#0"},
				"west": {"uv": [7, 6, 7.5, 9], "texture": "#0"},
				"up": {"uv": [13, 13.5, 12.5, 13], "texture": "#0"},
				"down": {"uv": [13.5, 13, 13, 13.5], "texture": "#0"}
			}
		},
		{
			"from": [1, 1, 7],
			"to": [2, 7, 8],
			"faces": {
				"north": {"uv": [7.5, 6, 8, 9], "texture": "#0"},
				"east": {"uv": [8, 6, 8.5, 9], "texture": "#0"},
				"south": {"uv": [0, 8.5, 0.5, 11.5], "texture": "#0"},
				"west": {"uv": [0.5, 8.5, 1, 11.5], "texture": "#0"},
				"up": {"uv": [0.5, 14, 0, 13.5], "texture": "#0"},
				"down": {"uv": [1, 13.5, 0.5, 14], "texture": "#0"}
			}
		},
		{
			"from": [3, 3, 7],
			"to": [4, 7, 8],
			"faces": {
				"north": {"uv": [6, 9, 6.5, 11], "texture": "#0"},
				"east": {"uv": [6.5, 9, 7, 11], "texture": "#0"},
				"south": {"uv": [7, 9, 7.5, 11], "texture": "#0"},
				"west": {"uv": [7.5, 9, 8, 11], "texture": "#0"},
				"up": {"uv": [1.5, 14, 1, 13.5], "texture": "#0"},
				"down": {"uv": [2, 13.5, 1.5, 14], "texture": "#0"}
			}
		},
		{
			"from": [5, 5, 7],
			"to": [6, 7, 8],
			"faces": {
				"north": {"uv": [0.5, 11.5, 1, 12.5], "texture": "#0"},
				"east": {"uv": [1, 11.5, 1.5, 12.5], "texture": "#0"},
				"south": {"uv": [1.5, 11.5, 2, 12.5], "texture": "#0"},
				"west": {"uv": [2, 11.5, 2.5, 12.5], "texture": "#0"},
				"up": {"uv": [2.5, 14, 2, 13.5], "texture": "#0"},
				"down": {"uv": [3, 13.5, 2.5, 14], "texture": "#0"}
			}
		},
		{
			"from": [4.95, 7, 6.95],
			"to": [6.05, 9, 8.05],
			"faces": {
				"north": {"uv": [2.5, 11.5, 3, 12.5], "texture": "#0"},
				"east": {"uv": [11.5, 4, 12, 5], "texture": "#0"},
				"south": {"uv": [11.5, 5, 12, 6], "texture": "#0"},
				"west": {"uv": [6.5, 11.5, 7, 12.5], "texture": "#0"},
				"up": {"uv": [3.5, 14, 3, 13.5], "texture": "#0"},
				"down": {"uv": [4, 13.5, 3.5, 14], "texture": "#0"}
			}
		},
		{
			"from": [8.95, 7, 6.95],
			"to": [10.05, 9, 8.05],
			"faces": {
				"north": {"uv": [7, 11.5, 7.5, 12.5], "texture": "#0"},
				"east": {"uv": [7.5, 11.5, 8, 12.5], "texture": "#0"},
				"south": {"uv": [8, 11.5, 8.5, 12.5], "texture": "#0"},
				"west": {"uv": [8.5, 11.5, 9, 12.5], "texture": "#0"},
				"up": {"uv": [4.5, 14, 4, 13.5], "texture": "#0"},
				"down": {"uv": [5, 13.5, 4.5, 14], "texture": "#0"}
			}
		},
		{
			"from": [10.95, 7, 6.95],
			"to": [12.05, 9, 8.05],
			"faces": {
				"north": {"uv": [9, 11.5, 9.5, 12.5], "texture": "#0"},
				"east": {"uv": [9.5, 11.5, 10, 12.5], "texture": "#0"},
				"south": {"uv": [10, 11.5, 10.5, 12.5], "texture": "#0"},
				"west": {"uv": [11.5, 10.5, 12, 11.5], "texture": "#0"},
				"up": {"uv": [5.5, 14, 5, 13.5], "texture": "#0"},
				"down": {"uv": [6, 13.5, 5.5, 14], "texture": "#0"}
			}
		},
		{
			"from": [12.95, 7, 6.95],
			"to": [14.05, 9, 8.05],
			"faces": {
				"north": {"uv": [11, 11.5, 11.5, 12.5], "texture": "#0"},
				"east": {"uv": [11.5, 11.5, 12, 12.5], "texture": "#0"},
				"south": {"uv": [12, 2, 12.5, 3], "texture": "#0"},
				"west": {"uv": [12, 3, 12.5, 4], "texture": "#0"},
				"up": {"uv": [6.5, 14, 6, 13.5], "texture": "#0"},
				"down": {"uv": [7, 13.5, 6.5, 14], "texture": "#0"}
			}
		},
		{
			"from": [2.95, 7, 6.95],
			"to": [4.05, 9, 8.05],
			"faces": {
				"north": {"uv": [4, 12, 4.5, 13], "texture": "#0"},
				"east": {"uv": [12, 4, 12.5, 5], "texture": "#0"},
				"south": {"uv": [4.5, 12, 5, 13], "texture": "#0"},
				"west": {"uv": [5, 12, 5.5, 13], "texture": "#0"},
				"up": {"uv": [7.5, 14, 7, 13.5], "texture": "#0"},
				"down": {"uv": [8, 13.5, 7.5, 14], "texture": "#0"}
			}
		},
		{
			"from": [0.95, 7, 6.95],
			"to": [2.05, 9, 8.05],
			"faces": {
				"north": {"uv": [12, 5, 12.5, 6], "texture": "#0"},
				"east": {"uv": [5.5, 12, 6, 13], "texture": "#0"},
				"south": {"uv": [6, 12, 6.5, 13], "texture": "#0"},
				"west": {"uv": [12, 6, 12.5, 7], "texture": "#0"},
				"up": {"uv": [8.5, 14, 8, 13.5], "texture": "#0"},
				"down": {"uv": [9, 13.5, 8.5, 14], "texture": "#0"}
			}
		},
		{
			"from": [1.45, 8, 7.45],
			"to": [1.55, 9.5, 7.55],
			"faces": {
				"north": {"uv": [12, 9, 12.5, 10], "texture": "#0"},
				"east": {"uv": [12, 10, 12.5, 11], "texture": "#0"},
				"south": {"uv": [10.5, 12, 11, 13], "texture": "#0"},
				"west": {"uv": [12, 11, 12.5, 12], "texture": "#0"},
				"up": {"uv": [14, 9, 13.5, 8.5], "texture": "#0"},
				"down": {"uv": [9.5, 13.5, 9, 14], "texture": "#0"}
			}
		},
		{
			"from": [3.45, 8, 7.45],
			"to": [3.55, 9.5, 7.55],
			"faces": {
				"north": {"uv": [12, 12, 12.5, 13], "texture": "#0"},
				"east": {"uv": [0, 12.5, 0.5, 13.5], "texture": "#0"},
				"south": {"uv": [12.5, 0, 13, 1], "texture": "#0"},
				"west": {"uv": [0.5, 12.5, 1, 13.5], "texture": "#0"},
				"up": {"uv": [14, 9.5, 13.5, 9], "texture": "#0"},
				"down": {"uv": [10, 13.5, 9.5, 14], "texture": "#0"}
			}
		},
		{
			"from": [5.45, 8, 7.45],
			"to": [5.55, 9.5, 7.55],
			"faces": {
				"north": {"uv": [1, 12.5, 1.5, 13.5], "texture": "#0"},
				"east": {"uv": [12.5, 1, 13, 2], "texture": "#0"},
				"south": {"uv": [1.5, 12.5, 2, 13.5], "texture": "#0"},
				"west": {"uv": [2, 12.5, 2.5, 13.5], "texture": "#0"},
				"up": {"uv": [14, 10, 13.5, 9.5], "texture": "#0"},
				"down": {"uv": [10.5, 13.5, 10, 14], "texture": "#0"}
			}
		},
		{
			"from": [9.45, 8, 7.45],
			"to": [9.55, 9.5, 7.55],
			"faces": {
				"north": {"uv": [12.5, 2, 13, 3], "texture": "#0"},
				"east": {"uv": [2.5, 12.5, 3, 13.5], "texture": "#0"},
				"south": {"uv": [12.5, 3, 13, 4], "texture": "#0"},
				"west": {"uv": [12.5, 4, 13, 5], "texture": "#0"},
				"up": {"uv": [14, 10.5, 13.5, 10], "texture": "#0"},
				"down": {"uv": [11, 13.5, 10.5, 14], "texture": "#0"}
			}
		},
		{
			"from": [11.45, 8, 7.45],
			"to": [11.55, 9.5, 7.55],
			"faces": {
				"north": {"uv": [12.5, 5, 13, 6], "texture": "#0"},
				"east": {"uv": [12.5, 6, 13, 7], "texture": "#0"},
				"south": {"uv": [6.5, 12.5, 7, 13.5], "texture": "#0"},
				"west": {"uv": [7, 12.5, 7.5, 13.5], "texture": "#0"},
				"up": {"uv": [14, 11, 13.5, 10.5], "texture": "#0"},
				"down": {"uv": [11.5, 13.5, 11, 14], "texture": "#0"}
			}
		},
		{
			"from": [13.45, 8, 7.45],
			"to": [13.55, 9.5, 7.55],
			"faces": {
				"north": {"uv": [12.5, 7, 13, 8], "texture": "#0"},
				"east": {"uv": [7.5, 12.5, 8, 13.5], "texture": "#0"},
				"south": {"uv": [8, 12.5, 8.5, 13.5], "texture": "#0"},
				"west": {"uv": [12.5, 8, 13, 9], "texture": "#0"},
				"up": {"uv": [14, 11.5, 13.5, 11], "texture": "#0"},
				"down": {"uv": [12, 13.5, 11.5, 14], "texture": "#0"}
			}
		},
		{
			"from": [4.75, 7, 6.75],
			"to": [6.25, 7.25, 8.25],
			"faces": {
				"north": {"uv": [8.5, 12.5, 9.5, 13], "texture": "#0"},
				"east": {"uv": [12.5, 9, 13.5, 9.5], "texture": "#0"},
				"south": {"uv": [9.5, 12.5, 10.5, 13], "texture": "#0"},
				"west": {"uv": [12.5, 9.5, 13.5, 10], "texture": "#0"},
				"up": {"uv": [9, 10, 8, 9], "texture": "#0"},
				"down": {"uv": [10, 9, 9, 10], "texture": "#0"}
			}
		},
		{
			"from": [2.75, 7, 6.75],
			"to": [4.25, 7.25, 8.25],
			"faces": {
				"north": {"uv": [12.5, 10, 13.5, 10.5], "texture": "#0"},
				"east": {"uv": [12.5, 10.5, 13.5, 11], "texture": "#0"},
				"south": {"uv": [11, 12.5, 12, 13], "texture": "#0"},
				"west": {"uv": [12.5, 11, 13.5, 11.5], "texture": "#0"},
				"up": {"uv": [9, 11, 8, 10], "texture": "#0"},
				"down": {"uv": [10, 10, 9, 11], "texture": "#0"}
			}
		},
		{
			"from": [0.75, 7, 6.75],
			"to": [2.25, 7.25, 8.25],
			"faces": {
				"north": {"uv": [12.5, 11.5, 13.5, 12], "texture": "#0"},
				"east": {"uv": [12.5, 12, 13.5, 12.5], "texture": "#0"},
				"south": {"uv": [12.5, 12.5, 13.5, 13], "texture": "#0"},
				"west": {"uv": [13, 0, 14, 0.5], "texture": "#0"},
				"up": {"uv": [11, 10, 10, 9], "texture": "#0"},
				"down": {"uv": [11, 10, 10, 11], "texture": "#0"}
			}
		},
		{
			"from": [8.75, 7, 6.75],
			"to": [10.25, 7.25, 8.25],
			"faces": {
				"north": {"uv": [13, 0.5, 14, 1], "texture": "#0"},
				"east": {"uv": [13, 1, 14, 1.5], "texture": "#0"},
				"south": {"uv": [13, 1.5, 14, 2], "texture": "#0"},
				"west": {"uv": [13, 2, 14, 2.5], "texture": "#0"},
				"up": {"uv": [2, 11.5, 1, 10.5], "texture": "#0"},
				"down": {"uv": [3, 10.5, 2, 11.5], "texture": "#0"}
			}
		},
		{
			"from": [5.25, 10, 6.75],
			"to": [9.75, 10.25, 8.25],
			"faces": {
				"north": {"uv": [8.5, 2, 11, 2.5], "texture": "#0"},
				"east": {"uv": [13, 2.5, 14, 3], "texture": "#0"},
				"south": {"uv": [8.5, 2.5, 11, 3], "texture": "#0"},
				"west": {"uv": [13, 3, 14, 3.5], "texture": "#0"},
				"up": {"uv": [8.5, 3, 6, 2], "texture": "#0"},
				"down": {"uv": [8.5, 3, 6, 4], "texture": "#0"}
			}
		},
		{
			"from": [10.75, 7, 6.75],
			"to": [12.25, 7.25, 8.25],
			"faces": {
				"north": {"uv": [13, 3.5, 14, 4], "texture": "#0"},
				"east": {"uv": [4, 13, 5, 13.5], "texture": "#0"},
				"south": {"uv": [13, 4, 14, 4.5], "texture": "#0"},
				"west": {"uv": [13, 4.5, 14, 5], "texture": "#0"},
				"up": {"uv": [11.5, 5, 10.5, 4], "texture": "#0"},
				"down": {"uv": [11.5, 5, 10.5, 6], "texture": "#0"}
			}
		},
		{
			"from": [12.75, 7, 6.75],
			"to": [14.25, 7.25, 8.25],
			"faces": {
				"north": {"uv": [5, 13, 6, 13.5], "texture": "#0"},
				"east": {"uv": [13, 5, 14, 5.5], "texture": "#0"},
				"south": {"uv": [13, 5.5, 14, 6], "texture": "#0"},
				"west": {"uv": [13, 6, 14, 6.5], "texture": "#0"},
				"up": {"uv": [12, 3, 11, 2], "texture": "#0"},
				"down": {"uv": [12, 3, 11, 4], "texture": "#0"}
			}
		},
		{
			"from": [1, 0, 6.9],
			"to": [14, 1, 8.1],
			"faces": {
				"north": {"uv": [6, 0, 12.5, 0.5], "texture": "#0"},
				"east": {"uv": [13.5, 11.5, 14, 12], "texture": "#0"},
				"south": {"uv": [6, 0.5, 12.5, 1], "texture": "#0"},
				"west": {"uv": [12, 13.5, 12.5, 14], "texture": "#0"},
				"up": {"uv": [12.5, 1.5, 6, 1], "texture": "#0"},
				"down": {"uv": [12.5, 1.5, 6, 2], "texture": "#0"}
			}
		},
		{
			"from": [3, 2, 6.9],
			"to": [12, 3, 8.1],
			"faces": {
				"north": {"uv": [6, 4, 10.5, 4.5], "texture": "#0"},
				"east": {"uv": [13.5, 12, 14, 12.5], "texture": "#0"},
				"south": {"uv": [6, 4.5, 10.5, 5], "texture": "#0"},
				"west": {"uv": [12.5, 13.5, 13, 14], "texture": "#0"},
				"up": {"uv": [10.5, 5.5, 6, 5], "texture": "#0"},
				"down": {"uv": [10.5, 5.5, 6, 6], "texture": "#0"}
			}
		},
		{
			"from": [5, 4, 6.9],
			"to": [10, 5, 8.1],
			"faces": {
				"north": {"uv": [8.5, 3, 11, 3.5], "texture": "#0"},
				"east": {"uv": [13.5, 12.5, 14, 13], "texture": "#0"},
				"south": {"uv": [8.5, 3.5, 11, 4], "texture": "#0"},
				"west": {"uv": [13, 13.5, 13.5, 14], "texture": "#0"},
				"up": {"uv": [11, 6.5, 8.5, 6], "texture": "#0"},
				"down": {"uv": [11, 6.5, 8.5, 7], "texture": "#0"}
			}
		},
		{
			"from": [6.5, -5, 6.5],
			"to": [8.5, -4, 8.5],
			"faces": {
				"north": {"uv": [13, 6.5, 14, 7], "texture": "#0"},
				"east": {"uv": [13, 7, 14, 7.5], "texture": "#0"},
				"south": {"uv": [13, 7.5, 14, 8], "texture": "#0"},
				"west": {"uv": [13, 8, 14, 8.5], "texture": "#0"},
				"up": {"uv": [6.5, 12, 5.5, 11], "texture": "#0"},
				"down": {"uv": [12, 6, 11, 7], "texture": "#0"}
			}
		},
		{
			"from": [5.25, -6, 5.25],
			"to": [9.75, -5, 9.75],
			"faces": {
				"north": {"uv": [8.5, 7, 11, 7.5], "texture": "#0"},
				"east": {"uv": [8.5, 7.5, 11, 8], "texture": "#0"},
				"south": {"uv": [8.5, 8, 11, 8.5], "texture": "#0"},
				"west": {"uv": [8.5, 8.5, 11, 9], "texture": "#0"},
				"up": {"uv": [5.5, 2.5, 3, 0], "texture": "#0"},
				"down": {"uv": [5.5, 2.5, 3, 5], "texture": "#0"}
			}
		}
	],
	"gui_light": "front",
	"display": {
		"thirdperson_righthand": {
			"rotation": [0, 90, 0],
			"translation": [0, 5.5, 1.25],
			"scale": [0.7, 0.7, 0.7]
		},
		"thirdperson_lefthand": {
			"rotation": [0, 90, 0],
			"translation": [0, 5.5, 1.25],
			"scale": [0.7, 0.7, 0.7]
		},
		"firstperson_righthand": {
			"rotation": [13, 90, 0],
			"translation": [2.75, -0.25, -4.75]
		},
		"firstperson_lefthand": {
			"rotation": [13, 90, 0],
			"translation": [2.75, -0.25, -4.75]
		},
		"ground": {
			"translation": [0, 3.25, 0],
			"scale": [0.5, 0.5, 0.5]
		},
		"gui": {
			"rotation": [0, 0, -45],
			"translation": [-1, -1.25, 0],
			"scale": [0.5, 0.5, 0.5]
		}
	}
}