{
	"credit": "Made with Blockbench",
	"texture_size": [32, 32],
	"textures": {
		"0": "item/monumentsword",
		"particle": "monumentsword"
	},
	"elements": [
		{
			"from": [7, -4, 7],
			"to": [8.5, 2, 8],
			"faces": {
				"north": {"uv": [0, 0, 1, 3], "texture": "#0"},
				"east": {"uv": [4, 0, 4.5, 3], "texture": "#0"},
				"south": {"uv": [1, 0, 2, 3], "texture": "#0"},
				"west": {"uv": [2, 4, 2.5, 7], "texture": "#0"},
				"up": {"uv": [5.5, 2.5, 4.5, 2], "texture": "#0"},
				"down": {"uv": [5.5, 2.5, 4.5, 3], "texture": "#0"}
			}
		},
		{
			"from": [6.88, -2, 6.88],
			"to": [8.63, 2, 8.13],
			"faces": {
				"north": {"uv": [2, 0, 3, 2], "texture": "#0"},
				"east": {"uv": [2.5, 4, 3, 6], "texture": "#0"},
				"south": {"uv": [2, 2, 3, 4], "texture": "#0"},
				"west": {"uv": [4, 3, 4.5, 5], "texture": "#0"},
				"up": {"uv": [5.5, 3.5, 4.5, 3], "texture": "#0"},
				"down": {"uv": [5.5, 3.5, 4.5, 4], "texture": "#0"}
			}
		},
		{
			"from": [6.38, 2.25, 6.88],
			"to": [9.13, 4.25, 8.13],
			"faces": {
				"north": {"uv": [8.5, 0, 11.5, 2], "texture": "#0"},
				"east": {"uv": [9.5, 4, 10.5, 6], "texture": "#0"},
				"south": {"uv": [8.5, 2, 11.5, 4], "texture": "#0"},
				"west": {"uv": [8.5, 4, 9.5, 6], "texture": "#0"},
				"up": {"uv": [13.5, 6, 10.5, 5], "texture": "#0"},
				"down": {"uv": [13.5, 4, 10.5, 5], "texture": "#0"}
			}
		},
		{
			"from": [6, -4, 7],
			"to": [7, -3, 8],
			"faces": {
				"north": {"uv": [5.5, 4, 6, 4.5], "texture": "#0"},
				"east": {"uv": [5.5, 4.5, 6, 5], "texture": "#0"},
				"south": {"uv": [5.5, 5, 6, 5.5], "texture": "#0"},
				"west": {"uv": [5.5, 5.5, 6, 6], "texture": "#0"},
				"up": {"uv": [6.5, 0.5, 6, 0], "texture": "#0"},
				"down": {"uv": [6.5, 0.5, 6, 1], "texture": "#0"}
			}
		},
		{
			"from": [8.25, 2, 7],
			"to": [9.5, 9, 8],
			"faces": {
				"north": {"uv": [0, 3, 0.5, 6.5], "texture": "#0"},
				"east": {"uv": [3, 0, 3.5, 3.5], "texture": "#0"},
				"south": {"uv": [0.5, 3, 1, 6.5], "texture": "#0"},
				"west": {"uv": [1, 3, 1.5, 6.5], "texture": "#0"},
				"up": {"uv": [3, 6.5, 2.5, 6], "texture": "#0"},
				"down": {"uv": [4.5, 6, 4, 6.5], "texture": "#0"}
			}
		},
		{
			"from": [9.25, 2.1, 7.12],
			"to": [10.5, 3.1, 7.87],
			"faces": {
				"north": {"uv": [6, 4, 6.5, 4.5], "texture": "#0"},
				"east": {"uv": [4.5, 6, 5, 6.5], "texture": "#0"},
				"south": {"uv": [6, 4.5, 6.5, 5], "texture": "#0"},
				"west": {"uv": [5, 6, 5.5, 6.5], "texture": "#0"},
				"up": {"uv": [6.5, 5.5, 6, 5], "texture": "#0"},
				"down": {"uv": [6, 6, 5.5, 6.5], "texture": "#0"}
			}
		},
		{
			"from": [5.25, 2.1, 7.12],
			"to": [6.5, 3.1, 7.87],
			"faces": {
				"north": {"uv": [6, 5.5, 6.5, 6], "texture": "#0"},
				"east": {"uv": [6, 6, 6.5, 6.5], "texture": "#0"},
				"south": {"uv": [0, 6.5, 0.5, 7], "texture": "#0"},
				"west": {"uv": [6.5, 0, 7, 0.5], "texture": "#0"},
				"up": {"uv": [1, 7, 0.5, 6.5], "texture": "#0"},
				"down": {"uv": [7, 0.5, 6.5, 1], "texture": "#0"}
			}
		},
		{
			"from": [9.25, 5.1, 7.12],
			"to": [10.5, 6.1, 7.87],
			"faces": {
				"north": {"uv": [1, 6.5, 1.5, 7], "texture": "#0"},
				"east": {"uv": [6.5, 1, 7, 1.5], "texture": "#0"},
				"south": {"uv": [1.5, 6.5, 2, 7], "texture": "#0"},
				"west": {"uv": [6.5, 1.5, 7, 2], "texture": "#0"},
				"up": {"uv": [7, 2.5, 6.5, 2], "texture": "#0"},
				"down": {"uv": [3, 6.5, 2.5, 7], "texture": "#0"}
			}
		},
		{
			"from": [5.25, 5.1, 7.12],
			"to": [6.5, 6.1, 7.87],
			"faces": {
				"north": {"uv": [6.5, 2.5, 7, 3], "texture": "#0"},
				"east": {"uv": [6.5, 3, 7, 3.5], "texture": "#0"},
				"south": {"uv": [6.5, 3.5, 7, 4], "texture": "#0"},
				"west": {"uv": [4, 6.5, 4.5, 7], "texture": "#0"},
				"up": {"uv": [7, 4.5, 6.5, 4], "texture": "#0"},
				"down": {"uv": [5, 6.5, 4.5, 7], "texture": "#0"}
			}
		},
		{
			"from": [5.25, 8.1, 7.12],
			"to": [6.5, 9.1, 7.87],
			"faces": {
				"north": {"uv": [6.5, 4.5, 7, 5], "texture": "#0"},
				"east": {"uv": [5, 6.5, 5.5, 7], "texture": "#0"},
				"south": {"uv": [6.5, 5, 7, 5.5], "texture": "#0"},
				"west": {"uv": [5.5, 6.5, 6, 7], "texture": "#0"},
				"up": {"uv": [7, 6, 6.5, 5.5], "texture": "#0"},
				"down": {"uv": [6.5, 6.5, 6, 7], "texture": "#0"}
			}
		},
		{
			"from": [9, 8.1, 7.12],
			"to": [10.25, 9.1, 7.87],
			"faces": {
				"north": {"uv": [1, 7, 1.5, 7.5], "texture": "#0"},
				"east": {"uv": [7, 1, 7.5, 1.5], "texture": "#0"},
				"south": {"uv": [1.5, 7, 2, 7.5], "texture": "#0"},
				"west": {"uv": [7, 1.5, 7.5, 2], "texture": "#0"},
				"up": {"uv": [2.5, 7.5, 2, 7], "texture": "#0"},
				"down": {"uv": [7.5, 2, 7, 2.5], "texture": "#0"}
			}
		},
		{
			"from": [8, 11.1, 7.12],
			"to": [9.25, 11.85, 7.87],
			"rotation": {"angle": 45, "axis": "z", "origin": [8.625, 11.475, 7.495]},
			"faces": {
				"north": {"uv": [2.5, 7, 3, 7.5], "texture": "#0"},
				"east": {"uv": [7, 2.5, 7.5, 3], "texture": "#0"},
				"south": {"uv": [3, 7, 3.5, 7.5], "texture": "#0"},
				"west": {"uv": [7, 3, 7.5, 3.5], "texture": "#0"},
				"up": {"uv": [4, 7.5, 3.5, 7], "texture": "#0"},
				"down": {"uv": [7.5, 3.5, 7, 4], "texture": "#0"}
			}
		},
		{
			"from": [9.25, 3.6, 7.12],
			"to": [10.5, 4.6, 7.87],
			"faces": {
				"north": {"uv": [4, 7, 4.5, 7.5], "texture": "#0"},
				"east": {"uv": [7, 4, 7.5, 4.5], "texture": "#0"},
				"south": {"uv": [4.5, 7, 5, 7.5], "texture": "#0"},
				"west": {"uv": [7, 4.5, 7.5, 5], "texture": "#0"},
				"up": {"uv": [5.5, 7.5, 5, 7], "texture": "#0"},
				"down": {"uv": [7.5, 5, 7, 5.5], "texture": "#0"}
			}
		},
		{
			"from": [7.38, 3, 6.75],
			"to": [8.13, 3.75, 8.25],
			"faces": {
				"north": {"uv": [3.5, 8, 4, 8.5], "texture": "#0"},
				"east": {"uv": [5, 8, 5.5, 8.5], "texture": "#0"},
				"south": {"uv": [2.5, 8, 3, 8.5], "texture": "#0"},
				"west": {"uv": [4.5, 8, 5, 8.5], "texture": "#0"},
				"up": {"uv": [3.5, 8.5, 3, 8], "texture": "#0"},
				"down": {"uv": [4.5, 8, 4, 8.5], "texture": "#0"}
			}
		},
		{
			"from": [5.25, 3.6, 7.12],
			"to": [6.5, 4.6, 7.87],
			"faces": {
				"north": {"uv": [5.5, 7, 6, 7.5], "texture": "#0"},
				"east": {"uv": [7, 5.5, 7.5, 6], "texture": "#0"},
				"south": {"uv": [6, 7, 6.5, 7.5], "texture": "#0"},
				"west": {"uv": [7, 6, 7.5, 6.5], "texture": "#0"},
				"up": {"uv": [7, 7.5, 6.5, 7], "texture": "#0"},
				"down": {"uv": [7.5, 6.5, 7, 7], "texture": "#0"}
			}
		},
		{
			"from": [9.25, 6.6, 7.12],
			"to": [10.5, 7.6, 7.87],
			"faces": {
				"north": {"uv": [7, 7, 7.5, 7.5], "texture": "#0"},
				"east": {"uv": [0, 7.5, 0.5, 8], "texture": "#0"},
				"south": {"uv": [7.5, 0, 8, 0.5], "texture": "#0"},
				"west": {"uv": [0.5, 7.5, 1, 8], "texture": "#0"},
				"up": {"uv": [8, 1, 7.5, 0.5], "texture": "#0"},
				"down": {"uv": [1.5, 7.5, 1, 8], "texture": "#0"}
			}
		},
		{
			"from": [5.25, 6.6, 7.12],
			"to": [6.5, 7.6, 7.87],
			"faces": {
				"north": {"uv": [7.5, 1, 8, 1.5], "texture": "#0"},
				"east": {"uv": [1.5, 7.5, 2, 8], "texture": "#0"},
				"south": {"uv": [7.5, 1.5, 8, 2], "texture": "#0"},
				"west": {"uv": [2, 7.5, 2.5, 8], "texture": "#0"},
				"up": {"uv": [8, 2.5, 7.5, 2], "texture": "#0"},
				"down": {"uv": [3, 7.5, 2.5, 8], "texture": "#0"}
			}
		},
		{
			"from": [5.25, 9.6, 7.12],
			"to": [6.5, 10.6, 7.87],
			"faces": {
				"north": {"uv": [7.5, 2.5, 8, 3], "texture": "#0"},
				"east": {"uv": [3, 7.5, 3.5, 8], "texture": "#0"},
				"south": {"uv": [7.5, 3, 8, 3.5], "texture": "#0"},
				"west": {"uv": [3.5, 7.5, 4, 8], "texture": "#0"},
				"up": {"uv": [8, 4, 7.5, 3.5], "texture": "#0"},
				"down": {"uv": [4.5, 7.5, 4, 8], "texture": "#0"}
			}
		},
		{
			"from": [8.75, 9.6, 7.12],
			"to": [10, 10.6, 7.87],
			"rotation": {"angle": 22.5, "axis": "z", "origin": [9.375, 10.1, 7.495]},
			"faces": {
				"north": {"uv": [7.5, 4, 8, 4.5], "texture": "#0"},
				"east": {"uv": [4.5, 7.5, 5, 8], "texture": "#0"},
				"south": {"uv": [7.5, 4.5, 8, 5], "texture": "#0"},
				"west": {"uv": [5, 7.5, 5.5, 8], "texture": "#0"},
				"up": {"uv": [8, 5.5, 7.5, 5], "texture": "#0"},
				"down": {"uv": [6, 7.5, 5.5, 8], "texture": "#0"}
			}
		},
		{
			"from": [7.75, 9, 7],
			"to": [9, 11, 8],
			"faces": {
				"north": {"uv": [4.5, 4, 5, 5], "texture": "#0"},
				"east": {"uv": [4, 5, 4.5, 6], "texture": "#0"},
				"south": {"uv": [5, 4, 5.5, 5], "texture": "#0"},
				"west": {"uv": [4.5, 5, 5, 6], "texture": "#0"},
				"up": {"uv": [8, 6, 7.5, 5.5], "texture": "#0"},
				"down": {"uv": [6.5, 7.5, 6, 8], "texture": "#0"}
			}
		},
		{
			"from": [6, 2, 7],
			"to": [7.25, 9, 8],
			"faces": {
				"north": {"uv": [1.5, 3, 2, 6.5], "texture": "#0"},
				"east": {"uv": [3.5, 0, 4, 3.5], "texture": "#0"},
				"south": {"uv": [3, 3.5, 3.5, 7], "texture": "#0"},
				"west": {"uv": [3.5, 3.5, 4, 7], "texture": "#0"},
				"up": {"uv": [8, 6.5, 7.5, 6], "texture": "#0"},
				"down": {"uv": [7, 7.5, 6.5, 8], "texture": "#0"}
			}
		},
		{
			"from": [7.25, 2, 7],
			"to": [8.25, 3, 8],
			"faces": {
				"north": {"uv": [7.5, 6.5, 8, 7], "texture": "#0"},
				"east": {"uv": [7, 7.5, 7.5, 8], "texture": "#0"},
				"south": {"uv": [7.5, 7, 8, 7.5], "texture": "#0"},
				"west": {"uv": [7.5, 7.5, 8, 8], "texture": "#0"},
				"up": {"uv": [0.5, 8.5, 0, 8], "texture": "#0"},
				"down": {"uv": [8.5, 0, 8, 0.5], "texture": "#0"}
			}
		},
		{
			"from": [6, 9, 7],
			"to": [7.75, 11, 8],
			"faces": {
				"north": {"uv": [4.5, 0, 5.5, 1], "texture": "#0"},
				"east": {"uv": [5, 5, 5.5, 6], "texture": "#0"},
				"south": {"uv": [4.5, 1, 5.5, 2], "texture": "#0"},
				"west": {"uv": [5.5, 0, 6, 1], "texture": "#0"},
				"up": {"uv": [6.5, 1.5, 5.5, 1], "texture": "#0"},
				"down": {"uv": [6.5, 1.5, 5.5, 2], "texture": "#0"}
			}
		},
		{
			"from": [6, 11, 7],
			"to": [8.25, 12, 8],
			"faces": {
				"north": {"uv": [5.5, 2, 6.5, 2.5], "texture": "#0"},
				"east": {"uv": [0.5, 8, 1, 8.5], "texture": "#0"},
				"south": {"uv": [5.5, 2.5, 6.5, 3], "texture": "#0"},
				"west": {"uv": [8, 0.5, 8.5, 1], "texture": "#0"},
				"up": {"uv": [6.5, 3.5, 5.5, 3], "texture": "#0"},
				"down": {"uv": [6.5, 3.5, 5.5, 4], "texture": "#0"}
			}
		},
		{
			"from": [6, 12, 7],
			"to": [7.25, 13, 8],
			"faces": {
				"north": {"uv": [1, 8, 1.5, 8.5], "texture": "#0"},
				"east": {"uv": [8, 1, 8.5, 1.5], "texture": "#0"},
				"south": {"uv": [1.5, 8, 2, 8.5], "texture": "#0"},
				"west": {"uv": [8, 1.5, 8.5, 2], "texture": "#0"},
				"up": {"uv": [2.5, 8.5, 2, 8], "texture": "#0"},
				"down": {"uv": [8.5, 2, 8, 2.5], "texture": "#0"}
			}
		}
	],
	"gui_light": "front",
	"display": {
		"thirdperson_righthand": {
			"rotation": [0, 90, 0],
			"translation": [0, 6.25, 1]
		},
		"thirdperson_lefthand": {
			"rotation": [0, -90, 0],
			"translation": [-1, 6.25, 1]
		},
		"firstperson_righthand": {
			"rotation": [16, 90, 0],
			"translation": [0, 6.5, 1.25]
		},
		"firstperson_lefthand": {
			"rotation": [16, -90, 0],
			"translation": [0, 6.5, 0.75]
		},
		"ground": {
			"translation": [0, 2.5, 0],
			"scale": [0.5, 0.5, 0.5]
		},
		"gui": {
			"rotation": [0, 0, -45],
			"translation": [3, 2, 0]
		},
		"fixed": {
			"translation": [0, 3.75, 0]
		}
	}
}