{
	"credit": "Made with Blockbench",
	"texture_size": [32, 32],
	"textures": {
		"0": "item/mushroomaxe",
		"particle": "mushroomaxe"
	},
	"elements": [
		{
			"from": [7, -16, 7],
			"to": [8.5, 14, 8.5],
			"faces": {
				"north": {"uv": [0, 0, 1, 15], "texture": "#0"},
				"east": {"uv": [1, 0, 2, 15], "texture": "#0"},
				"south": {"uv": [2, 0, 3, 15], "texture": "#0"},
				"west": {"uv": [3, 0, 4, 15], "texture": "#0"},
				"up": {"uv": [10.5, 7, 9.5, 6], "texture": "#0"},
				"down": {"uv": [10.5, 7, 9.5, 8], "texture": "#0"}
			}
		},
		{
			"from": [7, 18, 7],
			"to": [8.5, 22, 8.5],
			"faces": {
				"north": {"uv": [4, 8.5, 5, 10.5], "texture": "#0"},
				"east": {"uv": [5, 8.5, 6, 10.5], "texture": "#0"},
				"south": {"uv": [6, 8.5, 7, 10.5], "texture": "#0"},
				"west": {"uv": [7, 8.5, 8, 10.5], "texture": "#0"},
				"up": {"uv": [10.5, 9, 9.5, 8], "texture": "#0"},
				"down": {"uv": [10.5, 9, 9.5, 10], "texture": "#0"}
			}
		},
		{
			"from": [4.25, 21, 7.5],
			"to": [11.25, 27, 8],
			"faces": {
				"north": {"uv": [4, 0, 7.5, 3], "texture": "#0"},
				"east": {"uv": [9, 1, 9.5, 4], "texture": "#0"},
				"south": {"uv": [4, 3, 7.5, 6], "texture": "#0"},
				"west": {"uv": [8, 9, 8.5, 12], "texture": "#0"},
				"up": {"uv": [12.5, 0.5, 9, 0], "texture": "#0"},
				"down": {"uv": [12.5, 0.5, 9, 1], "texture": "#0"}
			}
		},
		{
			"from": [2.25, 21, 7.5],
			"to": [4.25, 26, 8],
			"faces": {
				"north": {"uv": [4, 6, 5, 8.5], "texture": "#0"},
				"east": {"uv": [8.5, 9, 9, 11.5], "texture": "#0"},
				"south": {"uv": [5, 6, 6, 8.5], "texture": "#0"},
				"west": {"uv": [9, 9, 9.5, 11.5], "texture": "#0"},
				"up": {"uv": [8, 11, 7, 10.5], "texture": "#0"},
				"down": {"uv": [11.5, 7.5, 10.5, 8], "texture": "#0"}
			}
		},
		{
			"from": [11.25, 21, 7.5],
			"to": [13.25, 26, 8],
			"faces": {
				"north": {"uv": [6, 6, 7, 8.5], "texture": "#0"},
				"east": {"uv": [9.5, 1, 10, 3.5], "texture": "#0"},
				"south": {"uv": [7, 6, 8, 8.5], "texture": "#0"},
				"west": {"uv": [9.5, 3.5, 10, 6], "texture": "#0"},
				"up": {"uv": [11.5, 8.5, 10.5, 8], "texture": "#0"},
				"down": {"uv": [11.5, 8.5, 10.5, 9], "texture": "#0"}
			}
		},
		{
			"from": [13.25, 21, 7.5],
			"to": [14.25, 24, 8],
			"faces": {
				"north": {"uv": [9, 4, 9.5, 5.5], "texture": "#0"},
				"east": {"uv": [4, 10.5, 4.5, 12], "texture": "#0"},
				"south": {"uv": [4.5, 10.5, 5, 12], "texture": "#0"},
				"west": {"uv": [5, 10.5, 5.5, 12], "texture": "#0"},
				"up": {"uv": [9.5, 6, 9, 5.5], "texture": "#0"},
				"down": {"uv": [11, 9, 10.5, 9.5], "texture": "#0"}
			}
		},
		{
			"from": [1.25, 21, 7.5],
			"to": [2.25, 24, 8],
			"faces": {
				"north": {"uv": [5.5, 10.5, 6, 12], "texture": "#0"},
				"east": {"uv": [6, 10.5, 6.5, 12], "texture": "#0"},
				"south": {"uv": [10.5, 6, 11, 7.5], "texture": "#0"},
				"west": {"uv": [6.5, 10.5, 7, 12], "texture": "#0"},
				"up": {"uv": [11, 10, 10.5, 9.5], "texture": "#0"},
				"down": {"uv": [11, 10, 10.5, 10.5], "texture": "#0"}
			}
		},
		{
			"from": [6.25, 16, 6.25],
			"to": [9.25, 18.5, 9.25],
			"faces": {
				"north": {"uv": [7.5, 0, 9, 1.5], "texture": "#0"},
				"east": {"uv": [7.5, 1.5, 9, 3], "texture": "#0"},
				"south": {"uv": [7.5, 3, 9, 4.5], "texture": "#0"},
				"west": {"uv": [7.5, 4.5, 9, 6], "texture": "#0"},
				"up": {"uv": [9.5, 7.5, 8, 6], "texture": "#0"},
				"down": {"uv": [9.5, 7.5, 8, 9], "texture": "#0"}
			}
		},
		{
			"from": [6.75, 14, 6.75],
			"to": [8.75, 16, 8.75],
			"faces": {
				"north": {"uv": [10, 1, 11, 2], "texture": "#0"},
				"east": {"uv": [10, 2, 11, 3], "texture": "#0"},
				"south": {"uv": [10, 3, 11, 4], "texture": "#0"},
				"west": {"uv": [10, 4, 11, 5], "texture": "#0"},
				"up": {"uv": [11, 6, 10, 5], "texture": "#0"},
				"down": {"uv": [10.5, 10, 9.5, 11], "texture": "#0"}
			}
		}
	],
	"gui_light": "front",
	"display": {
		"thirdperson_righthand": {
			"rotation": [0, 90, 0],
			"translation": [0, 2.25, 1.25],
			"scale": [0.8, 0.8, 0.8]
		},
		"thirdperson_lefthand": {
			"rotation": [0, 90, 0],
			"translation": [0, 2.25, 1.75],
			"scale": [0.8, 0.8, 0.8]
		},
		"firstperson_righthand": {
			"rotation": [20, 90, 0],
			"translation": [0.5, 1, -2]
		},
		"firstperson_lefthand": {
			"rotation": [20, 90, 0],
			"translation": [0.5, 1, -2]
		},
		"ground": {
			"translation": [0, 9, 0],
			"scale": [0.5, 0.5, 0.5]
		},
		"gui": {
			"rotation": [0, 0, -45],
			"translation": [0, 0.25, 0],
			"scale": [0.5, 0.5, 0.5]
		}
	}
}