{
	"credit": "Made with Blockbench",
	"texture_size": [32, 32],
	"textures": {
		"0": "item/netheritemace",
		"particle": "netheritemace"
	},
	"elements": [
		{
			"from": [7, -8, 7],
			"to": [8.5, 15, 8.5],
			"faces": {
				"north": {"uv": [0, 0, 1, 11.5], "texture": "#0"},
				"east": {"uv": [1, 0, 2, 11.5], "texture": "#0"},
				"south": {"uv": [2, 0, 3, 11.5], "texture": "#0"},
				"west": {"uv": [3, 0, 4, 11.5], "texture": "#0"},
				"up": {"uv": [12.5, 13, 11.5, 12], "texture": "#0"},
				"down": {"uv": [2, 12.5, 1, 13.5], "texture": "#0"}
			}
		},
		{
			"from": [6.75, -3, 6.75],
			"to": [8.75, 6, 8.75],
			"faces": {
				"north": {"uv": [4, 9, 5, 13.5], "texture": "#0"},
				"east": {"uv": [5, 9, 6, 13.5], "texture": "#0"},
				"south": {"uv": [6, 9, 7, 13.5], "texture": "#0"},
				"west": {"uv": [7, 9, 8, 13.5], "texture": "#0"},
				"up": {"uv": [13.5, 4, 12.5, 3], "texture": "#0"},
				"down": {"uv": [9, 12.5, 8, 13.5], "texture": "#0"}
			}
		},
		{
			"from": [6.25, -10, 6.75],
			"to": [9.25, -7, 8.75],
			"rotation": {"angle": -45, "axis": "z", "origin": [7.75, -8.5, 7.75]},
			"faces": {
				"north": {"uv": [10, 2, 11.5, 3.5], "texture": "#0"},
				"east": {"uv": [10, 5, 11, 6.5], "texture": "#0"},
				"south": {"uv": [10, 3.5, 11.5, 5], "texture": "#0"},
				"west": {"uv": [10, 6.5, 11, 8], "texture": "#0"},
				"up": {"uv": [11.5, 9, 10, 8], "texture": "#0"},
				"down": {"uv": [11.5, 9, 10, 10], "texture": "#0"}
			}
		},
		{
			"from": [6, 15, 6],
			"to": [9.5, 16, 9.5],
			"faces": {
				"north": {"uv": [12, 7.5, 14, 8], "texture": "#0"},
				"east": {"uv": [12.5, 4, 14.5, 4.5], "texture": "#0"},
				"south": {"uv": [12.5, 10, 14.5, 10.5], "texture": "#0"},
				"west": {"uv": [12.5, 10.5, 14.5, 11], "texture": "#0"},
				"up": {"uv": [10, 11, 8, 9], "texture": "#0"},
				"down": {"uv": [12, 0, 10, 2], "texture": "#0"}
			}
		},
		{
			"from": [5, 16, 5],
			"to": [10.5, 21.5, 10.5],
			"faces": {
				"north": {"uv": [4, 0, 7, 3], "texture": "#0"},
				"east": {"uv": [4, 3, 7, 6], "texture": "#0"},
				"south": {"uv": [4, 6, 7, 9], "texture": "#0"},
				"west": {"uv": [7, 0, 10, 3], "texture": "#0"},
				"up": {"uv": [10, 6, 7, 3], "texture": "#0"},
				"down": {"uv": [10, 6, 7, 9], "texture": "#0"}
			}
		},
		{
			"from": [7, 21, 7],
			"to": [8.5, 23.5, 8.5],
			"faces": {
				"north": {"uv": [10, 10, 11, 11.5], "texture": "#0"},
				"east": {"uv": [11, 5, 12, 6.5], "texture": "#0"},
				"south": {"uv": [11, 6.5, 12, 8], "texture": "#0"},
				"west": {"uv": [8, 11, 9, 12.5], "texture": "#0"},
				"up": {"uv": [10, 13.5, 9, 12.5], "texture": "#0"},
				"down": {"uv": [13.5, 11, 12.5, 12], "texture": "#0"}
			}
		},
		{
			"from": [7, 18, 10],
			"to": [8.5, 19.5, 12.5],
			"faces": {
				"north": {"uv": [12.5, 12, 13.5, 13], "texture": "#0"},
				"east": {"uv": [11, 10, 12.5, 11], "texture": "#0"},
				"south": {"uv": [0, 13, 1, 14], "texture": "#0"},
				"west": {"uv": [11, 11, 12.5, 12], "texture": "#0"},
				"up": {"uv": [10, 12.5, 9, 11], "texture": "#0"},
				"down": {"uv": [1, 11.5, 0, 13], "texture": "#0"}
			}
		},
		{
			"from": [7, 18, 3],
			"to": [8.5, 19.5, 5.5],
			"faces": {
				"north": {"uv": [2, 13, 3, 14], "texture": "#0"},
				"east": {"uv": [1, 11.5, 2.5, 12.5], "texture": "#0"},
				"south": {"uv": [13, 2, 14, 3], "texture": "#0"},
				"west": {"uv": [11.5, 2, 13, 3], "texture": "#0"},
				"up": {"uv": [3.5, 13, 2.5, 11.5], "texture": "#0"},
				"down": {"uv": [12.5, 3, 11.5, 4.5], "texture": "#0"}
			}
		},
		{
			"from": [10, 18, 7],
			"to": [12.5, 19.5, 8.5],
			"faces": {
				"north": {"uv": [11.5, 8, 13, 9], "texture": "#0"},
				"east": {"uv": [3, 13, 4, 14], "texture": "#0"},
				"south": {"uv": [11.5, 9, 13, 10], "texture": "#0"},
				"west": {"uv": [13, 8, 14, 9], "texture": "#0"},
				"up": {"uv": [13.5, 1, 12, 0], "texture": "#0"},
				"down": {"uv": [13.5, 1, 12, 2], "texture": "#0"}
			}
		},
		{
			"from": [3, 18, 7],
			"to": [5.5, 19.5, 8.5],
			"faces": {
				"north": {"uv": [12, 4.5, 13.5, 5.5], "texture": "#0"},
				"east": {"uv": [13, 9, 14, 10], "texture": "#0"},
				"south": {"uv": [12, 5.5, 13.5, 6.5], "texture": "#0"},
				"west": {"uv": [10, 13, 11, 14], "texture": "#0"},
				"up": {"uv": [13.5, 7.5, 12, 6.5], "texture": "#0"},
				"down": {"uv": [11.5, 12, 10, 13], "texture": "#0"}
			}
		}
	],
	"gui_light": "front",
	"display": {
		"thirdperson_righthand": {
			"rotation": [0, 90, 0],
			"translation": [0, 2.5, 1.5],
			"scale": [0.7, 0.7, 0.7]
		},
		"thirdperson_lefthand": {
			"rotation": [0, 90, 0],
			"translation": [0, 2.5, 1.5],
			"scale": [0.7, 0.7, 0.7]
		},
		"firstperson_righthand": {
			"rotation": [15, 0, 0],
			"translation": [3.25, 0.75, -3]
		},
		"firstperson_lefthand": {
			"rotation": [15, 0, 0],
			"translation": [3.25, 0.75, -3]
		},
		"ground": {
			"translation": [0, 5.75, 0],
			"scale": [0.5, 0.5, 0.5]
		},
		"gui": {
			"rotation": [0, 0, -45],
			"translation": [0.5, 0.25, 0],
			"scale": [0.6, 0.6, 0.6]
		}
	}
}