{
	"credit": "Made with Blockbench",
	"textures": {
		"0": "item/palesword",
		"particle": "palesword"
	},
	"elements": [
		{
			"from": [7, 0.5, 7.25],
			"to": [8.5, 2, 8.75],
			"rotation": {"angle": -45, "axis": "z", "origin": [8, 1, 8]},
			"faces": {
				"north": {"uv": [10, 3, 12, 5], "texture": "#0"},
				"east": {"uv": [4, 10, 6, 12], "texture": "#0"},
				"south": {"uv": [10, 5, 12, 7], "texture": "#0"},
				"west": {"uv": [10, 7, 12, 9], "texture": "#0"},
				"up": {"uv": [10, 12, 8, 10], "texture": "#0"},
				"down": {"uv": [12, 9, 10, 11], "texture": "#0"}
			}
		},
		{
			"from": [7.5, 1.75, 7.5],
			"to": [8.5, 5.75, 8.5],
			"rotation": {"angle": 0, "axis": "y", "origin": [6.75, 1.75, 7.25]},
			"faces": {
				"north": {"uv": [10, 11, 11, 15], "texture": "#0"},
				"east": {"uv": [11, 11, 12, 15], "texture": "#0"},
				"south": {"uv": [12, 0, 13, 4], "texture": "#0"},
				"west": {"uv": [4, 12, 5, 16], "texture": "#0"},
				"up": {"uv": [10, 13, 9, 12], "texture": "#0"},
				"down": {"uv": [1, 14, 0, 15], "texture": "#0"}
			}
		},
		{
			"from": [7, 5.75, 7.375],
			"to": [9, 6.5, 8.625],
			"rotation": {"angle": 0, "axis": "y", "origin": [7, 5.75, 6.875]},
			"faces": {
				"north": {"uv": [12, 10, 14, 11], "texture": "#0"},
				"east": {"uv": [1, 14, 2, 15], "texture": "#0"},
				"south": {"uv": [12, 11, 14, 12], "texture": "#0"},
				"west": {"uv": [6, 14, 7, 15], "texture": "#0"},
				"up": {"uv": [14, 13, 12, 12], "texture": "#0"},
				"down": {"uv": [2, 13, 0, 14], "texture": "#0"}
			}
		},
		{
			"from": [5.5, 6, 7.6],
			"to": [7, 6.5, 8.4],
			"rotation": {"angle": 0, "axis": "y", "origin": [5, 5.5, 7.5]},
			"faces": {
				"north": {"uv": [13, 0, 15, 1], "texture": "#0"},
				"east": {"uv": [7, 14, 8, 15], "texture": "#0"},
				"south": {"uv": [13, 1, 15, 2], "texture": "#0"},
				"west": {"uv": [8, 14, 9, 15], "texture": "#0"},
				"up": {"uv": [15, 3, 13, 2], "texture": "#0"},
				"down": {"uv": [15, 3, 13, 4], "texture": "#0"}
			}
		},
		{
			"from": [5, 6, 7.5],
			"to": [5.5, 6.5, 8.5],
			"rotation": {"angle": 0, "axis": "y", "origin": [3.5, 5.5, 7.5]},
			"faces": {
				"north": {"uv": [14, 8, 15, 9], "texture": "#0"},
				"east": {"uv": [9, 14, 10, 15], "texture": "#0"},
				"south": {"uv": [14, 9, 15, 10], "texture": "#0"},
				"west": {"uv": [14, 10, 15, 11], "texture": "#0"},
				"up": {"uv": [15, 12, 14, 11], "texture": "#0"},
				"down": {"uv": [13, 14, 12, 15], "texture": "#0"}
			}
		},
		{
			"from": [9, 6, 7.6],
			"to": [10.5, 6.5, 8.4],
			"rotation": {"angle": 0, "axis": "y", "origin": [9, 5.5, 7.5]},
			"faces": {
				"north": {"uv": [13, 4, 15, 5], "texture": "#0"},
				"east": {"uv": [14, 12, 15, 13], "texture": "#0"},
				"south": {"uv": [13, 5, 15, 6], "texture": "#0"},
				"west": {"uv": [13, 14, 14, 15], "texture": "#0"},
				"up": {"uv": [8, 14, 6, 13], "texture": "#0"},
				"down": {"uv": [15, 6, 13, 7], "texture": "#0"}
			}
		},
		{
			"from": [10.5, 6, 7.5],
			"to": [11, 6.5, 8.5],
			"rotation": {"angle": 0, "axis": "y", "origin": [10.5, 5.5, 7.5]},
			"faces": {
				"north": {"uv": [14, 13, 15, 14], "texture": "#0"},
				"east": {"uv": [14, 14, 15, 15], "texture": "#0"},
				"south": {"uv": [0, 15, 1, 16], "texture": "#0"},
				"west": {"uv": [15, 0, 16, 1], "texture": "#0"},
				"up": {"uv": [2, 16, 1, 15], "texture": "#0"},
				"down": {"uv": [16, 1, 15, 2], "texture": "#0"}
			}
		},
		{
			"from": [6.75, 6.5, 7.75],
			"to": [9.25, 16.5, 8.25],
			"rotation": {"angle": 0, "axis": "y", "origin": [7.5, 6.5, 7]},
			"faces": {
				"north": {"uv": [0, 0, 3, 10], "texture": "#0"},
				"east": {"uv": [8, 0, 9, 10], "texture": "#0"},
				"south": {"uv": [3, 0, 6, 10], "texture": "#0"},
				"west": {"uv": [9, 0, 10, 10], "texture": "#0"},
				"up": {"uv": [9, 13, 6, 12], "texture": "#0"},
				"down": {"uv": [15, 7, 12, 8], "texture": "#0"}
			}
		},
		{
			"from": [7, 16.5, 7.75],
			"to": [9, 22.5, 8.25],
			"rotation": {"angle": 0, "axis": "y", "origin": [7.5, 16.5, 7]},
			"faces": {
				"north": {"uv": [6, 0, 8, 6], "texture": "#0"},
				"east": {"uv": [2, 10, 3, 16], "texture": "#0"},
				"south": {"uv": [6, 6, 8, 12], "texture": "#0"},
				"west": {"uv": [3, 10, 4, 16], "texture": "#0"},
				"up": {"uv": [10, 14, 8, 13], "texture": "#0"},
				"down": {"uv": [14, 13, 12, 14], "texture": "#0"}
			}
		},
		{
			"from": [7.25, 22.5, 7.75],
			"to": [8.75, 25.75, 8.25],
			"rotation": {"angle": 0, "axis": "y", "origin": [7.5, 22.5, 7]},
			"faces": {
				"north": {"uv": [0, 10, 2, 13], "texture": "#0"},
				"east": {"uv": [12, 4, 13, 7], "texture": "#0"},
				"south": {"uv": [10, 0, 12, 3], "texture": "#0"},
				"west": {"uv": [5, 12, 6, 15], "texture": "#0"},
				"up": {"uv": [14, 9, 12, 8], "texture": "#0"},
				"down": {"uv": [14, 9, 12, 10], "texture": "#0"}
			}
		}
	],
	"display": {
		"thirdperson_righthand": {
			"rotation": [0, 90, 0],
			"translation": [0, 2, 1],
			"scale": [0.82, 0.82, 0.82]
		},
		"thirdperson_lefthand": {
			"rotation": [0, 90, 0],
			"translation": [0, 2, 1],
			"scale": [0.82, 0.82, 0.82]
		},
		"firstperson_righthand": {
			"rotation": [7, 90, 0],
			"translation": [1, 1, -0.25],
			"scale": [0.8, 0.8, 0.8]
		},
		"firstperson_lefthand": {
			"rotation": [7, 90, 0],
			"translation": [1, 1, -0.25],
			"scale": [0.8, 0.8, 0.8]
		},
		"ground": {
			"translation": [0, 1.5, 0],
			"scale": [0.5, 0.5, 0.5]
		},
		"gui": {
			"rotation": [0, 0, -45],
			"translation": [-3.25, -3.25, 0],
			"scale": [0.8, 0.8, 1]
		},
		"fixed": {
			"translation": [0, -4.25, 0]
		}
	}
}