{
	"credit": "Made with Blockbench",
	"texture_size": [32, 32],
	"textures": {
		"0": "item/plimus",
		"particle": "plimus"
	},
	"elements": [
		{
			"from": [6, 0, 7],
			"to": [11, 15, 10],
			"faces": {
				"north": {"uv": [0, 0, 2.5, 7.5], "texture": "#0"},
				"east": {"uv": [5, 0, 6.5, 7.5], "texture": "#0"},
				"south": {"uv": [2.5, 0, 5, 7.5], "texture": "#0"},
				"west": {"uv": [6.5, 0, 8, 7.5], "texture": "#0"},
				"up": {"uv": [7.5, 9, 5, 7.5], "texture": "#0"},
				"down": {"uv": [10, 7.5, 7.5, 9], "texture": "#0"}
			}
		},
		{
			"from": [6, 15, 7.5],
			"to": [10, 18, 9.5],
			"faces": {
				"north": {"uv": [8, 0, 10, 1.5], "texture": "#0"},
				"east": {"uv": [5, 9, 6, 10.5], "texture": "#0"},
				"south": {"uv": [8, 1.5, 10, 3], "texture": "#0"},
				"west": {"uv": [6, 9, 7, 10.5], "texture": "#0"},
				"up": {"uv": [10, 6.5, 8, 5.5], "texture": "#0"},
				"down": {"uv": [10, 6.5, 8, 7.5], "texture": "#0"}
			}
		},
		{
			"from": [6, -6, 8.5],
			"to": [11, 0, 8.5],
			"faces": {
				"north": {"uv": [0, 7.5, 2.5, 10.5], "texture": "#0"},
				"east": {"uv": [0, 0, 0, 3], "texture": "#0"},
				"south": {"uv": [2.5, 7.5, 5, 10.5], "texture": "#0"},
				"west": {"uv": [0, 0, 0, 3], "texture": "#0"},
				"up": {"uv": [2.5, 0, 0, 0], "texture": "#0"},
				"down": {"uv": [2.5, 0, 0, 0], "texture": "#0"}
			}
		},
		{
			"from": [4, 5, 8.5],
			"to": [6, 10, 8.5],
			"faces": {
				"north": {"uv": [8, 3, 9, 5.5], "texture": "#0"},
				"east": {"uv": [0, 0, 0, 2.5], "texture": "#0"},
				"south": {"uv": [9, 3, 10, 5.5], "texture": "#0"},
				"west": {"uv": [0, 0, 0, 2.5], "texture": "#0"},
				"up": {"uv": [1, 0, 0, 0], "texture": "#0"},
				"down": {"uv": [1, 0, 0, 0], "texture": "#0"}
			}
		},
		{
			"from": [10, 13, 7],
			"to": [12, 15, 7],
			"rotation": {"angle": 22.5, "axis": "y", "origin": [10, 14, 7]},
			"faces": {
				"north": {"uv": [7, 9, 8, 10], "texture": "#0"},
				"east": {"uv": [0, 0, 0, 1], "texture": "#0"},
				"south": {"uv": [8, 9, 9, 10], "texture": "#0"},
				"west": {"uv": [0, 0, 0, 1], "texture": "#0"},
				"up": {"uv": [1, 0, 0, 0], "texture": "#0"},
				"down": {"uv": [1, 0, 0, 0], "texture": "#0"}
			}
		},
		{
			"from": [10, 13, 10],
			"to": [12, 15, 10],
			"rotation": {"angle": -22.5, "axis": "y", "origin": [10, 14, 10]},
			"faces": {
				"north": {"uv": [9, 9, 10, 10], "texture": "#0"},
				"east": {"uv": [0, 0, 0, 1], "texture": "#0"},
				"south": {"uv": [10, 0, 11, 1], "texture": "#0"},
				"west": {"uv": [0, 0, 0, 1], "texture": "#0"},
				"up": {"uv": [1, 0, 0, 0], "texture": "#0"},
				"down": {"uv": [1, 0, 0, 0], "texture": "#0"}
			}
		}
	],
	"gui_light": "front",
	"display": {
		"thirdperson_righthand": {
			"rotation": [0, 90, 0],
			"translation": [-0.5, 5.25, 1.75],
			"scale": [0.9, 0.9, 0.9]
		},
		"thirdperson_lefthand": {
			"rotation": [0, -90, 0],
			"translation": [0.5, 5.25, 1.75],
			"scale": [0.9, 0.9, 0.9]
		},
		"firstperson_righthand": {
			"rotation": [-9, 98, 0],
			"translation": [0.25, 4, 0]
		},
		"firstperson_lefthand": {
			"rotation": [-9, -82, 0],
			"translation": [0.25, 4, 0]
		},
		"ground": {
			"rotation": [0, 90, -90],
			"scale": [0.5, 0.5, 0.5]
		},
		"gui": {
			"rotation": [0, 0, -46],
			"translation": [0.5, 0.75, 0],
			"scale": [0.96, 0.9, 1]
		},
		"head": {
			"rotation": [0, 90, -90],
			"translation": [0, 9.25, 0]
		},
		"fixed": {
			"rotation": [0, 90, -90]
		}
	}
}