{
	"credit": "Made with Blockbench",
	"texture_size": [64, 64],
	"textures": {
		"0": "item/prismarineshield",
		"particle": "prismarineshield"
	},
	"elements": [
		{
			"from": [7, 11, 4],
			"to": [9, 29.1, 12],
			"rotation": {"angle": 0, "axis": "y", "origin": [7, 22, 7]},
			"faces": {
				"north": {"uv": [2, 4.5, 2.5, 9], "texture": "#0"},
				"east": {"uv": [0, 0, 2, 4.5], "texture": "#0"},
				"south": {"uv": [2.5, 4.5, 3, 9], "texture": "#0"},
				"west": {"uv": [2, 0, 4, 4.5], "texture": "#0"},
				"up": {"uv": [6, 2, 5.5, 0], "texture": "#0"},
				"down": {"uv": [6, 2, 5.5, 4], "texture": "#0"}
			}
		},
		{
			"from": [7, 10, 6],
			"to": [9, 11, 10],
			"rotation": {"angle": 0, "axis": "y", "origin": [7, 18, 7]},
			"faces": {
				"north": {"uv": [1.5, 8.25, 2, 8.5], "texture": "#0"},
				"east": {"uv": [6.75, 6, 7.75, 6.25], "texture": "#0"},
				"south": {"uv": [3, 8.25, 3.5, 8.5], "texture": "#0"},
				"west": {"uv": [6.75, 6.25, 7.75, 6.5], "texture": "#0"},
				"up": {"uv": [6.5, 1, 6, 0], "texture": "#0"},
				"down": {"uv": [6.5, 1, 6, 2], "texture": "#0"}
			}
		},
		{
			"from": [6, 15, 0.6],
			"to": [8, 30, 4.6],
			"rotation": {"angle": 22.5, "axis": "y", "origin": [7, 22.5, 2.6]},
			"faces": {
				"north": {"uv": [3, 4.5, 3.5, 8.25], "texture": "#0"},
				"east": {"uv": [4, 0, 5, 3.75], "texture": "#0"},
				"south": {"uv": [3.5, 4.5, 4, 8.25], "texture": "#0"},
				"west": {"uv": [4, 3.75, 5, 7.5], "texture": "#0"},
				"up": {"uv": [6.5, 3, 6, 2], "texture": "#0"},
				"down": {"uv": [6.5, 3, 6, 4], "texture": "#0"}
			}
		},
		{
			"from": [6, 15, 11.4],
			"to": [8, 30, 15.4],
			"rotation": {"angle": -22.5, "axis": "y", "origin": [7, 22.5, 13.4]},
			"faces": {
				"north": {"uv": [5, 0, 5.5, 3.75], "texture": "#0"},
				"east": {"uv": [0, 4.5, 1, 8.25], "texture": "#0"},
				"south": {"uv": [5, 3.75, 5.5, 7.5], "texture": "#0"},
				"west": {"uv": [1, 4.5, 2, 8.25], "texture": "#0"},
				"up": {"uv": [6.5, 5, 6, 4], "texture": "#0"},
				"down": {"uv": [6.5, 5, 6, 6], "texture": "#0"}
			}
		},
		{
			"from": [6.175, 13, 11.4],
			"to": [8.175, 15, 14.4],
			"rotation": {"angle": -22.5, "axis": "y", "origin": [7, 14, 12.9]},
			"faces": {
				"north": {"uv": [6.75, 6.5, 7.25, 7], "texture": "#0"},
				"east": {"uv": [6, 6, 6.75, 6.5], "texture": "#0"},
				"south": {"uv": [7, 0.5, 7.5, 1], "texture": "#0"},
				"west": {"uv": [6.5, 0, 7.25, 0.5], "texture": "#0"},
				"up": {"uv": [7, 1.25, 6.5, 0.5], "texture": "#0"},
				"down": {"uv": [7, 1.25, 6.5, 2], "texture": "#0"}
			}
		},
		{
			"from": [6.175, 13, 1.6],
			"to": [8.175, 15, 4.6],
			"rotation": {"angle": 22.5, "axis": "y", "origin": [7, 14, 3.1]},
			"faces": {
				"north": {"uv": [7, 1, 7.5, 1.5], "texture": "#0"},
				"east": {"uv": [6.5, 2, 7.25, 2.5], "texture": "#0"},
				"south": {"uv": [7, 1.5, 7.5, 2], "texture": "#0"},
				"west": {"uv": [6.5, 2.5, 7.25, 3], "texture": "#0"},
				"up": {"uv": [7, 3.75, 6.5, 3], "texture": "#0"},
				"down": {"uv": [7, 3.75, 6.5, 4.5], "texture": "#0"}
			}
		},
		{
			"from": [3, 18, 7],
			"to": [4, 23, 9],
			"rotation": {"angle": 0, "axis": "y", "origin": [2, 20, 7]},
			"faces": {
				"north": {"uv": [6.25, 6.5, 6.5, 7.75], "texture": "#0"},
				"east": {"uv": [5.5, 4, 6, 5.25], "texture": "#0"},
				"south": {"uv": [6.5, 6.5, 6.75, 7.75], "texture": "#0"},
				"west": {"uv": [5.5, 5.25, 6, 6.5], "texture": "#0"},
				"up": {"uv": [6.25, 7.5, 6, 7], "texture": "#0"},
				"down": {"uv": [3.75, 8.25, 3.5, 8.75], "texture": "#0"}
			}
		},
		{
			"from": [4, 22, 7],
			"to": [7, 23, 9],
			"rotation": {"angle": 0, "axis": "y", "origin": [3, 20, 7]},
			"faces": {
				"north": {"uv": [8.25, 2, 9, 2.25], "texture": "#0"},
				"east": {"uv": [8.25, 4.5, 8.75, 4.75], "texture": "#0"},
				"south": {"uv": [8.25, 2.25, 9, 2.5], "texture": "#0"},
				"west": {"uv": [8.25, 4.75, 8.75, 5], "texture": "#0"},
				"up": {"uv": [7.25, 5, 6.5, 4.5], "texture": "#0"},
				"down": {"uv": [7.25, 5, 6.5, 5.5], "texture": "#0"}
			}
		},
		{
			"from": [4, 18, 7],
			"to": [7, 19, 9],
			"rotation": {"angle": 0, "axis": "y", "origin": [3, 16, 7]},
			"faces": {
				"north": {"uv": [8.25, 2.5, 9, 2.75], "texture": "#0"},
				"east": {"uv": [8.25, 5, 8.75, 5.25], "texture": "#0"},
				"south": {"uv": [8.25, 2.75, 9, 3], "texture": "#0"},
				"west": {"uv": [8.25, 5.25, 8.75, 5.5], "texture": "#0"},
				"up": {"uv": [6.25, 7, 5.5, 6.5], "texture": "#0"},
				"down": {"uv": [7.25, 5.5, 6.5, 6], "texture": "#0"}
			}
		},
		{
			"from": [7, 21, 2],
			"to": [9, 23, 4],
			"rotation": {"angle": 22.5, "axis": "y", "origin": [8, 22, 3]},
			"faces": {
				"north": {"uv": [7, 3, 7.5, 3.5], "texture": "#0"},
				"east": {"uv": [7, 3.5, 7.5, 4], "texture": "#0"},
				"south": {"uv": [7, 4, 7.5, 4.5], "texture": "#0"},
				"west": {"uv": [5.5, 7, 6, 7.5], "texture": "#0"},
				"up": {"uv": [7.25, 7.5, 6.75, 7], "texture": "#0"},
				"down": {"uv": [7.75, 0, 7.25, 0.5], "texture": "#0"}
			}
		},
		{
			"from": [7, 15, 2],
			"to": [9, 17, 4],
			"rotation": {"angle": 22.5, "axis": "y", "origin": [8, 16, 3]},
			"faces": {
				"north": {"uv": [7.25, 2, 7.75, 2.5], "texture": "#0"},
				"east": {"uv": [7.25, 2.5, 7.75, 3], "texture": "#0"},
				"south": {"uv": [7.25, 4.5, 7.75, 5], "texture": "#0"},
				"west": {"uv": [7.25, 5, 7.75, 5.5], "texture": "#0"},
				"up": {"uv": [7.75, 6, 7.25, 5.5], "texture": "#0"},
				"down": {"uv": [7.75, 6.5, 7.25, 7], "texture": "#0"}
			}
		},
		{
			"from": [7, 15, 12],
			"to": [9, 17, 14],
			"rotation": {"angle": -22.5, "axis": "y", "origin": [8, 16, 13]},
			"faces": {
				"north": {"uv": [7.25, 7, 7.75, 7.5], "texture": "#0"},
				"east": {"uv": [7.5, 0.5, 8, 1], "texture": "#0"},
				"south": {"uv": [7.5, 1, 8, 1.5], "texture": "#0"},
				"west": {"uv": [7.5, 1.5, 8, 2], "texture": "#0"},
				"up": {"uv": [8, 3.5, 7.5, 3], "texture": "#0"},
				"down": {"uv": [8, 3.5, 7.5, 4], "texture": "#0"}
			}
		},
		{
			"from": [7, 21, 12],
			"to": [9, 23, 14],
			"rotation": {"angle": -22.5, "axis": "y", "origin": [8, 22, 13]},
			"faces": {
				"north": {"uv": [4, 7.5, 4.5, 8], "texture": "#0"},
				"east": {"uv": [7.5, 4, 8, 4.5], "texture": "#0"},
				"south": {"uv": [4.5, 7.5, 5, 8], "texture": "#0"},
				"west": {"uv": [5, 7.5, 5.5, 8], "texture": "#0"},
				"up": {"uv": [6, 8, 5.5, 7.5], "texture": "#0"},
				"down": {"uv": [7.25, 7.5, 6.75, 8], "texture": "#0"}
			}
		},
		{
			"from": [7, 27, 12],
			"to": [9, 29, 14],
			"rotation": {"angle": -22.5, "axis": "y", "origin": [8, 28, 13]},
			"faces": {
				"north": {"uv": [7.25, 7.5, 7.75, 8], "texture": "#0"},
				"east": {"uv": [7.75, 0, 8.25, 0.5], "texture": "#0"},
				"south": {"uv": [7.75, 2, 8.25, 2.5], "texture": "#0"},
				"west": {"uv": [7.75, 2.5, 8.25, 3], "texture": "#0"},
				"up": {"uv": [8.25, 5, 7.75, 4.5], "texture": "#0"},
				"down": {"uv": [8.25, 5, 7.75, 5.5], "texture": "#0"}
			}
		},
		{
			"from": [7, 27, 2],
			"to": [9, 29, 4],
			"rotation": {"angle": 22.5, "axis": "y", "origin": [8, 28, 3]},
			"faces": {
				"north": {"uv": [7.75, 5.5, 8.25, 6], "texture": "#0"},
				"east": {"uv": [6, 7.75, 6.5, 8.25], "texture": "#0"},
				"south": {"uv": [7.75, 6, 8.25, 6.5], "texture": "#0"},
				"west": {"uv": [7.75, 6.5, 8.25, 7], "texture": "#0"},
				"up": {"uv": [8.25, 7.5, 7.75, 7], "texture": "#0"},
				"down": {"uv": [8.25, 7.5, 7.75, 8], "texture": "#0"}
			}
		},
		{
			"from": [8, 27, 7],
			"to": [10, 29, 9],
			"rotation": {"angle": 22.5, "axis": "z", "origin": [9, 28, 8]},
			"faces": {
				"north": {"uv": [8, 0.5, 8.5, 1], "texture": "#0"},
				"east": {"uv": [8, 1, 8.5, 1.5], "texture": "#0"},
				"south": {"uv": [8, 1.5, 8.5, 2], "texture": "#0"},
				"west": {"uv": [8, 3, 8.5, 3.5], "texture": "#0"},
				"up": {"uv": [8.5, 4, 8, 3.5], "texture": "#0"},
				"down": {"uv": [4.5, 8, 4, 8.5], "texture": "#0"}
			}
		},
		{
			"from": [8, 12, 7],
			"to": [10, 14, 9],
			"rotation": {"angle": -22.5, "axis": "z", "origin": [9, 13, 8]},
			"faces": {
				"north": {"uv": [8, 4, 8.5, 4.5], "texture": "#0"},
				"east": {"uv": [4.5, 8, 5, 8.5], "texture": "#0"},
				"south": {"uv": [5, 8, 5.5, 8.5], "texture": "#0"},
				"west": {"uv": [5.5, 8, 6, 8.5], "texture": "#0"},
				"up": {"uv": [7, 8.5, 6.5, 8], "texture": "#0"},
				"down": {"uv": [7.5, 8, 7, 8.5], "texture": "#0"}
			}
		},
		{
			"from": [8, 19, 7],
			"to": [10, 21, 9],
			"rotation": {"angle": 0, "axis": "z", "origin": [9, 20, 8]},
			"faces": {
				"north": {"uv": [7.5, 8, 8, 8.5], "texture": "#0"},
				"east": {"uv": [8, 8, 8.5, 8.5], "texture": "#0"},
				"south": {"uv": [0, 8.25, 0.5, 8.75], "texture": "#0"},
				"west": {"uv": [8.25, 0, 8.75, 0.5], "texture": "#0"},
				"up": {"uv": [1, 8.75, 0.5, 8.25], "texture": "#0"},
				"down": {"uv": [1.5, 8.25, 1, 8.75], "texture": "#0"}
			}
		}
	],
	"gui_light": "front",
	"display": {
		"thirdperson_righthand": {
			"rotation": [0, 12, 0],
			"translation": [3.75, -12.5, 2],
			"scale": [0.9, 0.9, 0.9]
		},
		"thirdperson_lefthand": {
			"rotation": [0, -168, 0],
			"translation": [3.75, -12.5, 2],
			"scale": [0.9, 0.9, 0.9]
		},
		"firstperson_righthand": {
			"rotation": [0, 60, 0],
			"translation": [1.5, -19, 0]
		},
		"firstperson_lefthand": {
			"rotation": [0, -120, 0],
			"translation": [1.5, -19, 0]
		},
		"ground": {
			"translation": [0, -5, 0]
		},
		"gui": {
			"rotation": [-174.01, -59.84, -165.93],
			"translation": [-1.5, -8.25, 0],
			"scale": [0.7, 0.7, 0.7]
		},
		"fixed": {
			"rotation": [0, 90, 0],
			"translation": [0, -12.25, 0]
		}
	}
}