{
	"credit": "Made with Blockbench",
	"texture_size": [32, 32],
	"textures": {
		"0": "item/prismarinesword",
		"particle": "prismarinesword"
	},
	"elements": [
		{
			"from": [8, 0, 8],
			"to": [9.5, 6, 9.5],
			"faces": {
				"north": {"uv": [4, 5.5, 5, 8.5], "texture": "#0"},
				"east": {"uv": [5, 5.5, 6, 8.5], "texture": "#0"},
				"south": {"uv": [6, 5.5, 7, 8.5], "texture": "#0"},
				"west": {"uv": [7, 0, 8, 3], "texture": "#0"},
				"up": {"uv": [10, 1.5, 9, 0.5], "texture": "#0"},
				"down": {"uv": [10, 1.5, 9, 2.5], "texture": "#0"}
			}
		},
		{
			"from": [8, 6.25, 8.25],
			"to": [10.5, 26.25, 9.25],
			"faces": {
				"north": {"uv": [0, 0, 1.5, 10], "texture": "#0"},
				"east": {"uv": [3, 0, 3.5, 10], "texture": "#0"},
				"south": {"uv": [1.5, 0, 3, 10], "texture": "#0"},
				"west": {"uv": [3.5, 0, 4, 10], "texture": "#0"},
				"up": {"uv": [10.5, 6.5, 9, 6], "texture": "#0"},
				"down": {"uv": [10.5, 6.5, 9, 7], "texture": "#0"}
			}
		},
		{
			"from": [7, 26, 8.35],
			"to": [9.4, 31, 9.15],
			"rotation": {"angle": 22.5, "axis": "z", "origin": [9.25, 28.75, 8.75]},
			"faces": {
				"north": {"uv": [7, 6, 8, 8.5], "texture": "#0"},
				"east": {"uv": [6, 8.5, 6.5, 11], "texture": "#0"},
				"south": {"uv": [8, 0, 9, 2.5], "texture": "#0"},
				"west": {"uv": [6.5, 8.5, 7, 11], "texture": "#0"},
				"up": {"uv": [10.5, 9, 9.5, 8.5], "texture": "#0"},
				"down": {"uv": [10.5, 9, 9.5, 9.5], "texture": "#0"}
			}
		},
		{
			"from": [7, 31, 8.35],
			"to": [8.4, 32, 9.15],
			"rotation": {"angle": 22.5, "axis": "z", "origin": [9.25, 28.75, 8.75]},
			"faces": {
				"north": {"uv": [8.5, 9, 9, 9.5], "texture": "#0"},
				"east": {"uv": [0, 10, 0.5, 10.5], "texture": "#0"},
				"south": {"uv": [0.5, 10, 1, 10.5], "texture": "#0"},
				"west": {"uv": [10, 0.5, 10.5, 1], "texture": "#0"},
				"up": {"uv": [1.5, 10.5, 1, 10], "texture": "#0"},
				"down": {"uv": [10.5, 1, 10, 1.5], "texture": "#0"}
			}
		},
		{
			"from": [7.75, -2, 7.75],
			"to": [9.75, 1, 9.75],
			"faces": {
				"north": {"uv": [8, 6, 9, 7.5], "texture": "#0"},
				"east": {"uv": [8, 7.5, 9, 9], "texture": "#0"},
				"south": {"uv": [4, 8.5, 5, 10], "texture": "#0"},
				"west": {"uv": [5, 8.5, 6, 10], "texture": "#0"},
				"up": {"uv": [10, 4, 9, 3], "texture": "#0"},
				"down": {"uv": [10, 4, 9, 5], "texture": "#0"}
			}
		},
		{
			"from": [7, 6, 7.25],
			"to": [13, 6.75, 10.25],
			"faces": {
				"north": {"uv": [8, 2.5, 11, 3], "texture": "#0"},
				"east": {"uv": [9, 7, 10.5, 7.5], "texture": "#0"},
				"south": {"uv": [9, 0, 12, 0.5], "texture": "#0"},
				"west": {"uv": [9, 7.5, 10.5, 8], "texture": "#0"},
				"up": {"uv": [7, 1.5, 4, 0], "texture": "#0"},
				"down": {"uv": [7, 1.5, 4, 3], "texture": "#0"}
			}
		},
		{
			"from": [12, 1.25, 7.25],
			"to": [13, 6, 10.25],
			"faces": {
				"north": {"uv": [7, 8.5, 7.5, 11], "texture": "#0"},
				"east": {"uv": [4, 3, 5.5, 5.5], "texture": "#0"},
				"south": {"uv": [7.5, 8.5, 8, 11], "texture": "#0"},
				"west": {"uv": [5.5, 3, 7, 5.5], "texture": "#0"},
				"up": {"uv": [8.5, 10.5, 8, 9], "texture": "#0"},
				"down": {"uv": [9.5, 8, 9, 9.5], "texture": "#0"}
			}
		},
		{
			"from": [8.5, 1, 7.5],
			"to": [12.9, 2, 10],
			"rotation": {"angle": 22.5, "axis": "z", "origin": [12.5, 1.25, 8.75]},
			"faces": {
				"north": {"uv": [9, 5, 11, 5.5], "texture": "#0"},
				"east": {"uv": [9.5, 8, 11, 8.5], "texture": "#0"},
				"south": {"uv": [9, 5.5, 11, 6], "texture": "#0"},
				"west": {"uv": [8.5, 9.5, 10, 10], "texture": "#0"},
				"up": {"uv": [9, 4.5, 7, 3], "texture": "#0"},
				"down": {"uv": [9, 4.5, 7, 6], "texture": "#0"}
			}
		}
	],
	"gui_light": "front",
	"display": {
		"thirdperson_righthand": {
			"rotation": [0, 90, 0],
			"translation": [-0.75, 1.25, 1.75],
			"scale": [0.7, 0.7, 0.7]
		},
		"thirdperson_lefthand": {
			"rotation": [0, -90, 0],
			"translation": [0.25, 1.25, 1.75],
			"scale": [0.7, 0.7, 0.7]
		},
		"firstperson_righthand": {
			"rotation": [9, 90, 0],
			"translation": [1, -0.75, 0],
			"scale": [0.7, 0.7, 0.7]
		},
		"firstperson_lefthand": {
			"rotation": [9, -90, 0],
			"translation": [1.75, -0.75, 0],
			"scale": [0.7, 0.7, 0.7]
		},
		"ground": {
			"translation": [0, 1.75, 0],
			"scale": [0.5, 0.5, 0.5]
		},
		"gui": {
			"rotation": [0, 0, -45],
			"translation": [-3, -2.5, 0],
			"scale": [0.6, 0.6, 0.6]
		},
		"fixed": {
			"translation": [0, -4.75, 0]
		}
	}
}