{
	"credit": "Made with Blockbench",
	"texture_size": [64, 64],
	"textures": {
		"0": "item/pufferfishmace",
		"particle": "pufferfishmace"
	},
	"elements": [
		{
			"from": [4, 17, 4],
			"to": [12, 25, 12],
			"rotation": {"angle": 0, "axis": "y", "origin": [7, 17, 7]},
			"faces": {
				"north": {"uv": [2.5, 0, 4.5, 2], "texture": "#0"},
				"east": {"uv": [2.5, 2, 4.5, 4], "texture": "#0"},
				"south": {"uv": [2.5, 4, 4.5, 6], "texture": "#0"},
				"west": {"uv": [4.5, 0, 6.5, 2], "texture": "#0"},
				"up": {"uv": [6.5, 4, 4.5, 2], "texture": "#0"},
				"down": {"uv": [6.5, 4, 4.5, 6], "texture": "#0"}
			}
		},
		{
			"from": [6, 15, 6],
			"to": [10, 17, 10],
			"rotation": {"angle": 0, "axis": "y", "origin": [7, 9, 7]},
			"faces": {
				"north": {"uv": [5.5, 6, 6.5, 6.5], "texture": "#0"},
				"east": {"uv": [6.5, 0, 7.5, 0.5], "texture": "#0"},
				"south": {"uv": [6.5, 0.5, 7.5, 1], "texture": "#0"},
				"west": {"uv": [6.5, 1, 7.5, 1.5], "texture": "#0"},
				"up": {"uv": [3, 7, 2, 6], "texture": "#0"},
				"down": {"uv": [4, 6, 3, 7], "texture": "#0"}
			}
		},
		{
			"from": [7, 1, 7],
			"to": [9, 2, 9],
			"rotation": {"angle": 0, "axis": "y", "origin": [7, -5, 7]},
			"faces": {
				"north": {"uv": [2, 5.75, 2.5, 6], "texture": "#0"},
				"east": {"uv": [3.5, 7, 4, 7.25], "texture": "#0"},
				"south": {"uv": [6.75, 7, 7.25, 7.25], "texture": "#0"},
				"west": {"uv": [3.5, 7.25, 4, 7.5], "texture": "#0"},
				"up": {"uv": [7.25, 4.5, 6.75, 4], "texture": "#0"},
				"down": {"uv": [7.25, 4.5, 6.75, 5], "texture": "#0"}
			}
		},
		{
			"from": [7, 13, 7],
			"to": [9, 14, 9],
			"rotation": {"angle": 0, "axis": "y", "origin": [7, 7, 7]},
			"faces": {
				"north": {"uv": [4, 7.25, 4.5, 7.5], "texture": "#0"},
				"east": {"uv": [7.25, 4, 7.75, 4.25], "texture": "#0"},
				"south": {"uv": [7.25, 4.25, 7.75, 4.5], "texture": "#0"},
				"west": {"uv": [4.5, 7.25, 5, 7.5], "texture": "#0"},
				"up": {"uv": [5.25, 7.25, 4.75, 6.75], "texture": "#0"},
				"down": {"uv": [7.25, 5, 6.75, 5.5], "texture": "#0"}
			}
		},
		{
			"from": [7.25, 0, 7.25],
			"to": [8.75, 15, 8.75],
			"rotation": {"angle": 0, "axis": "y", "origin": [7, 7, 7]},
			"faces": {
				"north": {"uv": [0, 5, 0.5, 8.75], "texture": "#0"},
				"east": {"uv": [0.5, 5, 1, 8.75], "texture": "#0"},
				"south": {"uv": [1, 5, 1.5, 8.75], "texture": "#0"},
				"west": {"uv": [1.5, 5, 2, 8.75], "texture": "#0"},
				"up": {"uv": [7.25, 6, 6.75, 5.5], "texture": "#0"},
				"down": {"uv": [7.25, 6, 6.75, 6.5], "texture": "#0"}
			}
		},
		{
			"from": [6.5, -2.75, 7],
			"to": [9.5, 0.25, 9],
			"rotation": {"angle": 45, "axis": "z", "origin": [8, -1.25, 8]},
			"faces": {
				"north": {"uv": [4, 6, 4.75, 6.75], "texture": "#0"},
				"east": {"uv": [2, 5, 2.5, 5.75], "texture": "#0"},
				"south": {"uv": [4.75, 6, 5.5, 6.75], "texture": "#0"},
				"west": {"uv": [5.75, 6.5, 6.25, 7.25], "texture": "#0"},
				"up": {"uv": [7.5, 4, 6.75, 3.5], "texture": "#0"},
				"down": {"uv": [4.75, 6.75, 4, 7.25], "texture": "#0"}
			}
		},
		{
			"from": [9, 23, 2],
			"to": [11, 24, 4],
			"rotation": {"angle": 0, "axis": "y", "origin": [9, 22, 2]},
			"faces": {
				"north": {"uv": [7.25, 4.5, 7.75, 4.75], "texture": "#0"},
				"east": {"uv": [7.25, 4.75, 7.75, 5], "texture": "#0"},
				"south": {"uv": [5, 7.25, 5.5, 7.5], "texture": "#0"},
				"west": {"uv": [7.25, 5, 7.75, 5.25], "texture": "#0"},
				"up": {"uv": [7.25, 7, 6.75, 6.5], "texture": "#0"},
				"down": {"uv": [2.5, 7, 2, 7.5], "texture": "#0"}
			}
		},
		{
			"from": [9, 23, 12],
			"to": [11, 24, 14],
			"rotation": {"angle": 0, "axis": "y", "origin": [9, 22, 12]},
			"faces": {
				"north": {"uv": [7.25, 5.25, 7.75, 5.5], "texture": "#0"},
				"east": {"uv": [7.25, 5.5, 7.75, 5.75], "texture": "#0"},
				"south": {"uv": [5.75, 7.25, 6.25, 7.5], "texture": "#0"},
				"west": {"uv": [7.25, 5.75, 7.75, 6], "texture": "#0"},
				"up": {"uv": [3, 7.5, 2.5, 7], "texture": "#0"},
				"down": {"uv": [3.5, 7, 3, 7.5], "texture": "#0"}
			}
		},
		{
			"from": [8, 16, 3],
			"to": [8, 26, 13],
			"rotation": {"angle": 0, "axis": "y", "origin": [7, 25, 7]},
			"faces": {
				"north": {"uv": [0, 0, 0, 2.5], "texture": "#0"},
				"east": {"uv": [0, 0, 2.5, 2.5], "texture": "#0"},
				"south": {"uv": [0, 0, 0, 2.5], "texture": "#0"},
				"west": {"uv": [0, 2.5, 2.5, 5], "texture": "#0"},
				"up": {"uv": [0, 2.5, 0, 0], "texture": "#0"},
				"down": {"uv": [0, 0, 0, 2.5], "texture": "#0"}
			}
		},
		{
			"from": [3.675, 17, 3.15],
			"to": [3.675, 25, 4.15],
			"rotation": {"angle": 45, "axis": "y", "origin": [3.675, 21, 3.65]},
			"faces": {
				"north": {"uv": [0, 0, 0, 2], "texture": "#0"},
				"east": {"uv": [6.5, 1.5, 6.75, 3.5], "texture": "#0"},
				"south": {"uv": [0, 0, 0, 2], "texture": "#0"},
				"west": {"uv": [6.5, 3.5, 6.75, 5.5], "texture": "#0"},
				"up": {"uv": [0, 0.25, 0, 0], "texture": "#0"},
				"down": {"uv": [0, 0, 0, 0.25], "texture": "#0"}
			}
		},
		{
			"from": [12.325, 17, 3.15],
			"to": [12.325, 25, 4.15],
			"rotation": {"angle": -45, "axis": "y", "origin": [12.325, 21, 3.65]},
			"faces": {
				"north": {"uv": [0, 0, 0, 2], "texture": "#0"},
				"east": {"uv": [6.5, 1.5, 6.75, 3.5], "texture": "#0"},
				"south": {"uv": [0, 0, 0, 2], "texture": "#0"},
				"west": {"uv": [6.5, 3.5, 6.75, 5.5], "texture": "#0"},
				"up": {"uv": [0, 0.25, 0, 0], "texture": "#0"},
				"down": {"uv": [0, 0, 0, 0.25], "texture": "#0"}
			}
		},
		{
			"from": [3.175, 17, 12.3],
			"to": [4.175, 25, 12.3],
			"rotation": {"angle": 45, "axis": "y", "origin": [3.675, 21, 12.3]},
			"faces": {
				"north": {"uv": [5.5, 6.5, 5.75, 8.5], "texture": "#0"},
				"east": {"uv": [0, 0, 0, 2], "texture": "#0"},
				"south": {"uv": [6.5, 5.5, 6.75, 7.5], "texture": "#0"},
				"west": {"uv": [0, 0, 0, 2], "texture": "#0"},
				"up": {"uv": [0.25, 0, 0, 0], "texture": "#0"},
				"down": {"uv": [0.25, 0, 0, 0], "texture": "#0"}
			}
		},
		{
			"from": [11.825, 17, 12.3],
			"to": [12.825, 25, 12.3],
			"rotation": {"angle": -45, "axis": "y", "origin": [12.325, 21, 12.3]},
			"faces": {
				"north": {"uv": [6.5, 5.5, 6.75, 7.5], "texture": "#0"},
				"east": {"uv": [0, 0, 0, 2], "texture": "#0"},
				"south": {"uv": [5.5, 6.5, 5.75, 8.5], "texture": "#0"},
				"west": {"uv": [0, 0, 0, 2], "texture": "#0"},
				"up": {"uv": [0.25, 0, 0, 0], "rotation": 180, "texture": "#0"},
				"down": {"uv": [0.25, 0, 0, 0], "rotation": 180, "texture": "#0"}
			}
		},
		{
			"from": [12.35, 24.8, 4],
			"to": [12.35, 25.8, 12],
			"rotation": {"angle": -45, "axis": "z", "origin": [12.35, 25.3, 8]},
			"faces": {
				"north": {"uv": [0, 0, 0, 0.25], "texture": "#0"},
				"east": {"uv": [6.75, 1.5, 8.75, 1.75], "texture": "#0"},
				"south": {"uv": [0, 0, 0, 0.25], "texture": "#0"},
				"west": {"uv": [6.75, 1.75, 8.75, 2], "texture": "#0"},
				"up": {"uv": [0, 2, 0, 0], "texture": "#0"},
				"down": {"uv": [0, 0, 0, 2], "texture": "#0"}
			}
		},
		{
			"from": [3.65, 24.8, 4],
			"to": [3.65, 25.8, 12],
			"rotation": {"angle": 45, "axis": "z", "origin": [3.65, 25.3, 8]},
			"faces": {
				"north": {"uv": [0, 0, 0, 0.25], "texture": "#0"},
				"east": {"uv": [6.75, 2, 8.75, 2.25], "texture": "#0"},
				"south": {"uv": [0, 0, 0, 0.25], "texture": "#0"},
				"west": {"uv": [6.75, 2.25, 8.75, 2.5], "texture": "#0"},
				"up": {"uv": [0, 2, 0, 0], "texture": "#0"},
				"down": {"uv": [0, 0, 0, 2], "texture": "#0"}
			}
		},
		{
			"from": [3.65, 16.15, 4],
			"to": [3.65, 17.15, 12],
			"rotation": {"angle": -45, "axis": "z", "origin": [3.65, 16.65, 8]},
			"faces": {
				"north": {"uv": [0, 0, 0, 0.25], "texture": "#0"},
				"east": {"uv": [6.75, 2.5, 8.75, 2.75], "texture": "#0"},
				"south": {"uv": [0, 0, 0, 0.25], "texture": "#0"},
				"west": {"uv": [6.75, 2.75, 8.75, 3], "texture": "#0"},
				"up": {"uv": [0, 2, 0, 0], "texture": "#0"},
				"down": {"uv": [0, 0, 0, 2], "texture": "#0"}
			}
		},
		{
			"from": [12.35, 16.15, 4],
			"to": [12.35, 17.15, 12],
			"rotation": {"angle": 45, "axis": "z", "origin": [12.35, 16.65, 8]},
			"faces": {
				"north": {"uv": [0, 0, 0, 0.25], "texture": "#0"},
				"east": {"uv": [6.75, 3, 8.75, 3.25], "texture": "#0"},
				"south": {"uv": [0, 0, 0, 0.25], "texture": "#0"},
				"west": {"uv": [6.75, 3.25, 8.75, 3.5], "texture": "#0"},
				"up": {"uv": [0, 2, 0, 0], "texture": "#0"},
				"down": {"uv": [0, 0, 0, 2], "texture": "#0"}
			}
		}
	],
	"gui_light": "front",
	"display": {
		"thirdperson_righthand": {
			"rotation": [0, 90, 0],
			"translation": [-0.25, 0.25, 1.5],
			"scale": [0.8, 0.8, 0.8]
		},
		"thirdperson_lefthand": {
			"rotation": [0, -90, 0],
			"translation": [-0.25, 0.25, 1.5],
			"scale": [0.8, 0.8, 0.8]
		},
		"firstperson_righthand": {
			"rotation": [0, 90, 3],
			"translation": [-0.25, 3.25, 1.5],
			"scale": [0.6, 0.6, 0.6]
		},
		"firstperson_lefthand": {
			"rotation": [0, -90, -3],
			"translation": [-0.25, 3.25, 1.5],
			"scale": [0.6, 0.6, 0.6]
		},
		"ground": {
			"translation": [0, 4, 0],
			"scale": [0.5, 0.5, 0.5]
		},
		"gui": {
			"rotation": [-88.56, -44.93, -89.01],
			"translation": [-2, -1.75, 0],
			"scale": [0.6, 0.6, 0.6]
		},
		"fixed": {
			"rotation": [0, 90, 0],
			"translation": [0, -2.25, 0]
		}
	}
}