{
	"credit": "Made with Blockbench",
	"texture_size": [64, 64],
	"textures": {
		"0": "item/purpursword",
		"particle": "purpursword"
	},
	"elements": [
		{
			"from": [7, -14, 7],
			"to": [9, -6, 9],
			"rotation": {"angle": 0, "axis": "y", "origin": [0, -15, 0]},
			"faces": {
				"north": {"uv": [4.5, 0, 5, 2], "texture": "#0"},
				"east": {"uv": [4.5, 2, 5, 4], "texture": "#0"},
				"south": {"uv": [4.5, 4, 5, 6], "texture": "#0"},
				"west": {"uv": [5, 0, 5.5, 2], "texture": "#0"},
				"up": {"uv": [6, 2, 5.5, 1.5], "texture": "#0"},
				"down": {"uv": [4.25, 8.5, 3.75, 9], "texture": "#0"}
			}
		},
		{
			"from": [6.5, -16, 6.75],
			"to": [9.5, -13, 9.25],
			"rotation": {"angle": -45, "axis": "z", "origin": [8, -14.5, 9]},
			"faces": {
				"north": {"uv": [5, 4, 5.75, 4.75], "texture": "#0"},
				"east": {"uv": [5, 4.75, 5.75, 5.5], "texture": "#0"},
				"south": {"uv": [5.5, 0, 6.25, 0.75], "texture": "#0"},
				"west": {"uv": [5.5, 0.75, 6.25, 1.5], "texture": "#0"},
				"up": {"uv": [5.75, 6.25, 5, 5.5], "texture": "#0"},
				"down": {"uv": [6.5, 4, 5.75, 4.75], "texture": "#0"}
			}
		},
		{
			"from": [6.5, -7, 6.75],
			"to": [9.5, -4, 9.25],
			"rotation": {"angle": 45, "axis": "z", "origin": [8, -5.5, 9]},
			"faces": {
				"north": {"uv": [5.75, 4.75, 6.5, 5.5], "texture": "#0"},
				"east": {"uv": [5.75, 5.5, 6.5, 6.25], "texture": "#0"},
				"south": {"uv": [6, 1.5, 6.75, 2.25], "texture": "#0"},
				"west": {"uv": [6, 2.25, 6.75, 3], "texture": "#0"},
				"up": {"uv": [6.75, 3.75, 6, 3], "texture": "#0"},
				"down": {"uv": [7, 0, 6.25, 0.75], "texture": "#0"}
			}
		},
		{
			"from": [10.5, -7, 6.75],
			"to": [13.5, -4, 9.25],
			"rotation": {"angle": 45, "axis": "z", "origin": [8, -5.5, 9]},
			"faces": {
				"north": {"uv": [6.25, 0.75, 7, 1.5], "texture": "#0"},
				"east": {"uv": [4.5, 6.25, 5.25, 7], "texture": "#0"},
				"south": {"uv": [5.25, 6.25, 6, 7], "texture": "#0"},
				"west": {"uv": [6, 6.25, 6.75, 7], "texture": "#0"},
				"up": {"uv": [7.25, 4.5, 6.5, 3.75], "texture": "#0"},
				"down": {"uv": [7.25, 4.5, 6.5, 5.25], "texture": "#0"}
			}
		},
		{
			"from": [6.5, -3, 6.75],
			"to": [9.5, 0, 9.25],
			"rotation": {"angle": 45, "axis": "z", "origin": [8, -5.5, 9]},
			"faces": {
				"north": {"uv": [6.5, 5.25, 7.25, 6], "texture": "#0"},
				"east": {"uv": [6.75, 1.5, 7.5, 2.25], "texture": "#0"},
				"south": {"uv": [6.75, 2.25, 7.5, 3], "texture": "#0"},
				"west": {"uv": [6.75, 3, 7.5, 3.75], "texture": "#0"},
				"up": {"uv": [7.5, 6.75, 6.75, 6], "texture": "#0"},
				"down": {"uv": [7.5, 6.75, 6.75, 7.5], "texture": "#0"}
			}
		},
		{
			"from": [6.75, -4, 7],
			"to": [9.25, -1.5, 9],
			"rotation": {"angle": 45, "axis": "z", "origin": [8, -5.5, 9]},
			"faces": {
				"north": {"uv": [7, 0, 7.75, 0.75], "texture": "#0"},
				"east": {"uv": [6, 7.75, 6.5, 8.5], "texture": "#0"},
				"south": {"uv": [7, 0.75, 7.75, 1.5], "texture": "#0"},
				"west": {"uv": [8, 4.75, 8.5, 5.5], "texture": "#0"},
				"up": {"uv": [8.75, 6, 8, 5.5], "texture": "#0"},
				"down": {"uv": [8.75, 7.5, 8, 8], "texture": "#0"}
			}
		},
		{
			"from": [6.75, 0, 7],
			"to": [9.25, 2.5, 9],
			"rotation": {"angle": 45, "axis": "z", "origin": [8, -5.5, 9]},
			"faces": {
				"north": {"uv": [3.5, 7, 4.25, 7.75], "texture": "#0"},
				"east": {"uv": [8, 8, 8.5, 8.75], "texture": "#0"},
				"south": {"uv": [4.25, 7, 5, 7.75], "texture": "#0"},
				"west": {"uv": [8.25, 1.5, 8.75, 2.25], "texture": "#0"},
				"up": {"uv": [9, 2.75, 8.25, 2.25], "texture": "#0"},
				"down": {"uv": [9, 2.75, 8.25, 3.25], "texture": "#0"}
			}
		},
		{
			"from": [8.75, -6.75, 7],
			"to": [11.25, -4.25, 9],
			"rotation": {"angle": 45, "axis": "z", "origin": [8, -5.5, 9]},
			"faces": {
				"north": {"uv": [5, 7, 5.75, 7.75], "texture": "#0"},
				"east": {"uv": [8.25, 6, 8.75, 6.75], "texture": "#0"},
				"south": {"uv": [5.75, 7, 6.5, 7.75], "texture": "#0"},
				"west": {"uv": [6.5, 8.25, 7, 9], "texture": "#0"},
				"up": {"uv": [9, 3.75, 8.25, 3.25], "texture": "#0"},
				"down": {"uv": [9, 6.75, 8.25, 7.25], "texture": "#0"}
			}
		},
		{
			"from": [13.5, -6.75, 7],
			"to": [16, -4.25, 9],
			"rotation": {"angle": 45, "axis": "z", "origin": [8, -5.5, 9]},
			"faces": {
				"north": {"uv": [7.25, 3.75, 8, 4.5], "texture": "#0"},
				"east": {"uv": [7, 8.25, 7.5, 9], "texture": "#0"},
				"south": {"uv": [7.25, 4.5, 8, 5.25], "texture": "#0"},
				"west": {"uv": [7.5, 8.25, 8, 9], "texture": "#0"},
				"up": {"uv": [0.75, 9, 0, 8.5], "texture": "#0"},
				"down": {"uv": [9.25, 0, 8.5, 0.5], "texture": "#0"}
			}
		},
		{
			"from": [12.72183, -0.5, 7.25],
			"to": [15.22183, 1, 8.75],
			"rotation": {"angle": 0, "axis": "z", "origin": [14, 0, 8]},
			"faces": {
				"north": {"uv": [4.25, 8.5, 5, 8.75], "texture": "#0"},
				"east": {"uv": [6, 3.75, 6.5, 4], "texture": "#0"},
				"south": {"uv": [8.5, 8.25, 9.25, 8.5], "texture": "#0"},
				"west": {"uv": [4.5, 6, 5, 6.25], "texture": "#0"},
				"up": {"uv": [9.25, 1, 8.5, 0.5], "texture": "#0"},
				"down": {"uv": [1.5, 8.5, 0.75, 9], "texture": "#0"}
			}
		},
		{
			"from": [0.72183, -0.5, 7.25],
			"to": [3.22183, 1, 8.75],
			"rotation": {"angle": 0, "axis": "z", "origin": [14, 0, 8]},
			"faces": {
				"north": {"uv": [8.5, 8.5, 9.25, 8.75], "texture": "#0"},
				"east": {"uv": [6, 8.5, 6.5, 8.75], "texture": "#0"},
				"south": {"uv": [8.75, 1.5, 9.5, 1.75], "texture": "#0"},
				"west": {"uv": [8.75, 1.75, 9.25, 2], "texture": "#0"},
				"up": {"uv": [9.25, 1.5, 8.5, 1], "texture": "#0"},
				"down": {"uv": [2.25, 8.5, 1.5, 9], "texture": "#0"}
			}
		},
		{
			"from": [-1, -1, 6.75],
			"to": [2, 2, 9.25],
			"rotation": {"angle": 0, "axis": "y", "origin": [0, -15, 0]},
			"faces": {
				"north": {"uv": [7.25, 5.25, 8, 6], "texture": "#0"},
				"east": {"uv": [7.5, 1.5, 8.25, 2.25], "texture": "#0"},
				"south": {"uv": [7.5, 2.25, 8.25, 3], "texture": "#0"},
				"west": {"uv": [7.5, 3, 8.25, 3.75], "texture": "#0"},
				"up": {"uv": [8.25, 6.75, 7.5, 6], "texture": "#0"},
				"down": {"uv": [7.25, 7.5, 6.5, 8.25], "texture": "#0"}
			}
		},
		{
			"from": [14, -1, 6.75],
			"to": [17, 2, 9.25],
			"rotation": {"angle": 0, "axis": "y", "origin": [0, -15, 0]},
			"faces": {
				"north": {"uv": [7.5, 6.75, 8.25, 7.5], "texture": "#0"},
				"east": {"uv": [7.25, 7.5, 8, 8.25], "texture": "#0"},
				"south": {"uv": [7.75, 0, 8.5, 0.75], "texture": "#0"},
				"west": {"uv": [7.75, 0.75, 8.5, 1.5], "texture": "#0"},
				"up": {"uv": [4.25, 8.5, 3.5, 7.75], "texture": "#0"},
				"down": {"uv": [5, 7.75, 4.25, 8.5], "texture": "#0"}
			}
		},
		{
			"from": [5, -4, 7.75],
			"to": [11, 30, 8.5],
			"rotation": {"angle": 0, "axis": "y", "origin": [0, -15, 0]},
			"faces": {
				"north": {"uv": [0, 0, 1.5, 8.5], "texture": "#0"},
				"east": {"uv": [3, 0, 3.25, 8.5], "texture": "#0"},
				"south": {"uv": [1.5, 0, 3, 8.5], "texture": "#0"},
				"west": {"uv": [3.25, 0, 3.5, 8.5], "texture": "#0"},
				"up": {"uv": [9.75, 7.5, 8.25, 7.25], "texture": "#0"},
				"down": {"uv": [3.75, 8.5, 2.25, 8.75], "texture": "#0"}
			}
		},
		{
			"from": [6, 30, 7.75],
			"to": [10, 31, 8.5],
			"rotation": {"angle": 0, "axis": "y", "origin": [0, -15, 0]},
			"faces": {
				"north": {"uv": [8.5, 4.75, 9.5, 5], "texture": "#0"},
				"east": {"uv": [6.5, 6, 6.75, 6.25], "texture": "#0"},
				"south": {"uv": [8.5, 5, 9.5, 5.25], "texture": "#0"},
				"west": {"uv": [6.5, 7, 6.75, 7.25], "texture": "#0"},
				"up": {"uv": [9.5, 5.5, 8.5, 5.25], "texture": "#0"},
				"down": {"uv": [9.5, 8, 8.5, 8.25], "texture": "#0"}
			}
		},
		{
			"from": [7, 31, 7.75],
			"to": [9, 32, 8.5],
			"rotation": {"angle": 0, "axis": "y", "origin": [0, -15, 0]},
			"faces": {
				"north": {"uv": [8.75, 2, 9.25, 2.25], "texture": "#0"},
				"east": {"uv": [6.5, 7.25, 6.75, 7.5], "texture": "#0"},
				"south": {"uv": [2.25, 8.75, 2.75, 9], "texture": "#0"},
				"west": {"uv": [4.25, 8.75, 4.5, 9], "texture": "#0"},
				"up": {"uv": [3.25, 9, 2.75, 8.75], "texture": "#0"},
				"down": {"uv": [3.75, 8.75, 3.25, 9], "texture": "#0"}
			}
		},
		{
			"from": [6, -1, 7.1],
			"to": [10, 3, 9.1],
			"faces": {
				"north": {"uv": [5, 2, 6, 3], "texture": "#0"},
				"east": {"uv": [5, 7.75, 5.5, 8.75], "texture": "#0"},
				"south": {"uv": [5, 3, 6, 4], "texture": "#0"},
				"west": {"uv": [5.5, 7.75, 6, 8.75], "texture": "#0"},
				"up": {"uv": [9, 4.25, 8, 3.75], "texture": "#0"},
				"down": {"uv": [9, 4.25, 8, 4.75], "texture": "#0"}
			}
		},
		{
			"from": [7.5, -4, 7.38],
			"to": [8.5, 24, 8.88],
			"faces": {
				"north": {"uv": [3.5, 0, 3.75, 7], "texture": "#0"},
				"east": {"uv": [3.75, 0, 4, 7], "texture": "#0"},
				"south": {"uv": [4, 0, 4.25, 7], "texture": "#0"},
				"west": {"uv": [4.25, 0, 4.5, 7], "texture": "#0"},
				"up": {"uv": [4.75, 9, 4.5, 8.75], "texture": "#0"},
				"down": {"uv": [5, 8.75, 4.75, 9], "texture": "#0"}
			}
		}
	],
	"gui_light": "front",
	"display": {
		"thirdperson_righthand": {
			"rotation": [0, 90, 0],
			"translation": [0, 8.5, 1.75],
			"scale": [0.6, 0.6, 0.6]
		},
		"thirdperson_lefthand": {
			"rotation": [0, 90, 0],
			"translation": [0, 8.5, 1.75],
			"scale": [0.6, 0.6, 0.6]
		},
		"firstperson_righthand": {
			"rotation": [12, 90, 0],
			"translation": [0, 5.25, 0],
			"scale": [0.6, 0.6, 0.6]
		},
		"firstperson_lefthand": {
			"rotation": [12, 90, 0],
			"translation": [0, 5.25, 0],
			"scale": [0.6, 0.6, 0.6]
		},
		"ground": {
			"translation": [0, 8.25, 0],
			"scale": [0.5, 0.5, 0.5]
		},
		"gui": {
			"rotation": [0, 0, -45],
			"scale": [0.5, 0.5, 0.5]
		},
		"fixed": {
			"scale": [0.6, 0.6, 0.6]
		}
	}
}