{
	"credit": "Made with Blockbench",
	"texture_size": [32, 32],
	"textures": {
		"0": "item/quartzsword",
		"particle": "quartzsword"
	},
	"elements": [
		{
			"from": [7.375, -4, 7.375],
			"to": [8.625, 4, 8.625],
			"rotation": {"angle": 0, "axis": "y", "origin": [6.875, 0, 7.125]},
			"faces": {
				"north": {"uv": [5, 3, 5.5, 7], "texture": "#0"},
				"east": {"uv": [5.5, 3, 6, 7], "texture": "#0"},
				"south": {"uv": [6, 3, 6.5, 7], "texture": "#0"},
				"west": {"uv": [6.5, 0, 7, 4], "texture": "#0"},
				"up": {"uv": [8, 7, 7.5, 6.5], "texture": "#0"},
				"down": {"uv": [8.5, 9.5, 8, 10], "texture": "#0"}
			}
		},
		{
			"from": [7, 4, 7.125],
			"to": [9, 6, 8.875],
			"rotation": {"angle": 0, "axis": "y", "origin": [6.75, 8, 7.125]},
			"faces": {
				"north": {"uv": [6.5, 6, 7.5, 7], "texture": "#0"},
				"east": {"uv": [7, 0, 8, 1], "texture": "#0"},
				"south": {"uv": [7, 1, 8, 2], "texture": "#0"},
				"west": {"uv": [7, 2, 8, 3], "texture": "#0"},
				"up": {"uv": [8, 4, 7, 3], "texture": "#0"},
				"down": {"uv": [6, 7, 5, 8], "texture": "#0"}
			}
		},
		{
			"from": [7.6, 5.175, 7.15],
			"to": [9, 6.575, 8.85],
			"rotation": {"angle": 45, "axis": "z", "origin": [8, 5.575, 8]},
			"faces": {
				"north": {"uv": [9.5, 8, 10, 8.5], "texture": "#0"},
				"east": {"uv": [9, 3, 10, 3.5], "texture": "#0"},
				"south": {"uv": [8.5, 9.5, 9, 10], "texture": "#0"},
				"west": {"uv": [9, 3.5, 10, 4], "texture": "#0"},
				"up": {"uv": [5.5, 10, 5, 9], "texture": "#0"},
				"down": {"uv": [6, 9, 5.5, 10], "texture": "#0"}
			}
		},
		{
			"from": [4, 4, 7.375],
			"to": [7, 5, 8.625],
			"rotation": {"angle": 0, "axis": "y", "origin": [4.75, 8, 7.125]},
			"faces": {
				"north": {"uv": [8, 7.5, 9.5, 8], "texture": "#0"},
				"east": {"uv": [9, 9.5, 9.5, 10], "texture": "#0"},
				"south": {"uv": [8, 8, 9.5, 8.5], "texture": "#0"},
				"west": {"uv": [9.5, 9.5, 10, 10], "texture": "#0"},
				"up": {"uv": [10, 5, 8.5, 4.5], "texture": "#0"},
				"down": {"uv": [10, 5, 8.5, 5.5], "texture": "#0"}
			}
		},
		{
			"from": [6, 5, 7.625],
			"to": [10, 26, 8.375],
			"rotation": {"angle": 0, "axis": "y", "origin": [7.75, 9, 7.125]},
			"faces": {
				"north": {"uv": [0, 0, 2, 10.5], "texture": "#0"},
				"east": {"uv": [4, 0, 4.5, 10.5], "texture": "#0"},
				"south": {"uv": [2, 0, 4, 10.5], "texture": "#0"},
				"west": {"uv": [4.5, 0, 5, 10.5], "texture": "#0"},
				"up": {"uv": [8, 7.5, 6, 7], "texture": "#0"},
				"down": {"uv": [9.5, 4, 7.5, 4.5], "texture": "#0"}
			}
		},
		{
			"from": [6.7, 24.55, 7.65],
			"to": [9.5, 27.35, 8.35],
			"rotation": {"angle": 45, "axis": "z", "origin": [8, 25.85, 8]},
			"faces": {
				"north": {"uv": [5, 0, 6.5, 1.5], "texture": "#0"},
				"east": {"uv": [6, 8.5, 6.5, 10], "texture": "#0"},
				"south": {"uv": [5, 1.5, 6.5, 3], "texture": "#0"},
				"west": {"uv": [6.5, 8.5, 7, 10], "texture": "#0"},
				"up": {"uv": [10, 6, 8.5, 5.5], "texture": "#0"},
				"down": {"uv": [10, 6, 8.5, 6.5], "texture": "#0"}
			}
		},
		{
			"from": [9, 4, 7.375],
			"to": [12, 5, 8.625],
			"rotation": {"angle": 0, "axis": "y", "origin": [9.75, 8, 7.125]},
			"faces": {
				"north": {"uv": [7, 8.5, 8.5, 9], "texture": "#0"},
				"east": {"uv": [10, 1, 10.5, 1.5], "texture": "#0"},
				"south": {"uv": [8.5, 8.5, 10, 9], "texture": "#0"},
				"west": {"uv": [10, 1.5, 10.5, 2], "texture": "#0"},
				"up": {"uv": [10.5, 0.5, 9, 0], "texture": "#0"},
				"down": {"uv": [10.5, 0.5, 9, 1], "texture": "#0"}
			}
		},
		{
			"from": [7.125, -6, 7.125],
			"to": [8.875, -4, 8.875],
			"rotation": {"angle": 0, "axis": "y", "origin": [6.875, -7, 7.125]},
			"faces": {
				"north": {"uv": [7.5, 4.5, 8.5, 5.5], "texture": "#0"},
				"east": {"uv": [7.5, 5.5, 8.5, 6.5], "texture": "#0"},
				"south": {"uv": [6, 7.5, 7, 8.5], "texture": "#0"},
				"west": {"uv": [7, 7.5, 8, 8.5], "texture": "#0"},
				"up": {"uv": [9, 1, 8, 0], "texture": "#0"},
				"down": {"uv": [9, 1, 8, 2], "texture": "#0"}
			}
		},
		{
			"from": [7.125, -3.75, 7.125],
			"to": [8.875, -3, 8.875],
			"rotation": {"angle": 0, "axis": "y", "origin": [6.875, -5, 7.125]},
			"faces": {
				"north": {"uv": [9, 6.5, 10, 7], "texture": "#0"},
				"east": {"uv": [7, 9, 8, 9.5], "texture": "#0"},
				"south": {"uv": [9, 7, 10, 7.5], "texture": "#0"},
				"west": {"uv": [8, 9, 9, 9.5], "texture": "#0"},
				"up": {"uv": [9, 3, 8, 2], "texture": "#0"},
				"down": {"uv": [9, 3, 8, 4], "texture": "#0"}
			}
		},
		{
			"from": [7.125, 2.25, 7.125],
			"to": [8.875, 3, 8.875],
			"rotation": {"angle": 0, "axis": "y", "origin": [6.875, 1, 7.125]},
			"faces": {
				"north": {"uv": [9, 9, 10, 9.5], "texture": "#0"},
				"east": {"uv": [9.5, 4, 10.5, 4.5], "texture": "#0"},
				"south": {"uv": [7, 9.5, 8, 10], "texture": "#0"},
				"west": {"uv": [9.5, 7.5, 10.5, 8], "texture": "#0"},
				"up": {"uv": [6, 9, 5, 8], "texture": "#0"},
				"down": {"uv": [9, 6.5, 8, 7.5], "texture": "#0"}
			}
		},
		{
			"from": [6.875, -5.25, 6.875],
			"to": [9.125, -4.5, 9.125],
			"rotation": {"angle": 0, "axis": "y", "origin": [6.875, -6.5, 7.125]},
			"faces": {
				"north": {"uv": [9, 1, 10, 1.5], "texture": "#0"},
				"east": {"uv": [9, 1.5, 10, 2], "texture": "#0"},
				"south": {"uv": [9, 2, 10, 2.5], "texture": "#0"},
				"west": {"uv": [9, 2.5, 10, 3], "texture": "#0"},
				"up": {"uv": [7.5, 5, 6.5, 4], "texture": "#0"},
				"down": {"uv": [7.5, 5, 6.5, 6], "texture": "#0"}
			}
		}
	],
	"gui_light": "front",
	"display": {
		"thirdperson_righthand": {
			"rotation": [0, 90, 0],
			"translation": [-0.25, 3.25, 1],
			"scale": [0.7, 0.7, 0.7]
		},
		"thirdperson_lefthand": {
			"rotation": [0, 90, 0],
			"translation": [-0.25, 3.25, 1],
			"scale": [0.7, 0.7, 0.7]
		},
		"firstperson_righthand": {
			"rotation": [0, 90, 7],
			"translation": [-0.25, 3.25, 1.75],
			"scale": [0.7, 0.7, 0.7]
		},
		"firstperson_lefthand": {
			"rotation": [0, 90, 7],
			"translation": [-0.25, 3.25, 1.75],
			"scale": [0.7, 0.7, 0.7]
		},
		"ground": {
			"translation": [0, 4.75, 0],
			"scale": [0.5, 0.5, 0.5]
		},
		"gui": {
			"rotation": [0, 0, -45],
			"translation": [-1.25, -1.25, 0],
			"scale": [0.6, 0.6, 0.6]
		},
		"fixed": {
			"translation": [0, -1.25, 0]
		}
	}
}