{
	"credit": "Made with Blockbench",
	"texture_size": [32, 32],
	"textures": {
		"0": "item/redlockpistoloff",
		"particle": "redlockpistoloff"
	},
	"elements": [
		{
			"from": [0, 0, 7],
			"to": [2, 2, 9],
			"faces": {
				"north": {"uv": [6, 5, 7, 6], "texture": "#0"},
				"east": {"uv": [6.5, 0, 7.5, 1], "texture": "#0"},
				"south": {"uv": [6.5, 1, 7.5, 2], "texture": "#0"},
				"west": {"uv": [2, 6.5, 3, 7.5], "texture": "#0"},
				"up": {"uv": [4, 7.5, 3, 6.5], "texture": "#0"},
				"down": {"uv": [5, 6.5, 4, 7.5], "texture": "#0"}
			}
		},
		{
			"from": [3, 1.75, 8],
			"to": [7, 3.75, 8],
			"faces": {
				"north": {"uv": [2.5, 5, 4.5, 6], "texture": "#0"},
				"east": {"uv": [0, 0, 0, 1], "texture": "#0"},
				"south": {"uv": [5, 3, 7, 4], "texture": "#0"},
				"west": {"uv": [0, 0, 0, 1], "texture": "#0"},
				"up": {"uv": [2, 0, 0, 0], "texture": "#0"},
				"down": {"uv": [2, 0, 0, 0], "texture": "#0"}
			}
		},
		{
			"from": [3, 3.5, 7],
			"to": [8, 5.5, 9],
			"faces": {
				"north": {"uv": [0, 2, 2.5, 3], "texture": "#0"},
				"east": {"uv": [5, 6.5, 6, 7.5], "texture": "#0"},
				"south": {"uv": [2.5, 2, 5, 3], "texture": "#0"},
				"west": {"uv": [6, 6.5, 7, 7.5], "texture": "#0"},
				"up": {"uv": [2.5, 4, 0, 3], "texture": "#0"},
				"down": {"uv": [5, 3, 2.5, 4], "texture": "#0"}
			}
		},
		{
			"from": [4, 4.75, 7.5],
			"to": [15, 5.75, 8.5],
			"faces": {
				"north": {"uv": [0, 0, 5.5, 0.5], "texture": "#0"},
				"east": {"uv": [4.5, 5, 5, 5.5], "texture": "#0"},
				"south": {"uv": [0, 0.5, 5.5, 1], "texture": "#0"},
				"west": {"uv": [4.5, 5.5, 5, 6], "texture": "#0"},
				"up": {"uv": [5.5, 1.5, 0, 1], "texture": "#0"},
				"down": {"uv": [5.5, 1.5, 0, 2], "texture": "#0"}
			}
		},
		{
			"from": [15, 4.65, 7.38],
			"to": [15.5, 5.9, 8.63],
			"faces": {
				"north": {"uv": [7.5, 2, 8, 2.5], "texture": "#0"},
				"east": {"uv": [10, 2, 12.5, 4.5], "texture": "#0"},
				"south": {"uv": [3, 7.5, 3.5, 8], "texture": "#0"},
				"west": {"uv": [3.5, 7.5, 4, 8], "texture": "#0"},
				"up": {"uv": [4.5, 8, 4, 7.5], "texture": "#0"},
				"down": {"uv": [5, 7.5, 4.5, 8], "texture": "#0"}
			}
		},
		{
			"from": [3.75, 5.1, 8.5],
			"to": [7.75, 5.6, 9.5],
			"faces": {
				"north": {"uv": [7, 3, 9, 3.5], "texture": "#0"},
				"east": {"uv": [5, 7.5, 5.5, 8], "texture": "#0"},
				"south": {"uv": [7, 3.5, 9, 4], "texture": "#0"},
				"west": {"uv": [5.5, 7.5, 6, 8], "texture": "#0"},
				"up": {"uv": [14.5, 8, 10.5, 6.5], "texture": "#0"},
				"down": {"uv": [9, 5.5, 7, 6], "texture": "#0"}
			}
		},
		{
			"from": [6.75, 5.25, 8.75],
			"to": [7.25, 6.25, 9.25],
			"faces": {
				"north": {"uv": [6, 7.5, 6.5, 8.5], "texture": "#0"},
				"east": {"uv": [6.5, 7.5, 7, 8.5], "texture": "#0"},
				"south": {"uv": [7, 7.5, 7.5, 8.5], "texture": "#0"},
				"west": {"uv": [7.5, 7.5, 8, 8.5], "texture": "#0"},
				"up": {"uv": [0.5, 8.5, 0, 8], "texture": "#0"},
				"down": {"uv": [1, 8, 0.5, 8.5], "texture": "#0"}
			}
		},
		{
			"from": [6, 5.25, 8.75],
			"to": [6.5, 6.25, 9.25],
			"faces": {
				"north": {"uv": [1, 8, 1.5, 9], "texture": "#0"},
				"east": {"uv": [1.5, 8, 2, 9], "texture": "#0"},
				"south": {"uv": [8.5, 1, 9, 2], "texture": "#0"},
				"west": {"uv": [8.5, 2, 9, 3], "texture": "#0"},
				"up": {"uv": [3.5, 8.5, 3, 8], "texture": "#0"},
				"down": {"uv": [4, 8, 3.5, 8.5], "texture": "#0"}
			}
		},
		{
			"from": [8, 3.5, 7.75],
			"to": [14, 4, 8.25],
			"faces": {
				"north": {"uv": [2, 6, 5, 6.5], "texture": "#0"},
				"east": {"uv": [4, 8, 4.5, 8.5], "texture": "#0"},
				"south": {"uv": [6, 4, 9, 4.5], "texture": "#0"},
				"west": {"uv": [4.5, 8, 5, 8.5], "texture": "#0"},
				"up": {"uv": [9, 5, 6, 4.5], "texture": "#0"},
				"down": {"uv": [8, 6, 5, 6.5], "texture": "#0"}
			}
		},
		{
			"from": [8, 3.75, 7.25],
			"to": [13, 5.25, 8.75],
			"faces": {
				"north": {"uv": [0, 4, 2.5, 5], "texture": "#0"},
				"east": {"uv": [7, 6.5, 8, 7.5], "texture": "#0"},
				"south": {"uv": [2.5, 4, 5, 5], "texture": "#0"},
				"west": {"uv": [7.5, 0, 8.5, 1], "texture": "#0"},
				"up": {"uv": [2.5, 6, 0, 5], "texture": "#0"},
				"down": {"uv": [7.5, 2, 5, 3], "texture": "#0"}
			}
		},
		{
			"from": [1, 0, 7.25],
			"to": [2.5, 4, 8.75],
			"rotation": {"angle": -45, "axis": "z", "origin": [2.75, 2, 8]},
			"faces": {
				"north": {"uv": [5, 4, 6, 6], "texture": "#0"},
				"east": {"uv": [5.5, 0, 6.5, 2], "texture": "#0"},
				"south": {"uv": [0, 6, 1, 8], "texture": "#0"},
				"west": {"uv": [1, 6, 2, 8], "texture": "#0"},
				"up": {"uv": [8.5, 2, 7.5, 1], "texture": "#0"},
				"down": {"uv": [3, 7.5, 2, 8.5], "texture": "#0"}
			}
		}
	],
	"gui_light": "front",
	"display": {
		"thirdperson_righthand": {
			"rotation": [0, 90, 0],
			"translation": [0, 3.75, -2],
			"scale": [0.8, 0.8, 0.8]
		},
		"thirdperson_lefthand": {
			"rotation": [0, -90, 0],
			"translation": [0, 3.75, -2],
			"scale": [0.8, 0.8, 0.8]
		},
		"firstperson_righthand": {
			"rotation": [0, 80, 0],
			"translation": [1.25, 7, 0]
		},
		"firstperson_lefthand": {
			"rotation": [0, -100, 0],
			"translation": [1.25, 7, 0]
		},
		"ground": {
			"translation": [0, 1.5, 0],
			"scale": [0.7, 0.7, 0.7]
		},
		"gui": {
			"rotation": [0, 0, 45],
			"translation": [-3, 3.5, 0]
		},
		"fixed": {
			"translation": [0, 3.5, 0]
		}
	}
}