{
	"credit": "Made with Blockbench",
	"texture_size": [64, 64],
	"textures": {
		"0": "item/redlockrifleoff",
		"particle": "redlockrifleoff"
	},
	"elements": [
		{
			"from": [-4, 6, 7],
			"to": [32, 8, 9],
			"rotation": {"angle": 0, "axis": "y", "origin": [8, 6, 8]},
			"faces": {
				"north": {"uv": [0, 0, 9, 0.5], "texture": "#0"},
				"east": {"uv": [2.5, 6, 3, 6.5], "texture": "#0"},
				"south": {"uv": [0, 0.5, 9, 1], "texture": "#0"},
				"west": {"uv": [6, 3.75, 6.5, 4.25], "texture": "#0"},
				"up": {"uv": [9, 1.5, 0, 1], "texture": "#0"},
				"down": {"uv": [9, 1.5, 0, 2], "texture": "#0"}
			}
		},
		{
			"from": [-4, 4.5, 7],
			"to": [14, 6, 9],
			"rotation": {"angle": 0, "axis": "y", "origin": [8, 6, 8]},
			"faces": {
				"north": {"uv": [0, 3, 4.5, 3.375], "texture": "#0"},
				"east": {"uv": [6, 4.25, 6.5, 4.625], "texture": "#0"},
				"south": {"uv": [0, 3.5, 4.5, 3.875], "texture": "#0"},
				"west": {"uv": [6, 4.75, 6.5, 5.125], "texture": "#0"},
				"up": {"uv": [4.5, 2.5, 0, 2], "texture": "#0"},
				"down": {"uv": [4.5, 2.5, 0, 3], "texture": "#0"}
			}
		},
		{
			"from": [14, 5, 7.5],
			"to": [32, 6, 8.5],
			"rotation": {"angle": 0, "axis": "y", "origin": [8, 6, 8]},
			"faces": {
				"north": {"uv": [0, 4, 4.5, 4.25], "texture": "#0"},
				"east": {"uv": [6.25, 5.25, 6.5, 5.5], "texture": "#0"},
				"south": {"uv": [0, 4.25, 4.5, 4.5], "texture": "#0"},
				"west": {"uv": [5.5, 6.25, 5.75, 6.5], "texture": "#0"},
				"up": {"uv": [4.5, 4.75, 0, 4.5], "texture": "#0"},
				"down": {"uv": [9, 2, 4.5, 2.25], "texture": "#0"}
			}
		},
		{
			"from": [3, 7.5, 7.5],
			"to": [4, 9.5, 8.5],
			"rotation": {"angle": 0, "axis": "y", "origin": [8, 6, 8]},
			"faces": {
				"north": {"uv": [6, 5.25, 6.25, 5.75], "texture": "#0"},
				"east": {"uv": [6, 5.75, 6.25, 6.25], "texture": "#0"},
				"south": {"uv": [3, 6.25, 3.25, 6.75], "texture": "#0"},
				"west": {"uv": [3.25, 6.25, 3.5, 6.75], "texture": "#0"},
				"up": {"uv": [6.5, 5.75, 6.25, 5.5], "texture": "#0"},
				"down": {"uv": [6, 6.25, 5.75, 6.5], "texture": "#0"}
			}
		},
		{
			"from": [0, 7.5, 7.5],
			"to": [1, 9.5, 8.5],
			"rotation": {"angle": 0, "axis": "y", "origin": [8, 6, 8]},
			"faces": {
				"north": {"uv": [3.5, 6.25, 3.75, 6.75], "texture": "#0"},
				"east": {"uv": [3.75, 6.25, 4, 6.75], "texture": "#0"},
				"south": {"uv": [4, 6.25, 4.25, 6.75], "texture": "#0"},
				"west": {"uv": [4.25, 6.25, 4.5, 6.75], "texture": "#0"},
				"up": {"uv": [6.5, 6, 6.25, 5.75], "texture": "#0"},
				"down": {"uv": [6.25, 6.25, 6, 6.5], "texture": "#0"}
			}
		},
		{
			"from": [-7.62775, 9.89876, 7.1],
			"to": [-1.62775, 12.14876, 8.9],
			"rotation": {"angle": 22.5, "axis": "z", "origin": [8, 6, 8]},
			"faces": {
				"north": {"uv": [0, 4.75, 1.5, 5.375], "texture": "#0"},
				"east": {"uv": [1.5, 6, 2, 6.625], "texture": "#0"},
				"south": {"uv": [1.5, 4.75, 3, 5.375], "texture": "#0"},
				"west": {"uv": [2, 6, 2.5, 6.625], "texture": "#0"},
				"up": {"uv": [4.5, 5.25, 3, 4.75], "texture": "#0"},
				"down": {"uv": [6, 4.75, 4.5, 5.25], "texture": "#0"}
			}
		},
		{
			"from": [-10.62775, 8.89876, 7.1],
			"to": [-7.62775, 12.14876, 8.9],
			"rotation": {"angle": 22.5, "axis": "z", "origin": [8, 6, 8]},
			"faces": {
				"north": {"uv": [3, 5.25, 3.75, 6.125], "texture": "#0"},
				"east": {"uv": [5.5, 3.75, 6, 4.625], "texture": "#0"},
				"south": {"uv": [3.75, 5.25, 4.5, 6.125], "texture": "#0"},
				"west": {"uv": [5.5, 5.25, 6, 6.125], "texture": "#0"},
				"up": {"uv": [0.75, 6.5, 0, 6], "texture": "#0"},
				"down": {"uv": [1.5, 6, 0.75, 6.5], "texture": "#0"}
			}
		},
		{
			"from": [-14.62775, 7.89876, 7.1],
			"to": [-10.62775, 12.14876, 8.9],
			"rotation": {"angle": 22.5, "axis": "z", "origin": [8, 6, 8]},
			"faces": {
				"north": {"uv": [4.5, 2.25, 5.5, 3.375], "texture": "#0"},
				"east": {"uv": [4.5, 5.25, 5, 6.375], "texture": "#0"},
				"south": {"uv": [4.5, 3.5, 5.5, 4.625], "texture": "#0"},
				"west": {"uv": [5, 5.25, 5.5, 6.375], "texture": "#0"},
				"up": {"uv": [1, 6, 0, 5.5], "texture": "#0"},
				"down": {"uv": [2, 5.5, 1, 6], "texture": "#0"}
			}
		},
		{
			"from": [-4, 3, 8],
			"to": [0, 5, 8],
			"rotation": {"angle": 0, "axis": "y", "origin": [8, 6, 8]},
			"faces": {
				"north": {"uv": [2, 5.5, 3, 6], "texture": "#0"},
				"east": {"uv": [0, 0, 0, 0.5], "texture": "#0"},
				"south": {"uv": [5.5, 2.25, 6.5, 2.75], "texture": "#0"},
				"west": {"uv": [0, 0, 0, 0.5], "texture": "#0"},
				"up": {"uv": [1, 0, 0, 0], "texture": "#0"},
				"down": {"uv": [1, 0, 0, 0], "texture": "#0"}
			}
		},
		{
			"from": [28, 7, 8],
			"to": [32, 9, 8],
			"rotation": {"angle": 0, "axis": "y", "origin": [8, 6, 8]},
			"faces": {
				"north": {"uv": [5.5, 2.75, 6.5, 3.25], "texture": "#0"},
				"east": {"uv": [0, 0, 0, 0.5], "texture": "#0"},
				"south": {"uv": [5.5, 3.25, 6.5, 3.75], "texture": "#0"},
				"west": {"uv": [0, 0, 0, 0.5], "texture": "#0"},
				"up": {"uv": [1, 0, 0, 0], "texture": "#0"},
				"down": {"uv": [1, 0, 0, 0], "texture": "#0"}
			}
		}
	],
	"gui_light": "front",
	"display": {
		"thirdperson_righthand": {
			"rotation": [0, 90, 0],
			"translation": [-1, 1.75, -0.5],
			"scale": [0.6, 0.6, 0.6]
		},
		"thirdperson_lefthand": {
			"rotation": [0, -90, 0],
			"translation": [-1, 1.75, -0.5],
			"scale": [0.6, 0.6, 0.6]
		},
		"firstperson_righthand": {
			"rotation": [0, 78, 0],
			"translation": [3.25, 2.75, -6.75]
		},
		"firstperson_lefthand": {
			"rotation": [0, -101, 0],
			"translation": [3.25, 2.75, -6.75]
		},
		"ground": {
			"translation": [0, 1.25, 0],
			"scale": [0.6, 0.6, 0.6]
		},
		"gui": {
			"rotation": [0, 0, 45],
			"translation": [-1, 1, 0],
			"scale": [0.5, 0.5, 0.5]
		}
	}
}