{
	"credit": "Made with Blockbench",
	"texture_size": [32, 32],
	"textures": {
		"0": "item/redstonerepeateroff",
		"particle": "redstonerepeateroff"
	},
	"elements": [
		{
			"from": [5, -0.5, 7],
			"to": [6.5, 3, 8.5],
			"rotation": {"angle": -22.5, "axis": "z", "origin": [6, 0, 8]},
			"faces": {
				"north": {"uv": [3, 3, 3.75, 4.75], "texture": "#0"},
				"east": {"uv": [0, 3.5, 0.75, 5.25], "texture": "#0"},
				"south": {"uv": [1, 3.5, 1.75, 5.25], "texture": "#0"},
				"west": {"uv": [2, 3.5, 2.75, 5.25], "texture": "#0"},
				"up": {"uv": [5.75, 6.25, 5, 5.5], "texture": "#0"},
				"down": {"uv": [3.25, 6, 2.5, 6.75], "texture": "#0"}
			}
		},
		{
			"from": [7, 2, 6.95],
			"to": [9.5, 4, 8.55],
			"faces": {
				"north": {"uv": [4, 0, 5.25, 1], "texture": "#0"},
				"east": {"uv": [5.5, 2.5, 6.25, 3.5], "texture": "#0"},
				"south": {"uv": [4, 3, 5.25, 4], "texture": "#0"},
				"west": {"uv": [4, 5.5, 4.75, 6.5], "texture": "#0"},
				"up": {"uv": [2.25, 6.25, 1, 5.5], "texture": "#0"},
				"down": {"uv": [6.75, 1.5, 5.5, 2.25], "texture": "#0"}
			}
		},
		{
			"from": [9, 3.75, 7.5],
			"to": [9.5, 4.75, 8],
			"faces": {
				"north": {"uv": [2.5, 1.5, 2.75, 2], "texture": "#0"},
				"east": {"uv": [4.5, 2.5, 4.75, 3], "texture": "#0"},
				"south": {"uv": [5, 2.5, 5.25, 3], "texture": "#0"},
				"west": {"uv": [2.5, 5.5, 2.75, 6], "texture": "#0"},
				"up": {"uv": [4.25, 6.75, 4, 6.5], "texture": "#0"},
				"down": {"uv": [6.75, 4, 6.5, 4.25], "texture": "#0"}
			}
		},
		{
			"from": [8, 3.75, 7.5],
			"to": [8.5, 4.75, 8],
			"faces": {
				"north": {"uv": [6.5, 1, 6.75, 1.5], "texture": "#0"},
				"east": {"uv": [2, 6.5, 2.25, 7], "texture": "#0"},
				"south": {"uv": [6.5, 2.5, 6.75, 3], "texture": "#0"},
				"west": {"uv": [6.5, 3, 6.75, 3.5], "texture": "#0"},
				"up": {"uv": [4.75, 6.75, 4.5, 6.5], "texture": "#0"},
				"down": {"uv": [5.25, 6.5, 5, 6.75], "texture": "#0"}
			}
		},
		{
			"from": [7.5, 1.75, 6.85],
			"to": [9.3, 3.55, 8.65],
			"faces": {
				"north": {"uv": [4.5, 1.5, 5.5, 2.5], "texture": "#0"},
				"east": {"uv": [4, 4.5, 5, 5.5], "texture": "#0"},
				"south": {"uv": [3, 5, 4, 6], "texture": "#0"},
				"west": {"uv": [5, 4.5, 6, 5.5], "texture": "#0"},
				"up": {"uv": [1, 6.5, 0, 5.5], "texture": "#0"},
				"down": {"uv": [6.5, 0, 5.5, 1], "texture": "#0"}
			}
		},
		{
			"from": [9.5, 2.7, 7.25],
			"to": [14, 4, 8.25],
			"faces": {
				"north": {"uv": [0, 0, 2.25, 0.75], "texture": "#0"},
				"east": {"uv": [3.25, 6, 4, 6.75], "texture": "#0"},
				"south": {"uv": [0, 1, 2.25, 1.75], "texture": "#0"},
				"west": {"uv": [0, 6.5, 0.5, 7.25], "texture": "#0"},
				"up": {"uv": [6.25, 1.5, 4, 1], "texture": "#0"},
				"down": {"uv": [6.25, 4, 4, 4.5], "texture": "#0"}
			}
		},
		{
			"from": [9.5, 3.7, 7.75],
			"to": [14, 4.4, 7.75],
			"faces": {
				"north": {"uv": [5.5, 3.5, 7.75, 3.75], "texture": "#0"},
				"east": {"uv": [0, 0, 0, 0.25], "texture": "#0"},
				"south": {"uv": [6, 4.5, 8.25, 4.75], "texture": "#0"},
				"west": {"uv": [0, 0, 0, 0.25], "texture": "#0"},
				"up": {"uv": [2.25, 0, 0, 0], "texture": "#0"},
				"down": {"uv": [2.25, 0, 0, 0], "texture": "#0"}
			}
		},
		{
			"from": [6.5, 0.7, 7.75],
			"to": [9, 3.4, 7.75],
			"faces": {
				"north": {"uv": [0, 2, 1.25, 3.25], "texture": "#0"},
				"east": {"uv": [0, 0, 0, 1.25], "texture": "#0"},
				"south": {"uv": [1.5, 2, 2.75, 3.25], "texture": "#0"},
				"west": {"uv": [0, 0, 0, 1.25], "texture": "#0"},
				"up": {"uv": [1.25, 0, 0, 0], "texture": "#0"},
				"down": {"uv": [1.25, 0, 0, 0], "texture": "#0"}
			}
		},
		{
			"from": [4.5, 1.7, 7.75],
			"to": [7, 4.4, 7.75],
			"faces": {
				"north": {"uv": [2.5, 0, 3.75, 1.25], "texture": "#0"},
				"east": {"uv": [0, 0, 0, 1.25], "texture": "#0"},
				"south": {"uv": [3, 1.5, 4.25, 2.75], "texture": "#0"},
				"west": {"uv": [0, 0, 0, 1.25], "texture": "#0"},
				"up": {"uv": [1.25, 0, 0, 0], "texture": "#0"},
				"down": {"uv": [1.25, 0, 0, 0], "texture": "#0"}
			}
		},
		{
			"from": [6, 2, 6.95],
			"to": [7, 3.5, 8.55],
			"faces": {
				"north": {"uv": [6.5, 0, 7, 0.75], "texture": "#0"},
				"east": {"uv": [6, 5, 6.75, 5.75], "texture": "#0"},
				"south": {"uv": [0.5, 6.5, 1, 7.25], "texture": "#0"},
				"west": {"uv": [6, 6, 6.75, 6.75], "texture": "#0"},
				"up": {"uv": [1.5, 7.25, 1, 6.5], "texture": "#0"},
				"down": {"uv": [2, 6.5, 1.5, 7.25], "texture": "#0"}
			}
		}
	],
	"gui_light": "front",
	"display": {
		"thirdperson_righthand": {
			"rotation": [0, 90, 0],
			"translation": [0, 6, 0]
		},
		"thirdperson_lefthand": {
			"rotation": [0, -90, 0],
			"translation": [0, 6, 0]
		},
		"firstperson_righthand": {
			"rotation": [0, 79, 0],
			"translation": [1.75, 9.5, 0],
			"scale": [1.5, 1.5, 1.5]
		},
		"firstperson_lefthand": {
			"rotation": [0, -99, 0],
			"translation": [0.75, 9.75, 0],
			"scale": [1.5, 1.5, 1.5]
		},
		"ground": {
			"translation": [0, 5.5, 0]
		},
		"gui": {
			"translation": [-2.25, 7.75, 0],
			"scale": [1.6, 1.6, 1.6]
		},
		"fixed": {
			"translation": [0, 10.25, 0],
			"scale": [2, 2, 2]
		}
	}
}