{
	"credit": "Made with Blockbench",
	"texture_size": [32, 32],
	"textures": {
		"0": "item/resinsword",
		"particle": "resinsword"
	},
	"elements": [
		{
			"from": [7.25, -6, 7.25],
			"to": [8.75, -4.5, 8.75],
			"rotation": {"angle": 0, "axis": "y", "origin": [6.75, -6, 7.25]},
			"faces": {
				"north": {"uv": [8.5, 7.5, 9.5, 8.5], "texture": "#0"},
				"east": {"uv": [8, 8.5, 9, 9.5], "texture": "#0"},
				"south": {"uv": [9, 0, 10, 1], "texture": "#0"},
				"west": {"uv": [9, 1, 10, 2], "texture": "#0"},
				"up": {"uv": [10, 3, 9, 2], "texture": "#0"},
				"down": {"uv": [4, 9, 3, 10], "texture": "#0"}
			}
		},
		{
			"from": [7.25, 0, 7.25],
			"to": [8.75, 3.5, 8.75],
			"rotation": {"angle": 0, "axis": "y", "origin": [6.75, 0, 7.25]},
			"faces": {
				"north": {"uv": [0, 8, 1, 10], "texture": "#0"},
				"east": {"uv": [1, 8, 2, 10], "texture": "#0"},
				"south": {"uv": [5, 8, 6, 10], "texture": "#0"},
				"west": {"uv": [6, 8, 7, 10], "texture": "#0"},
				"up": {"uv": [10, 4, 9, 3], "texture": "#0"},
				"down": {"uv": [5, 9, 4, 10], "texture": "#0"}
			}
		},
		{
			"from": [7.5, 3.5, 7.5],
			"to": [8.5, 21, 8.5],
			"rotation": {"angle": 0, "axis": "y", "origin": [6.75, 3.5, 7.25]},
			"faces": {
				"north": {"uv": [3, 0, 3.5, 9], "texture": "#0"},
				"east": {"uv": [3.5, 0, 4, 9], "texture": "#0"},
				"south": {"uv": [4, 0, 4.5, 9], "texture": "#0"},
				"west": {"uv": [4.5, 0, 5, 9], "texture": "#0"},
				"up": {"uv": [1, 10.5, 0.5, 10], "texture": "#0"},
				"down": {"uv": [1.5, 10, 1, 10.5], "texture": "#0"}
			}
		},
		{
			"from": [7.625, 21, 7.625],
			"to": [8.375, 32, 8.375],
			"rotation": {"angle": 0, "axis": "y", "origin": [6.625, 14.5, 7.375]},
			"faces": {
				"north": {"uv": [2, 6, 2.5, 11.5], "texture": "#0"},
				"east": {"uv": [2.5, 6, 3, 11.5], "texture": "#0"},
				"south": {"uv": [7, 6, 7.5, 11.5], "texture": "#0"},
				"west": {"uv": [7.5, 6, 8, 11.5], "texture": "#0"},
				"up": {"uv": [10.5, 1.5, 10, 1], "texture": "#0"},
				"down": {"uv": [2, 10, 1.5, 10.5], "texture": "#0"}
			}
		},
		{
			"from": [8.75, 0.75, 7.5],
			"to": [11.25, 1.5, 8.5],
			"rotation": {"angle": 0, "axis": "y", "origin": [8.25, 0, 7]},
			"faces": {
				"north": {"uv": [9, 6, 10.5, 6.5], "texture": "#0"},
				"east": {"uv": [10, 1.5, 10.5, 2], "texture": "#0"},
				"south": {"uv": [9, 6.5, 10.5, 7], "texture": "#0"},
				"west": {"uv": [10, 2, 10.5, 2.5], "texture": "#0"},
				"up": {"uv": [10.5, 7.5, 9, 7], "texture": "#0"},
				"down": {"uv": [10.5, 8.5, 9, 9], "texture": "#0"}
			}
		},
		{
			"from": [7.5, 0.75, 8.75],
			"to": [8.5, 1.5, 10.75],
			"rotation": {"angle": 0, "axis": "y", "origin": [8, 1.125, 10]},
			"faces": {
				"north": {"uv": [10, 2.5, 10.5, 3], "texture": "#0"},
				"east": {"uv": [9, 9, 10, 9.5], "texture": "#0"},
				"south": {"uv": [3, 10, 3.5, 10.5], "texture": "#0"},
				"west": {"uv": [9.5, 7.5, 10.5, 8], "texture": "#0"},
				"up": {"uv": [8.5, 10.5, 8, 9.5], "texture": "#0"},
				"down": {"uv": [9, 9.5, 8.5, 10.5], "texture": "#0"}
			}
		},
		{
			"from": [7.5, 0.75, 5.25],
			"to": [8.5, 1.5, 7.25],
			"rotation": {"angle": 0, "axis": "y", "origin": [8, 1.125, 6.5]},
			"faces": {
				"north": {"uv": [10, 3, 10.5, 3.5], "texture": "#0"},
				"east": {"uv": [9.5, 8, 10.5, 8.5], "texture": "#0"},
				"south": {"uv": [3.5, 10, 4, 10.5], "texture": "#0"},
				"west": {"uv": [9, 9.5, 10, 10], "texture": "#0"},
				"up": {"uv": [0.5, 11, 0, 10], "texture": "#0"},
				"down": {"uv": [10.5, 0, 10, 1], "texture": "#0"}
			}
		},
		{
			"from": [3.75, 0.75, 7.5],
			"to": [7.25, 1.5, 8.5],
			"rotation": {"angle": 0, "axis": "y", "origin": [3.25, 0, 7]},
			"faces": {
				"north": {"uv": [9, 4, 11, 4.5], "texture": "#0"},
				"east": {"uv": [10, 3.5, 10.5, 4], "texture": "#0"},
				"south": {"uv": [9, 4.5, 11, 5], "texture": "#0"},
				"west": {"uv": [4, 10, 4.5, 10.5], "texture": "#0"},
				"up": {"uv": [11, 5.5, 9, 5], "texture": "#0"},
				"down": {"uv": [11, 5.5, 9, 6], "texture": "#0"}
			}
		},
		{
			"from": [7.375, -4.5, 7.375],
			"to": [8.625, 0, 8.625],
			"rotation": {"angle": 0, "axis": "y", "origin": [6.625, -4.5, 7.375]},
			"faces": {
				"north": {"uv": [8, 6, 8.5, 8.5], "texture": "#0"},
				"east": {"uv": [8.5, 0, 9, 2.5], "texture": "#0"},
				"south": {"uv": [8.5, 2.5, 9, 5], "texture": "#0"},
				"west": {"uv": [8.5, 5, 9, 7.5], "texture": "#0"},
				"up": {"uv": [5, 10.5, 4.5, 10], "texture": "#0"},
				"down": {"uv": [5.5, 10, 5, 10.5], "texture": "#0"}
			}
		},
		{
			"from": [8.5, -5, 8],
			"to": [11.5, 1, 8],
			"rotation": {"angle": 0, "axis": "y", "origin": [8.5, -1, 8]},
			"faces": {
				"north": {"uv": [5, 0, 6.5, 3], "texture": "#0"},
				"east": {"uv": [0, 0, 0, 3], "texture": "#0"},
				"south": {"uv": [5, 3, 6.5, 6], "texture": "#0"},
				"west": {"uv": [0, 0, 0, 3], "texture": "#0"},
				"up": {"uv": [1.5, 0, 0, 0], "texture": "#0"},
				"down": {"uv": [1.5, 0, 0, 0], "texture": "#0"}
			}
		},
		{
			"from": [5, 1.25, 5],
			"to": [11, 1.25, 11],
			"rotation": {"angle": 0, "axis": "y", "origin": [7.5, 1.25, 7]},
			"faces": {
				"north": {"uv": [0, 0, 3, 0], "texture": "#0"},
				"east": {"uv": [0, 0, 3, 0], "texture": "#0"},
				"south": {"uv": [0, 0, 3, 0], "texture": "#0"},
				"west": {"uv": [0, 0, 3, 0], "texture": "#0"},
				"up": {"uv": [3, 3, 0, 0], "texture": "#0"},
				"down": {"uv": [3, 3, 0, 6], "texture": "#0"}
			}
		},
		{
			"from": [6, 2.5, 6],
			"to": [10, 2.5, 10],
			"rotation": {"angle": 0, "axis": "y", "origin": [7, 2.5, 7]},
			"faces": {
				"north": {"uv": [0, 0, 2, 0], "texture": "#0"},
				"east": {"uv": [0, 0, 2, 0], "texture": "#0"},
				"south": {"uv": [0, 0, 2, 0], "texture": "#0"},
				"west": {"uv": [0, 0, 2, 0], "texture": "#0"},
				"up": {"uv": [2, 8, 0, 6], "texture": "#0"},
				"down": {"uv": [7, 6, 5, 8], "texture": "#0"}
			}
		},
		{
			"from": [8, 1.5, 6],
			"to": [8, 4, 10],
			"rotation": {"angle": 0, "axis": "z", "origin": [8, 2.5, 8]},
			"faces": {
				"north": {"uv": [0, 0, 0, 1.5], "texture": "#0"},
				"east": {"uv": [6.5, 3, 8.5, 4.5], "texture": "#0"},
				"south": {"uv": [0, 0, 0, 1.5], "texture": "#0"},
				"west": {"uv": [6.5, 4.5, 8.5, 6], "texture": "#0"},
				"up": {"uv": [0, 2, 0, 0], "texture": "#0"},
				"down": {"uv": [0, 0, 0, 2], "texture": "#0"}
			}
		},
		{
			"from": [6, 1.5, 8],
			"to": [10, 4, 8],
			"rotation": {"angle": 0, "axis": "y", "origin": [8, 2.5, 8]},
			"faces": {
				"north": {"uv": [6.5, 0, 8.5, 1.5], "texture": "#0"},
				"east": {"uv": [0, 0, 0, 1.5], "texture": "#0"},
				"south": {"uv": [6.5, 1.5, 8.5, 3], "texture": "#0"},
				"west": {"uv": [0, 0, 0, 1.5], "texture": "#0"},
				"up": {"uv": [2, 0, 0, 0], "texture": "#0"},
				"down": {"uv": [2, 0, 0, 0], "texture": "#0"}
			}
		},
		{
			"from": [10, -1, 8],
			"to": [13, 4, 8],
			"rotation": {"angle": 0, "axis": "y", "origin": [10, -1, 7]},
			"faces": {
				"north": {"uv": [1.5, 11.5, 3, 14], "texture": "#0"},
				"east": {"uv": [0, 0, 0, 2.5], "texture": "#0"},
				"south": {"uv": [0, 11.5, 1.5, 14], "texture": "#0"},
				"west": {"uv": [0, 0, 0, 2.5], "texture": "#0"},
				"up": {"uv": [0, 0, 1.5, 0], "texture": "#0"},
				"down": {"uv": [0, 0, 1.5, 0], "texture": "#0"}
			}
		}
	],
	"gui_light": "front",
	"display": {
		"thirdperson_righthand": {
			"rotation": [-31, 90, 0],
			"translation": [0, 5, -3],
			"scale": [0.8, 0.8, 0.8]
		},
		"thirdperson_lefthand": {
			"rotation": [-31, -90, 0],
			"translation": [0, 5, -3],
			"scale": [0.8, 0.8, 0.8]
		},
		"firstperson_righthand": {
			"rotation": [-74, 90, 0],
			"translation": [5.75, 0, -9.5]
		},
		"firstperson_lefthand": {
			"rotation": [-74, -90, 0],
			"translation": [5.75, 0, -9.5]
		},
		"ground": {
			"translation": [0, 5.5, 0],
			"scale": [0.5, 0.5, 0.5]
		},
		"gui": {
			"rotation": [0, 0, -45],
			"translation": [-1.75, -1.75, 0],
			"scale": [0.6, 0.6, 0.5]
		},
		"fixed": {
			"translation": [0, 0, -0.25]
		}
	}
}