{
	"credit": "Made with Blockbench",
	"texture_size": [64, 64],
	"textures": {
		"0": "item/resinaxe",
		"particle": "resinaxe"
	},
	"elements": [
		{
			"from": [7.25, -2, 7.25],
			"to": [8.75, 21, 8.75],
			"rotation": {"angle": 0, "axis": "y", "origin": [7, 0, 7]},
			"faces": {
				"north": {"uv": [0, 4.5, 0.5, 10.25], "texture": "#0"},
				"east": {"uv": [0.5, 4.5, 1, 10.25], "texture": "#0"},
				"south": {"uv": [1, 4.5, 1.5, 10.25], "texture": "#0"},
				"west": {"uv": [1.5, 4.5, 2, 10.25], "texture": "#0"},
				"up": {"uv": [6, 6.5, 5.5, 6], "texture": "#0"},
				"down": {"uv": [6.5, 6, 6, 6.5], "texture": "#0"}
			}
		},
		{
			"from": [7.15, 0, 7.15],
			"to": [8.85, 8, 8.85],
			"rotation": {"angle": 0, "axis": "y", "origin": [7, 0, 7]},
			"faces": {
				"north": {"uv": [4, 4.5, 4.5, 6.5], "texture": "#0"},
				"east": {"uv": [4.5, 4.5, 5, 6.5], "texture": "#0"},
				"south": {"uv": [5, 0, 5.5, 2], "texture": "#0"},
				"west": {"uv": [5, 2, 5.5, 4], "texture": "#0"},
				"up": {"uv": [2.5, 6.75, 2, 6.25], "texture": "#0"},
				"down": {"uv": [3, 6.25, 2.5, 6.75], "texture": "#0"}
			}
		},
		{
			"from": [6.95, 8, 6.95],
			"to": [9.05, 9, 9.05],
			"rotation": {"angle": 0, "axis": "y", "origin": [7, 1, 7]},
			"faces": {
				"north": {"uv": [6.75, 2.75, 7.25, 3], "texture": "#0"},
				"east": {"uv": [6.75, 3, 7.25, 3.25], "texture": "#0"},
				"south": {"uv": [6.75, 3.25, 7.25, 3.5], "texture": "#0"},
				"west": {"uv": [6.75, 3.5, 7.25, 3.75], "texture": "#0"},
				"up": {"uv": [6.75, 3.25, 6.25, 2.75], "texture": "#0"},
				"down": {"uv": [3.5, 6.25, 3, 6.75], "texture": "#0"}
			}
		},
		{
			"from": [6.95, -1, 6.95],
			"to": [9.05, 0, 9.05],
			"rotation": {"angle": 0, "axis": "y", "origin": [7, -8, 7]},
			"faces": {
				"north": {"uv": [6.75, 3.75, 7.25, 4], "texture": "#0"},
				"east": {"uv": [6.75, 4, 7.25, 4.25], "texture": "#0"},
				"south": {"uv": [6.75, 4.25, 7.25, 4.5], "texture": "#0"},
				"west": {"uv": [6.75, 4.5, 7.25, 4.75], "texture": "#0"},
				"up": {"uv": [6.75, 3.75, 6.25, 3.25], "texture": "#0"},
				"down": {"uv": [6.75, 3.75, 6.25, 4.25], "texture": "#0"}
			}
		},
		{
			"from": [7.25, -4, 7.25],
			"to": [9, -2, 8.75],
			"rotation": {"angle": 0, "axis": "y", "origin": [7, -4, 7]},
			"faces": {
				"north": {"uv": [6.25, 4.25, 6.75, 4.75], "texture": "#0"},
				"east": {"uv": [6.25, 4.75, 6.75, 5.25], "texture": "#0"},
				"south": {"uv": [6.25, 5.25, 6.75, 5.75], "texture": "#0"},
				"west": {"uv": [6.5, 0.5, 7, 1], "texture": "#0"},
				"up": {"uv": [7, 1.5, 6.5, 1], "texture": "#0"},
				"down": {"uv": [7, 1.5, 6.5, 2], "texture": "#0"}
			}
		},
		{
			"from": [7.25, -6, 7.25],
			"to": [9.75, -4, 8.75],
			"rotation": {"angle": 0, "axis": "y", "origin": [7, -6, 7]},
			"faces": {
				"north": {"uv": [5.5, 5.5, 6.25, 6], "texture": "#0"},
				"east": {"uv": [6.5, 2, 7, 2.5], "texture": "#0"},
				"south": {"uv": [2, 5.75, 2.75, 6.25], "texture": "#0"},
				"west": {"uv": [3.5, 6.5, 4, 7], "texture": "#0"},
				"up": {"uv": [3.5, 6.25, 2.75, 5.75], "texture": "#0"},
				"down": {"uv": [6.75, 0, 6, 0.5], "texture": "#0"}
			}
		},
		{
			"from": [7, 14, 7],
			"to": [9, 20, 9],
			"rotation": {"angle": 0, "axis": "y", "origin": [7, 14, 7]},
			"faces": {
				"north": {"uv": [5, 4, 5.5, 5.5], "texture": "#0"},
				"east": {"uv": [5.5, 0, 6, 1.5], "texture": "#0"},
				"south": {"uv": [5.5, 1.5, 6, 3], "texture": "#0"},
				"west": {"uv": [5.5, 3, 6, 4.5], "texture": "#0"},
				"up": {"uv": [4.5, 7, 4, 6.5], "texture": "#0"},
				"down": {"uv": [5, 6.5, 4.5, 7], "texture": "#0"}
			}
		},
		{
			"from": [9, 17, 7.5],
			"to": [10.5, 20, 8.5],
			"rotation": {"angle": 0, "axis": "y", "origin": [9, 14, 7]},
			"faces": {
				"north": {"uv": [3.5, 5.75, 4, 6.5], "texture": "#0"},
				"east": {"uv": [5.5, 6.5, 5.75, 7.25], "texture": "#0"},
				"south": {"uv": [6, 0.5, 6.5, 1.25], "texture": "#0"},
				"west": {"uv": [5.75, 6.5, 6, 7.25], "texture": "#0"},
				"up": {"uv": [7.25, 5, 6.75, 4.75], "texture": "#0"},
				"down": {"uv": [7.25, 5, 6.75, 5.25], "texture": "#0"}
			}
		},
		{
			"from": [5.5, 17, 7.5],
			"to": [7, 20, 8.5],
			"rotation": {"angle": 0, "axis": "y", "origin": [5.5, 14, 7]},
			"faces": {
				"north": {"uv": [6, 1.25, 6.5, 2], "texture": "#0"},
				"east": {"uv": [6, 6.5, 6.25, 7.25], "texture": "#0"},
				"south": {"uv": [6, 2, 6.5, 2.75], "texture": "#0"},
				"west": {"uv": [6.5, 6, 6.75, 6.75], "texture": "#0"},
				"up": {"uv": [7.25, 5.5, 6.75, 5.25], "texture": "#0"},
				"down": {"uv": [7.25, 5.5, 6.75, 5.75], "texture": "#0"}
			}
		},
		{
			"from": [10.5, 15, 7.75],
			"to": [14.5, 20, 8.25],
			"rotation": {"angle": 0, "axis": "y", "origin": [10, 14, 7]},
			"faces": {
				"north": {"uv": [2, 4.5, 3, 5.75], "texture": "#0"},
				"east": {"uv": [6, 2.75, 6.25, 4], "texture": "#0"},
				"south": {"uv": [3, 4.5, 4, 5.75], "texture": "#0"},
				"west": {"uv": [6, 4, 6.25, 5.25], "texture": "#0"},
				"up": {"uv": [7.25, 6, 6.25, 5.75], "texture": "#0"},
				"down": {"uv": [7.5, 2.5, 6.5, 2.75], "texture": "#0"}
			}
		},
		{
			"from": [3.5, 16, 7.75],
			"to": [5.5, 20, 8.25],
			"rotation": {"angle": 0, "axis": "y", "origin": [1, 14, 7]},
			"faces": {
				"north": {"uv": [5.5, 4.5, 6, 5.5], "texture": "#0"},
				"east": {"uv": [5, 6.5, 5.25, 7.5], "texture": "#0"},
				"south": {"uv": [5, 5.5, 5.5, 6.5], "texture": "#0"},
				"west": {"uv": [5.25, 6.5, 5.5, 7.5], "texture": "#0"},
				"up": {"uv": [7.25, 6.25, 6.75, 6], "texture": "#0"},
				"down": {"uv": [6.75, 6.75, 6.25, 7], "texture": "#0"}
			}
		},
		{
			"from": [11.5, 14, 7.75],
			"to": [14.5, 15, 8.25],
			"rotation": {"angle": 0, "axis": "y", "origin": [10, 9, 7]},
			"faces": {
				"north": {"uv": [6.75, 0, 7.5, 0.25], "texture": "#0"},
				"east": {"uv": [6, 5.25, 6.25, 5.5], "texture": "#0"},
				"south": {"uv": [6.75, 0.25, 7.5, 0.5], "texture": "#0"},
				"west": {"uv": [6.25, 6.5, 6.5, 6.75], "texture": "#0"},
				"up": {"uv": [2.75, 7, 2, 6.75], "texture": "#0"},
				"down": {"uv": [3.5, 6.75, 2.75, 7], "texture": "#0"}
			}
		},
		{
			"from": [3.25, 8, 8],
			"to": [12.75, 14, 8],
			"rotation": {"angle": 0, "axis": "y", "origin": [3.25, 8, 6]},
			"faces": {
				"north": {"uv": [0, 0, 2.5, 1.5], "texture": "#0"},
				"east": {"uv": [0, 0, 0, 1.5], "texture": "#0"},
				"south": {"uv": [0, 1.5, 2.5, 3], "texture": "#0"},
				"west": {"uv": [0, 0, 0, 1.5], "texture": "#0"},
				"up": {"uv": [2.5, 0, 0, 0], "texture": "#0"},
				"down": {"uv": [2.5, 0, 0, 0], "texture": "#0"}
			}
		},
		{
			"from": [3.25, -6, 8],
			"to": [12.75, 0, 8],
			"rotation": {"angle": 0, "axis": "y", "origin": [3.25, -6, 6]},
			"faces": {
				"north": {"uv": [2.5, 0, 5, 1.5], "texture": "#0"},
				"east": {"uv": [0, 0, 0, 1.5], "texture": "#0"},
				"south": {"uv": [2.5, 1.5, 5, 3], "texture": "#0"},
				"west": {"uv": [0, 0, 0, 1.5], "texture": "#0"},
				"up": {"uv": [2.5, 0, 0, 0], "texture": "#0"},
				"down": {"uv": [2.5, 0, 0, 0], "texture": "#0"}
			}
		},
		{
			"from": [8, 8, 3.25],
			"to": [8, 14, 12.75],
			"rotation": {"angle": 0, "axis": "y", "origin": [8, 11, 8]},
			"faces": {
				"north": {"uv": [0, 0, 0, 1.5], "texture": "#0"},
				"east": {"uv": [0, 3, 2.5, 4.5], "texture": "#0"},
				"south": {"uv": [0, 0, 0, 1.5], "texture": "#0"},
				"west": {"uv": [2.5, 3, 5, 4.5], "texture": "#0"},
				"up": {"uv": [0, 2.5, 0, 0], "texture": "#0"},
				"down": {"uv": [0, 0, 0, 2.5], "texture": "#0"}
			}
		}
	],
	"gui_light": "front",
	"display": {
		"thirdperson_righthand": {
			"rotation": [0, 90, 0],
			"translation": [-0.25, 1, 1],
			"scale": [0.65, 0.65, 0.65]
		},
		"thirdperson_lefthand": {
			"rotation": [0, -90, 0],
			"translation": [-0.25, 1, 1],
			"scale": [0.65, 0.65, 0.65]
		},
		"firstperson_righthand": {
			"rotation": [0, 90, 8],
			"translation": [-0.25, 2.25, 1],
			"scale": [0.65, 0.65, 0.65]
		},
		"firstperson_lefthand": {
			"rotation": [0, -90, -8],
			"translation": [-0.25, 2.25, 1],
			"scale": [0.65, 0.65, 0.65]
		},
		"ground": {
			"translation": [0, 5.25, 0],
			"scale": [0.5, 0.5, 0.5]
		},
		"gui": {
			"rotation": [0, 0, -45],
			"translation": [-0.25, 0, 0],
			"scale": [0.6, 0.6, 0.6]
		},
		"fixed": {
			"translation": [0, 0, -0.25]
		}
	}
}