{
	"credit": "Made with Blockbench",
	"texture_size": [32, 32],
	"textures": {
		"0": "item/roundshield",
		"particle": "roundshield"
	},
	"elements": [
		{
			"from": [5, -2, 7],
			"to": [11, 4, 9],
			"rotation": {"angle": 0, "axis": "y", "origin": [8, 1, 8]},
			"faces": {
				"north": {"uv": [6, 0, 9, 3], "texture": "#0"},
				"east": {"uv": [8.5, 6, 9.5, 9], "texture": "#0"},
				"south": {"uv": [6, 3, 9, 6], "texture": "#0"},
				"west": {"uv": [9, 0, 10, 3], "texture": "#0"},
				"up": {"uv": [12, 4, 9, 3], "texture": "#0"},
				"down": {"uv": [12, 4, 9, 5], "texture": "#0"}
			}
		},
		{
			"from": [11, -5, 2],
			"to": [12, 7, 14],
			"rotation": {"angle": 0, "axis": "y", "origin": [11, 0, 7]},
			"faces": {
				"north": {"uv": [8.5, 9, 9, 15], "texture": "#0"},
				"east": {"uv": [0, 0, 6, 6], "texture": "#0"},
				"south": {"uv": [9, 9, 9.5, 15], "texture": "#0"},
				"west": {"uv": [0, 6, 6, 12], "texture": "#0"},
				"up": {"uv": [10, 11, 9.5, 5], "texture": "#0"},
				"down": {"uv": [10.5, 5, 10, 11], "texture": "#0"}
			}
		},
		{
			"from": [12, -1.25, 5.75],
			"to": [13, 3.25, 10.25],
			"rotation": {"angle": 0, "axis": "y", "origin": [12, 0, 7]},
			"faces": {
				"north": {"uv": [10, 0, 10.5, 2.5], "texture": "#0"},
				"east": {"uv": [6, 6, 8.5, 8.5], "texture": "#0"},
				"south": {"uv": [10.5, 0, 11, 2.5], "texture": "#0"},
				"west": {"uv": [6, 8.5, 8.5, 11], "texture": "#0"},
				"up": {"uv": [11, 7.5, 10.5, 5], "texture": "#0"},
				"down": {"uv": [11, 7.5, 10.5, 10], "texture": "#0"}
			}
		}
	],
	"gui_light": "front",
	"display": {
		"thirdperson_righthand": {
			"translation": [0, 5, 4]
		},
		"thirdperson_lefthand": {
			"rotation": [0, -180, 0],
			"translation": [0, 5, 4]
		},
		"firstperson_righthand": {
			"rotation": [0, 69, 0],
			"translation": [1.25, 4.25, 4]
		},
		"firstperson_lefthand": {
			"rotation": [0, -105, 0],
			"translation": [1.25, 4.25, 4]
		},
		"ground": {
			"translation": [0, 4.75, 0],
			"scale": [0.5, 0.5, 0.5]
		},
		"gui": {
			"rotation": [-12, -102, 0],
			"translation": [0.75, 4.75, 0],
			"scale": [0.8, 0.8, 0.8]
		},
		"fixed": {
			"rotation": [0, 90, 0],
			"translation": [0, 6.75, 4.25]
		}
	}
}