{
	"credit": "Made with Blockbench",
	"texture_size": [64, 64],
	"textures": {
		"0": "item/sandstonehammer",
		"particle": "sandstonehammer"
	},
	"elements": [
		{
			"from": [7.375, -16, 7.375],
			"to": [8.625, -5, 8.625],
			"rotation": {"angle": 0, "axis": "y", "origin": [7.375, -9, 7.375]},
			"faces": {
				"north": {"uv": [8.25, 9.5, 8.5, 12.25], "texture": "#0"},
				"east": {"uv": [2.5, 10.5, 2.75, 13.25], "texture": "#0"},
				"south": {"uv": [2.75, 10.5, 3, 13.25], "texture": "#0"},
				"west": {"uv": [7.75, 10.5, 8, 13.25], "texture": "#0"},
				"up": {"uv": [5.5, 9.5, 5.25, 9.25], "texture": "#0"},
				"down": {"uv": [8.25, 10.5, 8, 10.75], "texture": "#0"}
			}
		},
		{
			"from": [7.175, -7, 7.175],
			"to": [8.825, -6, 8.825],
			"rotation": {"angle": 0, "axis": "y", "origin": [7.375, -4, 7.375]},
			"faces": {
				"north": {"uv": [11, 7, 11.5, 7.25], "texture": "#0"},
				"east": {"uv": [11, 7.25, 11.5, 7.5], "texture": "#0"},
				"south": {"uv": [11, 7.5, 11.5, 7.75], "texture": "#0"},
				"west": {"uv": [11, 7.75, 11.5, 8], "texture": "#0"},
				"up": {"uv": [11.5, 3.5, 11, 3], "texture": "#0"},
				"down": {"uv": [11.5, 3.5, 11, 4], "texture": "#0"}
			}
		},
		{
			"from": [7.175, -13, 7.175],
			"to": [8.825, -12, 8.825],
			"rotation": {"angle": 0, "axis": "y", "origin": [7.375, -10, 7.375]},
			"faces": {
				"north": {"uv": [11, 8, 11.5, 8.25], "texture": "#0"},
				"east": {"uv": [11, 8.25, 11.5, 8.5], "texture": "#0"},
				"south": {"uv": [11, 8.5, 11.5, 8.75], "texture": "#0"},
				"west": {"uv": [11, 8.75, 11.5, 9], "texture": "#0"},
				"up": {"uv": [11.5, 4.5, 11, 4], "texture": "#0"},
				"down": {"uv": [11.5, 4.5, 11, 5], "texture": "#0"}
			}
		},
		{
			"from": [5, -5, 6],
			"to": [11, -4, 10],
			"rotation": {"angle": 0, "axis": "y", "origin": [7, -5, 7]},
			"faces": {
				"north": {"uv": [10.75, 10, 12.25, 10.25], "texture": "#0"},
				"east": {"uv": [11, 5, 12, 5.25], "texture": "#0"},
				"south": {"uv": [10.75, 10.25, 12.25, 10.5], "texture": "#0"},
				"west": {"uv": [11, 5.25, 12, 5.5], "texture": "#0"},
				"up": {"uv": [5.25, 10.25, 3.75, 9.25], "texture": "#0"},
				"down": {"uv": [10.75, 9, 9.25, 10], "texture": "#0"}
			}
		},
		{
			"from": [5.25, -4, 6.25],
			"to": [10.75, -3, 9.75],
			"rotation": {"angle": 0, "axis": "y", "origin": [7, -4, 7]},
			"faces": {
				"north": {"uv": [10.75, 10.5, 12.25, 10.75], "texture": "#0"},
				"east": {"uv": [11, 5.5, 12, 5.75], "texture": "#0"},
				"south": {"uv": [10.75, 10.75, 12.25, 11], "texture": "#0"},
				"west": {"uv": [11, 5.75, 12, 6], "texture": "#0"},
				"up": {"uv": [6.75, 10.5, 5.25, 9.5], "texture": "#0"},
				"down": {"uv": [8.25, 9.5, 6.75, 10.5], "texture": "#0"}
			}
		},
		{
			"from": [5.75, -3, 6.75],
			"to": [10.25, 6, 9.25],
			"rotation": {"angle": 0, "axis": "y", "origin": [7, -3, 7]},
			"faces": {
				"north": {"uv": [3, 7, 4.25, 9.25], "texture": "#0"},
				"east": {"uv": [8.5, 9, 9.25, 11.25], "texture": "#0"},
				"south": {"uv": [4.25, 7, 5.5, 9.25], "texture": "#0"},
				"west": {"uv": [3, 9.25, 3.75, 11.5], "texture": "#0"},
				"up": {"uv": [1.25, 11.25, 0, 10.5], "texture": "#0"},
				"down": {"uv": [2.5, 10.5, 1.25, 11.25], "texture": "#0"}
			}
		},
		{
			"from": [5.5, 6, 6.5],
			"to": [10.5, 8, 9.5],
			"rotation": {"angle": 0, "axis": "y", "origin": [7, 6, 7]},
			"faces": {
				"north": {"uv": [10.75, 9, 12, 9.5], "texture": "#0"},
				"east": {"uv": [11, 0, 11.75, 0.5], "texture": "#0"},
				"south": {"uv": [10.75, 9.5, 12, 10], "texture": "#0"},
				"west": {"uv": [11, 0.5, 11.75, 1], "texture": "#0"},
				"up": {"uv": [6.5, 11.25, 5.25, 10.5], "texture": "#0"},
				"down": {"uv": [7.75, 10.5, 6.5, 11.25], "texture": "#0"}
			}
		},
		{
			"from": [5, 8, 6.25],
			"to": [11, 14, 9.75],
			"rotation": {"angle": 0, "axis": "y", "origin": [7, 8, 7]},
			"faces": {
				"north": {"uv": [8.5, 6, 10, 7.5], "texture": "#0"},
				"east": {"uv": [10, 6, 11, 7.5], "texture": "#0"},
				"south": {"uv": [8.5, 7.5, 10, 9], "texture": "#0"},
				"west": {"uv": [10, 7.5, 11, 9], "texture": "#0"},
				"up": {"uv": [10.75, 11, 9.25, 10], "texture": "#0"},
				"down": {"uv": [5.25, 10.25, 3.75, 11.25], "texture": "#0"}
			}
		},
		{
			"from": [-3, 14, 2.25],
			"to": [19, 28, 13.75],
			"rotation": {"angle": 0, "axis": "y", "origin": [7, 14, 7]},
			"faces": {
				"north": {"uv": [0, 0, 5.5, 3.5], "texture": "#0"},
				"east": {"uv": [5.5, 6, 8.5, 9.5], "texture": "#0"},
				"south": {"uv": [0, 3.5, 5.5, 7], "texture": "#0"},
				"west": {"uv": [0, 7, 3, 10.5], "texture": "#0"},
				"up": {"uv": [11, 3, 5.5, 0], "texture": "#0"},
				"down": {"uv": [11, 3, 5.5, 6], "texture": "#0"}
			}
		},
		{
			"from": [2.75, -4, 7.25],
			"to": [5.5, -2.75, 8.75],
			"rotation": {"angle": -22.5, "axis": "z", "origin": [3.125, -3.375, 8]},
			"faces": {
				"north": {"uv": [11, 6, 11.75, 6.25], "texture": "#0"},
				"east": {"uv": [9.25, 11, 9.75, 11.25], "texture": "#0"},
				"south": {"uv": [11, 6.25, 11.75, 6.5], "texture": "#0"},
				"west": {"uv": [9.75, 11, 10.25, 11.25], "texture": "#0"},
				"up": {"uv": [11.75, 1.5, 11, 1], "texture": "#0"},
				"down": {"uv": [11.75, 1.5, 11, 2], "texture": "#0"}
			}
		},
		{
			"from": [10.5, -4, 7.25],
			"to": [13.25, -2.75, 8.75],
			"rotation": {"angle": 22.5, "axis": "z", "origin": [12.875, -3.375, 8]},
			"faces": {
				"north": {"uv": [11, 6.5, 11.75, 6.75], "texture": "#0"},
				"east": {"uv": [10.25, 11, 10.75, 11.25], "texture": "#0"},
				"south": {"uv": [11, 6.75, 11.75, 7], "texture": "#0"},
				"west": {"uv": [10.75, 11, 11.25, 11.25], "texture": "#0"},
				"up": {"uv": [11.75, 2.5, 11, 2], "texture": "#0"},
				"down": {"uv": [11.75, 2.5, 11, 3], "texture": "#0"}
			}
		}
	],
	"gui_light": "front",
	"display": {
		"thirdperson_righthand": {
			"rotation": [0, 90, 0],
			"translation": [-0.5, 9.25, 1],
			"scale": [0.7, 0.7, 0.7]
		},
		"thirdperson_lefthand": {
			"rotation": [0, 90, 0],
			"translation": [-0.5, 9.25, 1],
			"scale": [0.7, 0.7, 0.7]
		},
		"firstperson_righthand": {
			"rotation": [13, 90, 0],
			"translation": [2, 6.25, -2],
			"scale": [0.7, 0.7, 0.7]
		},
		"firstperson_lefthand": {
			"rotation": [13, 90, 0],
			"translation": [2, 6.25, -2],
			"scale": [0.7, 0.7, 0.7]
		},
		"ground": {
			"translation": [0, 10.25, 0],
			"scale": [0.5, 0.5, 0.5]
		},
		"gui": {
			"rotation": [0, 0, -45],
			"translation": [-0.5, -0.5, 0],
			"scale": [0.4, 0.4, 1]
		},
		"fixed": {
			"translation": [0, 2.5, 0]
		}
	}
}