{
	"credit": "Made with Blockbench",
	"texture_size": [32, 32],
	"textures": {
		"0": "item/seasword",
		"particle": "seasword"
	},
	"elements": [
		{
			"from": [6, -6, 7],
			"to": [11, -1, 10],
			"faces": {
				"north": {"uv": [2, 0, 4.5, 2.5], "texture": "#0"},
				"east": {"uv": [2, 5, 3.5, 7.5], "texture": "#0"},
				"south": {"uv": [2, 2.5, 4.5, 5], "texture": "#0"},
				"west": {"uv": [5.5, 2, 7, 4.5], "texture": "#0"},
				"up": {"uv": [8, 6, 5.5, 4.5], "texture": "#0"},
				"down": {"uv": [8, 6, 5.5, 7.5], "texture": "#0"}
			}
		},
		{
			"from": [7, -3, 8],
			"to": [10, 0, 9],
			"faces": {
				"north": {"uv": [8, 2.5, 9.5, 4], "texture": "#0"},
				"east": {"uv": [2, 10, 2.5, 11.5], "texture": "#0"},
				"south": {"uv": [8, 4, 9.5, 5.5], "texture": "#0"},
				"west": {"uv": [2.5, 10, 3, 11.5], "texture": "#0"},
				"up": {"uv": [11, 5, 9.5, 4.5], "texture": "#0"},
				"down": {"uv": [11, 5, 9.5, 5.5], "texture": "#0"}
			}
		},
		{
			"from": [7.75, -10, 7.75],
			"to": [9.25, -5, 9.25],
			"faces": {
				"north": {"uv": [3.5, 5, 4.5, 7.5], "texture": "#0"},
				"east": {"uv": [7, 2, 8, 4.5], "texture": "#0"},
				"south": {"uv": [2, 7.5, 3, 10], "texture": "#0"},
				"west": {"uv": [3, 7.5, 4, 10], "texture": "#0"},
				"up": {"uv": [9, 6.5, 8, 5.5], "texture": "#0"},
				"down": {"uv": [9, 6.5, 8, 7.5], "texture": "#0"}
			}
		},
		{
			"from": [7.5, -12, 7.5],
			"to": [9.5, -10, 9.5],
			"faces": {
				"north": {"uv": [9, 5.5, 10, 6.5], "texture": "#0"},
				"east": {"uv": [9, 6.5, 10, 7.5], "texture": "#0"},
				"south": {"uv": [9, 8, 10, 9], "texture": "#0"},
				"west": {"uv": [9, 9, 10, 10], "texture": "#0"},
				"up": {"uv": [10.5, 3.5, 9.5, 2.5], "texture": "#0"},
				"down": {"uv": [10.5, 3.5, 9.5, 4.5], "texture": "#0"}
			}
		},
		{
			"from": [3.75, -5, 7.75],
			"to": [13.25, -4, 9.25],
			"faces": {
				"north": {"uv": [5.5, 7.5, 10.5, 8], "texture": "#0"},
				"east": {"uv": [3, 10, 4, 10.5], "texture": "#0"},
				"south": {"uv": [8, 2, 13, 2.5], "texture": "#0"},
				"west": {"uv": [10, 5.5, 11, 6], "texture": "#0"},
				"up": {"uv": [10.5, 1, 5.5, 0], "texture": "#0"},
				"down": {"uv": [10.5, 1, 5.5, 2], "texture": "#0"}
			}
		},
		{
			"from": [7.75, -2, 8.25],
			"to": [9.25, 19, 8.75],
			"faces": {
				"north": {"uv": [0, 0, 1, 10.5], "texture": "#0"},
				"east": {"uv": [4.5, 0, 5, 10.5], "texture": "#0"},
				"south": {"uv": [1, 0, 2, 10.5], "texture": "#0"},
				"west": {"uv": [5, 0, 5.5, 10.5], "texture": "#0"},
				"up": {"uv": [11, 6.5, 10, 6], "texture": "#0"},
				"down": {"uv": [11, 6.5, 10, 7], "texture": "#0"}
			}
		},
		{
			"from": [8, 19, 8.25],
			"to": [9, 27, 8.75],
			"faces": {
				"north": {"uv": [4, 7.5, 4.5, 11.5], "texture": "#0"},
				"east": {"uv": [5.5, 8, 6, 12], "texture": "#0"},
				"south": {"uv": [6, 8, 6.5, 12], "texture": "#0"},
				"west": {"uv": [6.5, 8, 7, 12], "texture": "#0"},
				"up": {"uv": [10.5, 7.5, 10, 7], "texture": "#0"},
				"down": {"uv": [10.5, 8, 10, 8.5], "texture": "#0"}
			}
		},
		{
			"from": [8.25, 27, 8.25],
			"to": [8.75, 32, 8.75],
			"faces": {
				"north": {"uv": [7, 8, 7.5, 10.5], "texture": "#0"},
				"east": {"uv": [7.5, 8, 8, 10.5], "texture": "#0"},
				"south": {"uv": [8, 8, 8.5, 10.5], "texture": "#0"},
				"west": {"uv": [8.5, 8, 9, 10.5], "texture": "#0"},
				"up": {"uv": [10.5, 9, 10, 8.5], "texture": "#0"},
				"down": {"uv": [9.5, 10, 9, 10.5], "texture": "#0"}
			}
		}
	],
	"gui_light": "front",
	"display": {
		"thirdperson_righthand": {
			"rotation": [-31, 90, 0],
			"translation": [0, 7, -4.25],
			"scale": [0.6, 0.6, 0.6]
		},
		"thirdperson_lefthand": {
			"rotation": [-31, 90, 0],
			"translation": [0, 7, -4.25],
			"scale": [0.6, 0.6, 0.6]
		},
		"firstperson_righthand": {
			"rotation": [-74, 90, 0],
			"translation": [6.5, 0, -16]
		},
		"firstperson_lefthand": {
			"rotation": [-74, 90, 0],
			"translation": [6.5, 0, -16]
		},
		"ground": {
			"translation": [0, 6.25, 0],
			"scale": [0.5, 0.5, 0.5]
		},
		"gui": {
			"rotation": [0, 0, -45],
			"translation": [-0.75, -0.5, 0],
			"scale": [0.5, 0.5, 0.5]
		}
	}
}