{
	"credit": "Made with Blockbench",
	"texture_size": [32, 32],
	"textures": {
		"0": "item/snifferaxe",
		"particle": "snifferaxe"
	},
	"elements": [
		{
			"from": [7, 0, 7],
			"to": [8.5, 17, 8.5],
			"faces": {
				"north": {"uv": [0, 0, 1, 8.5], "texture": "#0"},
				"east": {"uv": [1, 0, 2, 8.5], "texture": "#0"},
				"south": {"uv": [2, 0, 3, 8.5], "texture": "#0"},
				"west": {"uv": [3, 0, 4, 8.5], "texture": "#0"},
				"up": {"uv": [8.5, 2, 7.5, 1], "texture": "#0"},
				"down": {"uv": [8.5, 2, 7.5, 3], "texture": "#0"}
			}
		},
		{
			"from": [8.75, 13.75, 7.12],
			"to": [9.25, 20.05, 8.37],
			"faces": {
				"north": {"uv": [4, 4, 4.5, 7], "texture": "#0"},
				"east": {"uv": [4.5, 4, 5, 7], "texture": "#0"},
				"south": {"uv": [5, 4, 5.5, 7], "texture": "#0"},
				"west": {"uv": [5.5, 4, 6, 7], "texture": "#0"},
				"up": {"uv": [10.5, 4.5, 10, 4], "texture": "#0"},
				"down": {"uv": [10.5, 6, 10, 6.5], "texture": "#0"}
			}
		},
		{
			"from": [6.25, 13.75, 7.12],
			"to": [6.75, 20.05, 8.37],
			"faces": {
				"north": {"uv": [6, 4, 6.5, 7], "texture": "#0"},
				"east": {"uv": [6.5, 4, 7, 7], "texture": "#0"},
				"south": {"uv": [7, 0, 7.5, 3], "texture": "#0"},
				"west": {"uv": [7, 3, 7.5, 6], "texture": "#0"},
				"up": {"uv": [8.5, 10.5, 8, 10], "texture": "#0"},
				"down": {"uv": [9, 10, 8.5, 10.5], "texture": "#0"}
			}
		},
		{
			"from": [8, 16.5, 7.1],
			"to": [8.5, 20.1, 8.4],
			"rotation": {"angle": 22.5, "axis": "z", "origin": [7.5, 16.9, 7.745]},
			"faces": {
				"north": {"uv": [7.5, 3, 8, 5], "texture": "#0"},
				"east": {"uv": [4, 7.5, 4.5, 9.5], "texture": "#0"},
				"south": {"uv": [4.5, 7.5, 5, 9.5], "texture": "#0"},
				"west": {"uv": [5, 7.5, 5.5, 9.5], "texture": "#0"},
				"up": {"uv": [9.5, 10.5, 9, 10], "texture": "#0"},
				"down": {"uv": [0.5, 10.5, 0, 11], "texture": "#0"}
			}
		},
		{
			"from": [7.40715, 16.68044, 7.12],
			"to": [7.90715, 20.28044, 8.37],
			"rotation": {"angle": -22.5, "axis": "z", "origin": [7.65715, 18.48044, 7.745]},
			"faces": {
				"north": {"uv": [5.5, 7.5, 6, 9.5], "texture": "#0"},
				"east": {"uv": [6, 7.5, 6.5, 9.5], "texture": "#0"},
				"south": {"uv": [6.5, 7.5, 7, 9.5], "texture": "#0"},
				"west": {"uv": [7, 7.5, 7.5, 9.5], "texture": "#0"},
				"up": {"uv": [11, 0.5, 10.5, 0], "texture": "#0"},
				"down": {"uv": [1, 10.5, 0.5, 11], "texture": "#0"}
			}
		},
		{
			"from": [6, 14, 7.5],
			"to": [9.5, 14.5, 8],
			"faces": {
				"north": {"uv": [7.5, 5, 9.5, 5.5], "texture": "#0"},
				"east": {"uv": [10.5, 0.5, 11, 1], "texture": "#0"},
				"south": {"uv": [7.5, 5.5, 9.5, 6], "texture": "#0"},
				"west": {"uv": [1, 10.5, 1.5, 11], "texture": "#0"},
				"up": {"uv": [9.5, 8, 7.5, 7.5], "texture": "#0"},
				"down": {"uv": [10, 3, 8, 3.5], "texture": "#0"}
			}
		},
		{
			"from": [6.75, 2, 6.75],
			"to": [8.75, 4, 8.75],
			"faces": {
				"north": {"uv": [8, 3.5, 9, 4.5], "texture": "#0"},
				"east": {"uv": [7.5, 8, 8.5, 9], "texture": "#0"},
				"south": {"uv": [0, 8.5, 1, 9.5], "texture": "#0"},
				"west": {"uv": [1, 8.5, 2, 9.5], "texture": "#0"},
				"up": {"uv": [9.5, 2, 8.5, 1], "texture": "#0"},
				"down": {"uv": [3, 8.5, 2, 9.5], "texture": "#0"}
			}
		},
		{
			"from": [8.75, 2, 6.75],
			"to": [8.75, 4, 8.75],
			"rotation": {"angle": 22.5, "axis": "z", "origin": [8.75, 4, 7.75]},
			"faces": {
				"north": {"uv": [0, 0, 0, 1], "texture": "#0"},
				"east": {"uv": [8.5, 2, 9.5, 3], "texture": "#0"},
				"south": {"uv": [0, 0, 0, 1], "texture": "#0"},
				"west": {"uv": [3, 8.5, 4, 9.5], "texture": "#0"},
				"up": {"uv": [0, 1, 0, 0], "texture": "#0"},
				"down": {"uv": [0, 0, 0, 1], "texture": "#0"}
			}
		},
		{
			"from": [6.75, 2, 8.75],
			"to": [8.75, 4, 8.75],
			"rotation": {"angle": -22.5, "axis": "x", "origin": [7.75, 4, 8.75]},
			"faces": {
				"north": {"uv": [8.5, 6.5, 9.5, 7.5], "texture": "#0"},
				"east": {"uv": [0, 0, 0, 1], "texture": "#0"},
				"south": {"uv": [8.5, 8, 9.5, 9], "texture": "#0"},
				"west": {"uv": [0, 0, 0, 1], "texture": "#0"},
				"up": {"uv": [1, 0, 0, 0], "texture": "#0"},
				"down": {"uv": [1, 0, 0, 0], "texture": "#0"}
			}
		},
		{
			"from": [6.75, 2, 6.75],
			"to": [6.75, 4, 8.75],
			"rotation": {"angle": -22.5, "axis": "z", "origin": [6.75, 4, 7.75]},
			"faces": {
				"north": {"uv": [0, 0, 0, 1], "texture": "#0"},
				"east": {"uv": [9, 0, 10, 1], "texture": "#0"},
				"south": {"uv": [0, 0, 0, 1], "texture": "#0"},
				"west": {"uv": [9, 3.5, 10, 4.5], "texture": "#0"},
				"up": {"uv": [0, 1, 0, 0], "texture": "#0"},
				"down": {"uv": [0, 0, 0, 1], "texture": "#0"}
			}
		},
		{
			"from": [6.75, 1.61732, 6.82612],
			"to": [8.75, 3.61732, 6.82612],
			"rotation": {"angle": 22.5, "axis": "x", "origin": [7.75, 4, 7.75]},
			"faces": {
				"north": {"uv": [7.5, 9, 8.5, 10], "texture": "#0"},
				"east": {"uv": [0, 0, 0, 1], "texture": "#0"},
				"south": {"uv": [8.5, 9, 9.5, 10], "texture": "#0"},
				"west": {"uv": [0, 0, 0, 1], "texture": "#0"},
				"up": {"uv": [1, 0, 0, 0], "texture": "#0"},
				"down": {"uv": [1, 0, 0, 0], "texture": "#0"}
			}
		},
		{
			"from": [6.75, 9, 6.75],
			"to": [8.75, 11, 8.75],
			"faces": {
				"north": {"uv": [0, 9.5, 1, 10.5], "texture": "#0"},
				"east": {"uv": [1, 9.5, 2, 10.5], "texture": "#0"},
				"south": {"uv": [9.5, 1, 10.5, 2], "texture": "#0"},
				"west": {"uv": [2, 9.5, 3, 10.5], "texture": "#0"},
				"up": {"uv": [10.5, 3, 9.5, 2], "texture": "#0"},
				"down": {"uv": [4, 9.5, 3, 10.5], "texture": "#0"}
			}
		},
		{
			"from": [6.75, 9, 6.75],
			"to": [6.75, 11, 8.75],
			"rotation": {"angle": -22.5, "axis": "z", "origin": [6.75, 11, 7.75]},
			"faces": {
				"north": {"uv": [0, 0, 0, 1], "texture": "#0"},
				"east": {"uv": [4, 9.5, 5, 10.5], "texture": "#0"},
				"south": {"uv": [0, 0, 0, 1], "texture": "#0"},
				"west": {"uv": [9.5, 4.5, 10.5, 5.5], "texture": "#0"},
				"up": {"uv": [0, 1, 0, 0], "texture": "#0"},
				"down": {"uv": [0, 0, 0, 1], "texture": "#0"}
			}
		},
		{
			"from": [8.75, 9, 6.75],
			"to": [8.75, 11, 8.75],
			"rotation": {"angle": 22.5, "axis": "z", "origin": [8.75, 11, 7.75]},
			"faces": {
				"north": {"uv": [0, 0, 0, 1], "texture": "#0"},
				"east": {"uv": [5, 9.5, 6, 10.5], "texture": "#0"},
				"south": {"uv": [0, 0, 0, 1], "texture": "#0"},
				"west": {"uv": [6, 9.5, 7, 10.5], "texture": "#0"},
				"up": {"uv": [0, 1, 0, 0], "texture": "#0"},
				"down": {"uv": [0, 0, 0, 1], "texture": "#0"}
			}
		},
		{
			"from": [6.75, 9, 6.75],
			"to": [8.75, 11, 6.75],
			"rotation": {"angle": 22.5, "axis": "x", "origin": [7.75, 11, 6.75]},
			"faces": {
				"north": {"uv": [9.5, 6.5, 10.5, 7.5], "texture": "#0"},
				"east": {"uv": [0, 0, 0, 1], "texture": "#0"},
				"south": {"uv": [9.5, 7.5, 10.5, 8.5], "texture": "#0"},
				"west": {"uv": [0, 0, 0, 1], "texture": "#0"},
				"up": {"uv": [1, 0, 0, 0], "texture": "#0"},
				"down": {"uv": [1, 0, 0, 0], "texture": "#0"}
			}
		},
		{
			"from": [6.75, 9, 8.75],
			"to": [8.75, 11, 8.75],
			"rotation": {"angle": -22.5, "axis": "x", "origin": [7.75, 11, 8.75]},
			"faces": {
				"north": {"uv": [9.5, 8.5, 10.5, 9.5], "texture": "#0"},
				"east": {"uv": [0, 0, 0, 1], "texture": "#0"},
				"south": {"uv": [9.5, 9.5, 10.5, 10.5], "texture": "#0"},
				"west": {"uv": [0, 0, 0, 1], "texture": "#0"},
				"up": {"uv": [1, 0, 0, 0], "texture": "#0"},
				"down": {"uv": [1, 0, 0, 0], "texture": "#0"}
			}
		},
		{
			"from": [6.9, 16, 7.25],
			"to": [12.9, 20, 8.25],
			"faces": {
				"north": {"uv": [4, 0, 7, 2], "texture": "#0"},
				"east": {"uv": [7, 9.5, 7.5, 11.5], "texture": "#0"},
				"south": {"uv": [4, 2, 7, 4], "texture": "#0"},
				"west": {"uv": [7.5, 10, 8, 12], "texture": "#0"},
				"up": {"uv": [7, 7.5, 4, 7], "texture": "#0"},
				"down": {"uv": [10, 6, 7, 6.5], "texture": "#0"}
			}
		},
		{
			"from": [3.9, 18, 7.25],
			"to": [6.9, 20, 8.25],
			"faces": {
				"north": {"uv": [7, 6.5, 8.5, 7.5], "texture": "#0"},
				"east": {"uv": [10, 0, 10.5, 1], "texture": "#0"},
				"south": {"uv": [7.5, 0, 9, 1], "texture": "#0"},
				"west": {"uv": [10, 3, 10.5, 4], "texture": "#0"},
				"up": {"uv": [9.5, 5, 8, 4.5], "texture": "#0"},
				"down": {"uv": [11, 5.5, 9.5, 6], "texture": "#0"}
			}
		},
		{
			"from": [3.9, 17, 7.25],
			"to": [4.9, 18, 8.25],
			"faces": {
				"north": {"uv": [10.5, 1, 11, 1.5], "texture": "#0"},
				"east": {"uv": [1.5, 10.5, 2, 11], "texture": "#0"},
				"south": {"uv": [10.5, 1.5, 11, 2], "texture": "#0"},
				"west": {"uv": [2, 10.5, 2.5, 11], "texture": "#0"},
				"up": {"uv": [11, 2.5, 10.5, 2], "texture": "#0"},
				"down": {"uv": [3, 10.5, 2.5, 11], "texture": "#0"}
			}
		}
	],
	"gui_light": "front",
	"display": {
		"thirdperson_righthand": {
			"rotation": [0, 90, 0],
			"translation": [0, -0.5, 1],
			"scale": [0.8, 0.8, 0.8]
		},
		"thirdperson_lefthand": {
			"rotation": [0, -90, 0],
			"translation": [0, -0.5, 1],
			"scale": [0.8, 0.8, 0.8]
		},
		"firstperson_righthand": {
			"rotation": [13, 90, 0],
			"translation": [0, 1.25, 0],
			"scale": [0.8, 0.8, 0.8]
		},
		"firstperson_lefthand": {
			"rotation": [13, -90, 0],
			"translation": [0, 1.25, 0],
			"scale": [0.8, 0.8, 0.8]
		},
		"ground": {
			"scale": [0.5, 0.5, 0.5]
		},
		"gui": {
			"rotation": [0, 0, -45],
			"translation": [-2, -2, 0],
			"scale": [0.8, 0.8, 0.8]
		},
		"fixed": {
			"translation": [0, -2, 0]
		}
	}
}