{
	"credit": "Made with Blockbench",
	"texture_size": [32, 32],
	"textures": {
		"0": "item/socks",
		"particle": "socks"
	},
	"elements": [
		{
			"from": [6, 15, 6],
			"to": [11, 19, 11],
			"rotation": {"angle": 0, "axis": "x", "origin": [8.5, 0, 9]},
			"faces": {
				"north": {"uv": [7, 0, 9.5, 2], "texture": "#0"},
				"east": {"uv": [7, 2, 9.5, 4], "texture": "#0"},
				"south": {"uv": [7, 4, 9.5, 6], "texture": "#0"},
				"west": {"uv": [7, 6, 9.5, 8], "texture": "#0"},
				"up": {"uv": [4.5, 8.5, 2, 6], "texture": "#0"},
				"down": {"uv": [7, 6, 4.5, 8.5], "texture": "#0"}
			}
		},
		{
			"from": [7, 15, 5],
			"to": [10, 17, 6],
			"rotation": {"angle": 0, "axis": "x", "origin": [8.5, 0, 9]},
			"faces": {
				"north": {"uv": [12.5, 3, 14, 4], "texture": "#0"},
				"east": {"uv": [9.5, 5, 10, 6], "texture": "#0"},
				"south": {"uv": [13, 9, 14.5, 10], "texture": "#0"},
				"west": {"uv": [9.5, 6, 10, 7], "texture": "#0"},
				"up": {"uv": [15.5, 11.5, 14, 11], "texture": "#0"},
				"down": {"uv": [15.5, 11.5, 14, 12], "texture": "#0"}
			}
		},
		{
			"from": [6, 19, 9],
			"to": [7, 20, 11],
			"rotation": {"angle": 0, "axis": "x", "origin": [8.5, 0, 9]},
			"faces": {
				"north": {"uv": [14, 13.5, 14.5, 14], "texture": "#0"},
				"east": {"uv": [14, 12, 15, 12.5], "texture": "#0"},
				"south": {"uv": [14.5, 2, 15, 2.5], "texture": "#0"},
				"west": {"uv": [14, 12.5, 15, 13], "texture": "#0"},
				"up": {"uv": [10, 8, 9.5, 7], "texture": "#0"},
				"down": {"uv": [13.5, 14, 13, 15], "texture": "#0"}
			}
		},
		{
			"from": [10, 19, 9],
			"to": [11, 20, 11],
			"rotation": {"angle": 0, "axis": "x", "origin": [8.5, 0, 9]},
			"faces": {
				"north": {"uv": [14.5, 2.5, 15, 3], "texture": "#0"},
				"east": {"uv": [14, 13, 15, 13.5], "texture": "#0"},
				"south": {"uv": [4, 14.5, 4.5, 15], "texture": "#0"},
				"west": {"uv": [13.5, 14, 14.5, 14.5], "texture": "#0"},
				"up": {"uv": [15, 1, 14.5, 0], "texture": "#0"},
				"down": {"uv": [15, 1, 14.5, 2], "texture": "#0"}
			}
		},
		{
			"from": [5.5, 3, 7],
			"to": [11.5, 15, 13],
			"faces": {
				"north": {"uv": [5, 0, 7, 6], "texture": "#0"},
				"east": {"uv": [0, 0, 2.5, 6], "texture": "#0"},
				"south": {"uv": [0, 6, 2, 12], "texture": "#0"},
				"west": {"uv": [2.5, 0, 5, 6], "texture": "#0"},
				"up": {"uv": [9, 10.5, 7, 8], "texture": "#0"},
				"down": {"uv": [4, 8.5, 2, 11], "texture": "#0"}
			}
		},
		{
			"from": [4, 5, 8],
			"to": [6, 13, 10],
			"rotation": {"angle": 22.5, "axis": "x", "origin": [6, 12, 11]},
			"faces": {
				"north": {"uv": [7, 10.5, 8, 14.5], "texture": "#0"},
				"east": {"uv": [8, 10.5, 9, 14.5], "texture": "#0"},
				"south": {"uv": [2, 11, 3, 15], "texture": "#0"},
				"west": {"uv": [3, 11, 4, 15], "texture": "#0"},
				"up": {"uv": [14, 14, 13, 13], "texture": "#0"},
				"down": {"uv": [14.5, 0, 13.5, 1], "texture": "#0"}
			}
		},
		{
			"from": [11, 5, 8],
			"to": [13, 13, 10],
			"rotation": {"angle": 22.5, "axis": "x", "origin": [6, 12, 11]},
			"faces": {
				"north": {"uv": [11, 5, 12, 9], "texture": "#0"},
				"east": {"uv": [11, 9, 12, 13], "texture": "#0"},
				"south": {"uv": [11.5, 0, 12.5, 4], "texture": "#0"},
				"west": {"uv": [0, 12, 1, 16], "texture": "#0"},
				"up": {"uv": [14.5, 2, 13.5, 1], "texture": "#0"},
				"down": {"uv": [14.5, 2, 13.5, 3], "texture": "#0"}
			}
		},
		{
			"from": [6, -5, 9],
			"to": [8, 5, 11],
			"rotation": {"angle": 0, "axis": "z", "origin": [6, 4, 10]},
			"faces": {
				"north": {"uv": [4, 8.5, 5, 13.5], "texture": "#0"},
				"east": {"uv": [5, 8.5, 6, 13.5], "texture": "#0"},
				"south": {"uv": [6, 8.5, 7, 13.5], "texture": "#0"},
				"west": {"uv": [9, 8, 10, 13], "texture": "#0"},
				"up": {"uv": [5, 14.5, 4, 13.5], "texture": "#0"},
				"down": {"uv": [6, 13.5, 5, 14.5], "texture": "#0"}
			}
		},
		{
			"from": [9, -5, 9],
			"to": [11, 5, 11],
			"rotation": {"angle": 0, "axis": "y", "origin": [6, 4, 10]},
			"faces": {
				"north": {"uv": [9.5, 0, 10.5, 5], "texture": "#0"},
				"east": {"uv": [10, 5, 11, 10], "texture": "#0"},
				"south": {"uv": [10, 10, 11, 15], "texture": "#0"},
				"west": {"uv": [10.5, 0, 11.5, 5], "texture": "#0"},
				"up": {"uv": [7, 14.5, 6, 13.5], "texture": "#0"},
				"down": {"uv": [15, 3, 14, 4], "texture": "#0"}
			}
		},
		{
			"from": [8, -2, 12],
			"to": [9, 4, 13],
			"rotation": {"angle": -22.5, "axis": "x", "origin": [8.5, 4, 13]},
			"faces": {
				"north": {"uv": [12, 9.5, 13, 12.5], "texture": "#0"},
				"east": {"uv": [12.5, 0, 13.5, 3], "texture": "#0"},
				"south": {"uv": [12, 12.5, 13, 15.5], "texture": "#0"},
				"west": {"uv": [13, 6, 14, 9], "texture": "#0"},
				"up": {"uv": [15, 7, 14, 6], "texture": "#0"},
				"down": {"uv": [15, 7, 14, 8], "texture": "#0"}
			}
		},
		{
			"from": [7.85, -1, 14],
			"to": [9.1, 0, 21],
			"rotation": {"angle": 45, "axis": "x", "origin": [8.5, -1, 14]},
			"faces": {
				"north": {"uv": [14, 8, 15, 9], "texture": "#0"},
				"east": {"uv": [11.5, 4, 15, 5], "texture": "#0"},
				"south": {"uv": [14, 10, 15, 11], "texture": "#0"},
				"west": {"uv": [12, 5, 15.5, 6], "texture": "#0"},
				"up": {"uv": [2, 15.5, 1, 12], "texture": "#0"},
				"down": {"uv": [13, 6, 12, 9.5], "texture": "#0"}
			}
		}
	],
	"gui_light": "front",
	"display": {
		"thirdperson_righthand": {
			"rotation": [0, 90, 0],
			"translation": [-2.25, 9.25, 2.5],
			"scale": [0.9, 0.9, 0.9]
		},
		"thirdperson_lefthand": {
			"rotation": [0, 90, 0],
			"translation": [-2.25, 9.25, 2.5],
			"scale": [0.9, 0.9, 0.9]
		},
		"firstperson_righthand": {
			"rotation": [0, 130, 0],
			"translation": [0, 2, 0]
		},
		"firstperson_lefthand": {
			"rotation": [0, 130, 0],
			"translation": [0, 2, 0]
		},
		"ground": {
			"translation": [0, 8.75, 0]
		},
		"gui": {
			"rotation": [0, 180, 45],
			"translation": [0.75, 0.25, 0],
			"scale": [0.7, 0.7, 0.7]
		},
		"head": {
			"translation": [0, 18, -1.25]
		},
		"fixed": {
			"translation": [0, 0, -2]
		}
	}
}