{
	"credit": "Made with Blockbench",
	"texture_size": [32, 32],
	"textures": {
		"0": "item/soulscythe",
		"particle": "soulscythe"
	},
	"elements": [
		{
			"from": [7, -9.5, 7],
			"to": [8.5, 12, 8.5],
			"faces": {
				"north": {"uv": [0, 0, 1, 11], "texture": "#0"},
				"east": {"uv": [1, 0, 2, 11], "texture": "#0"},
				"south": {"uv": [2, 0, 3, 11], "texture": "#0"},
				"west": {"uv": [3, 0, 4, 11], "texture": "#0"},
				"up": {"uv": [4, 12, 3, 11], "texture": "#0"},
				"down": {"uv": [12, 4, 11, 5], "texture": "#0"}
			}
		},
		{
			"from": [7, 16.5, 12.77],
			"to": [8.5, 32, 13.97],
			"rotation": {"angle": 0, "axis": "y", "origin": [0, 5, 0]},
			"faces": {
				"north": {"uv": [4, 0, 5, 8], "texture": "#0"},
				"east": {"uv": [6, 6, 6.5, 14], "texture": "#0"},
				"south": {"uv": [5, 0, 6, 8], "texture": "#0"},
				"west": {"uv": [6.5, 6, 7, 14], "texture": "#0"},
				"up": {"uv": [12.5, 8.5, 11.5, 8], "texture": "#0"},
				"down": {"uv": [12.5, 8.5, 11.5, 9], "texture": "#0"}
			}
		},
		{
			"from": [7, 26.5, 11.58],
			"to": [8.5, 31, 12.78],
			"rotation": {"angle": 0, "axis": "y", "origin": [0, 5, 0]},
			"faces": {
				"north": {"uv": [9, 4, 10, 6.5], "texture": "#0"},
				"east": {"uv": [7.5, 3.5, 8, 6], "texture": "#0"},
				"south": {"uv": [9, 6.5, 10, 9], "texture": "#0"},
				"west": {"uv": [1.5, 11, 2, 13.5], "texture": "#0"},
				"up": {"uv": [10, 12, 9, 11.5], "texture": "#0"},
				"down": {"uv": [13, 0, 12, 0.5], "texture": "#0"}
			}
		},
		{
			"from": [7, 27.5, 10.58],
			"to": [8.5, 31, 11.58],
			"rotation": {"angle": 0, "axis": "y", "origin": [0, 5, 0]},
			"faces": {
				"north": {"uv": [10, 0, 11, 2], "texture": "#0"},
				"east": {"uv": [5, 11, 5.5, 13], "texture": "#0"},
				"south": {"uv": [10.5, 2, 11.5, 4], "texture": "#0"},
				"west": {"uv": [11, 5, 11.5, 7], "texture": "#0"},
				"up": {"uv": [13, 1, 12, 0.5], "texture": "#0"},
				"down": {"uv": [13, 1, 12, 1.5], "texture": "#0"}
			}
		},
		{
			"from": [7.5, 25.5, 10.77],
			"to": [8, 31.5, 13.77],
			"rotation": {"angle": 0, "axis": "y", "origin": [0, 1, 0]},
			"faces": {
				"north": {"uv": [10.5, 4, 11, 7], "texture": "#0"},
				"east": {"uv": [6, 0, 7.5, 3], "texture": "#0"},
				"south": {"uv": [10.5, 7, 11, 10], "texture": "#0"},
				"west": {"uv": [6, 3, 7.5, 6], "texture": "#0"},
				"up": {"uv": [9, 3.5, 8.5, 2], "texture": "#0"},
				"down": {"uv": [12, 2.5, 11.5, 4], "texture": "#0"}
			}
		},
		{
			"from": [7.5, 26.5, 8.77],
			"to": [8, 32, 10.77],
			"rotation": {"angle": 0, "axis": "y", "origin": [0, 1, 0]},
			"faces": {
				"north": {"uv": [10.5, 10, 11, 13], "texture": "#0"},
				"east": {"uv": [5, 8, 6, 11], "texture": "#0"},
				"south": {"uv": [0, 11, 0.5, 14], "texture": "#0"},
				"west": {"uv": [8, 7, 9, 10], "texture": "#0"},
				"up": {"uv": [12.5, 3.5, 12, 2.5], "texture": "#0"},
				"down": {"uv": [3.5, 12, 3, 13], "texture": "#0"}
			}
		},
		{
			"from": [7.5, 27.5, 6.77],
			"to": [8, 32, 8.77],
			"rotation": {"angle": 0, "axis": "y", "origin": [0, 1, 0]},
			"faces": {
				"north": {"uv": [2, 11, 2.5, 13.5], "texture": "#0"},
				"east": {"uv": [9, 9, 10, 11.5], "texture": "#0"},
				"south": {"uv": [2.5, 11, 3, 13.5], "texture": "#0"},
				"west": {"uv": [7, 9.5, 8, 12], "texture": "#0"},
				"up": {"uv": [4, 13, 3.5, 12], "texture": "#0"},
				"down": {"uv": [12.5, 3.5, 12, 4.5], "texture": "#0"}
			}
		},
		{
			"from": [7.5, 27.5, 3.77],
			"to": [8, 31, 6.77],
			"rotation": {"angle": 0, "axis": "y", "origin": [0, 1, 0]},
			"faces": {
				"north": {"uv": [5.5, 11, 6, 13], "texture": "#0"},
				"east": {"uv": [8.5, 0, 10, 2], "texture": "#0"},
				"south": {"uv": [11, 7, 11.5, 9], "texture": "#0"},
				"west": {"uv": [9, 2, 10.5, 4], "texture": "#0"},
				"up": {"uv": [4.5, 13, 4, 11.5], "texture": "#0"},
				"down": {"uv": [5, 11.5, 4.5, 13], "texture": "#0"}
			}
		},
		{
			"from": [7.5, 27.5, 1.77],
			"to": [8, 30, 3.77],
			"rotation": {"angle": 0, "axis": "y", "origin": [0, 1, 0]},
			"faces": {
				"north": {"uv": [11.5, 5, 12, 6.5], "texture": "#0"},
				"east": {"uv": [11, 0, 12, 1.5], "texture": "#0"},
				"south": {"uv": [11.5, 6.5, 12, 8], "texture": "#0"},
				"west": {"uv": [0.5, 11, 1.5, 12.5], "texture": "#0"},
				"up": {"uv": [12.5, 5.5, 12, 4.5], "texture": "#0"},
				"down": {"uv": [12.5, 5.5, 12, 6.5], "texture": "#0"}
			}
		},
		{
			"from": [7.5, 27, -0.23],
			"to": [8, 29, 1.77],
			"rotation": {"angle": 0, "axis": "y", "origin": [0, 1, 0]},
			"faces": {
				"north": {"uv": [12, 6.5, 12.5, 7.5], "texture": "#0"},
				"east": {"uv": [11, 9, 12, 10], "texture": "#0"},
				"south": {"uv": [7, 12, 7.5, 13], "texture": "#0"},
				"west": {"uv": [11, 10, 12, 11], "texture": "#0"},
				"up": {"uv": [8, 13, 7.5, 12], "texture": "#0"},
				"down": {"uv": [9.5, 12, 9, 13], "texture": "#0"}
			}
		},
		{
			"from": [7.5, 26.75, -1.23],
			"to": [8, 28.25, -0.23],
			"rotation": {"angle": 0, "axis": "y", "origin": [0, 1, 0]},
			"faces": {
				"north": {"uv": [12, 9, 12.5, 10], "texture": "#0"},
				"east": {"uv": [9.5, 12, 10, 13], "texture": "#0"},
				"south": {"uv": [12, 10, 12.5, 11], "texture": "#0"},
				"west": {"uv": [11, 12, 11.5, 13], "texture": "#0"},
				"up": {"uv": [11.5, 2, 11, 1.5], "texture": "#0"},
				"down": {"uv": [12.5, 7.5, 12, 8], "texture": "#0"}
			}
		},
		{
			"from": [7.5, 26.5, -2.23],
			"to": [8, 27.5, -1.23],
			"rotation": {"angle": 0, "axis": "y", "origin": [0, 1, 0]},
			"faces": {
				"north": {"uv": [12, 11, 12.5, 11.5], "texture": "#0"},
				"east": {"uv": [11.5, 12, 12, 12.5], "texture": "#0"},
				"south": {"uv": [12, 11.5, 12.5, 12], "texture": "#0"},
				"west": {"uv": [12, 12, 12.5, 12.5], "texture": "#0"},
				"up": {"uv": [1, 13, 0.5, 12.5], "texture": "#0"},
				"down": {"uv": [1.5, 12.5, 1, 13], "texture": "#0"}
			}
		},
		{
			"from": [7.1, 11.5, 7.75],
			"to": [8.4, 20, 9],
			"rotation": {"angle": 45, "axis": "x", "origin": [7.75, 12.75, 7.75]},
			"faces": {
				"north": {"uv": [10, 4, 10.5, 8.5], "texture": "#0"},
				"east": {"uv": [8, 10, 8.5, 14.5], "texture": "#0"},
				"south": {"uv": [8.5, 10, 9, 14.5], "texture": "#0"},
				"west": {"uv": [10, 8.5, 10.5, 13], "texture": "#0"},
				"up": {"uv": [13, 2, 12.5, 1.5], "texture": "#0"},
				"down": {"uv": [13, 2, 12.5, 2.5], "texture": "#0"}
			}
		},
		{
			"from": [6.9, -15.5, 7],
			"to": [8.6, -8.5, 8.5],
			"rotation": {"angle": 22.5, "axis": "x", "origin": [7.75, -9.5, 7.75]},
			"faces": {
				"north": {"uv": [7, 6, 8, 9.5], "texture": "#0"},
				"east": {"uv": [7.5, 0, 8.5, 3.5], "texture": "#0"},
				"south": {"uv": [8, 3.5, 9, 7], "texture": "#0"},
				"west": {"uv": [4, 8, 5, 11.5], "texture": "#0"},
				"up": {"uv": [12, 12, 11, 11], "texture": "#0"},
				"down": {"uv": [12.5, 1.5, 11.5, 2.5], "texture": "#0"}
			}
		}
	],
	"gui_light": "front",
	"display": {
		"thirdperson_righthand": {
			"translation": [0, -0.5, 1.25],
			"scale": [0.8, 0.8, 0.8]
		},
		"thirdperson_lefthand": {
			"translation": [0, -0.5, 1.25],
			"scale": [0.8, 0.8, 0.8]
		},
		"firstperson_righthand": {
			"rotation": [12, 0, 0],
			"translation": [1, -1, -2.5],
			"scale": [0.8, 0.8, 0.8]
		},
		"firstperson_lefthand": {
			"rotation": [12, 0, 0],
			"translation": [1, -1, -2.5],
			"scale": [0.8, 0.8, 0.8]
		},
		"ground": {
			"translation": [0, 8.25, 0],
			"scale": [0.5, 0.5, 0.5]
		},
		"gui": {
			"rotation": [-90, -45, -90],
			"translation": [-1.5, -0.5, 0],
			"scale": [0.5, 0.4, 0.5]
		},
		"fixed": {
			"rotation": [0, -90, 0]
		}
	}
}