{
	"credit": "Made with Blockbench",
	"texture_size": [64, 64],
	"textures": {
		"0": "item/soulmace",
		"particle": "soulmace"
	},
	"elements": [
		{
			"from": [7, -16, 7],
			"to": [9, -14, 9],
			"rotation": {"angle": 0, "axis": "y", "origin": [7, -16, 7]},
			"faces": {
				"north": {"uv": [13.5, 9, 14, 9.5], "texture": "#0"},
				"east": {"uv": [9.5, 13.5, 10, 14], "texture": "#0"},
				"south": {"uv": [13.5, 9.5, 14, 10], "texture": "#0"},
				"west": {"uv": [10, 13.5, 10.5, 14], "texture": "#0"},
				"up": {"uv": [14, 10.5, 13.5, 10], "texture": "#0"},
				"down": {"uv": [11, 13.5, 10.5, 14], "texture": "#0"}
			}
		},
		{
			"from": [7.25, -14, 7.25],
			"to": [8.75, -12, 8.75],
			"rotation": {"angle": 0, "axis": "y", "origin": [7, -14, 7]},
			"faces": {
				"north": {"uv": [13.5, 10.5, 14, 11], "texture": "#0"},
				"east": {"uv": [11, 13.5, 11.5, 14], "texture": "#0"},
				"south": {"uv": [13.5, 11, 14, 11.5], "texture": "#0"},
				"west": {"uv": [11.5, 13.5, 12, 14], "texture": "#0"},
				"up": {"uv": [14, 12, 13.5, 11.5], "texture": "#0"},
				"down": {"uv": [14.25, 0, 13.75, 0.5], "texture": "#0"}
			}
		},
		{
			"from": [7.25, 4, 7.25],
			"to": [8.75, 6, 8.75],
			"rotation": {"angle": 0, "axis": "y", "origin": [7, 4, 7]},
			"faces": {
				"north": {"uv": [13.75, 0.5, 14.25, 1], "texture": "#0"},
				"east": {"uv": [13.75, 1, 14.25, 1.5], "texture": "#0"},
				"south": {"uv": [13.75, 1.5, 14.25, 2], "texture": "#0"},
				"west": {"uv": [13.75, 2, 14.25, 2.5], "texture": "#0"},
				"up": {"uv": [14.25, 6.5, 13.75, 6], "texture": "#0"},
				"down": {"uv": [14.25, 6.5, 13.75, 7], "texture": "#0"}
			}
		},
		{
			"from": [7.35, 1, 7.35],
			"to": [8.65, 3, 8.65],
			"rotation": {"angle": 0, "axis": "y", "origin": [7, 4, 7]},
			"faces": {
				"north": {"uv": [11.75, 14, 12, 14.5], "texture": "#0"},
				"east": {"uv": [14.25, 0.25, 14.5, 0.75], "texture": "#0"},
				"south": {"uv": [14.25, 0.75, 14.5, 1.25], "texture": "#0"},
				"west": {"uv": [14.25, 1.25, 14.5, 1.75], "texture": "#0"},
				"up": {"uv": [14.75, 8.75, 14.5, 8.5], "texture": "#0"},
				"down": {"uv": [14.75, 8.75, 14.5, 9], "texture": "#0"}
			}
		},
		{
			"from": [7.45, 7, 7.45],
			"to": [8.55, 10, 8.55],
			"rotation": {"angle": 0, "axis": "y", "origin": [7, 4, 7]},
			"faces": {
				"north": {"uv": [9.5, 14, 9.75, 14.75], "texture": "#0"},
				"east": {"uv": [14, 9.5, 14.25, 10.25], "texture": "#0"},
				"south": {"uv": [9.75, 14, 10, 14.75], "texture": "#0"},
				"west": {"uv": [10, 14, 10.25, 14.75], "texture": "#0"},
				"up": {"uv": [9.25, 14.75, 9, 14.5], "texture": "#0"},
				"down": {"uv": [14.75, 9, 14.5, 9.25], "texture": "#0"}
			}
		},
		{
			"from": [7.45, -5, 7.45],
			"to": [8.55, -2, 8.55],
			"rotation": {"angle": 0, "axis": "y", "origin": [7, 4, 7]},
			"faces": {
				"north": {"uv": [10.25, 14, 10.5, 14.75], "texture": "#0"},
				"east": {"uv": [14, 10.25, 14.25, 11], "texture": "#0"},
				"south": {"uv": [10.5, 14, 10.75, 14.75], "texture": "#0"},
				"west": {"uv": [10.75, 14, 11, 14.75], "texture": "#0"},
				"up": {"uv": [9.5, 14.75, 9.25, 14.5], "texture": "#0"},
				"down": {"uv": [14.75, 9.25, 14.5, 9.5], "texture": "#0"}
			}
		},
		{
			"from": [7.35, 11, 7.35],
			"to": [8.65, 13, 8.65],
			"rotation": {"angle": 0, "axis": "y", "origin": [7, 4, 7]},
			"faces": {
				"north": {"uv": [14.25, 1.75, 14.5, 2.25], "texture": "#0"},
				"east": {"uv": [14.25, 6, 14.5, 6.5], "texture": "#0"},
				"south": {"uv": [14.25, 6.5, 14.5, 7], "texture": "#0"},
				"west": {"uv": [14.25, 7, 14.5, 7.5], "texture": "#0"},
				"up": {"uv": [14.75, 9.75, 14.5, 9.5], "texture": "#0"},
				"down": {"uv": [14.75, 9.75, 14.5, 10], "texture": "#0"}
			}
		},
		{
			"from": [7.35, -11, 7.35],
			"to": [8.65, -9, 8.65],
			"rotation": {"angle": 0, "axis": "y", "origin": [7, 4, 7]},
			"faces": {
				"north": {"uv": [14.25, 7.5, 14.5, 8], "texture": "#0"},
				"east": {"uv": [14.25, 8, 14.5, 8.5], "texture": "#0"},
				"south": {"uv": [14.25, 9.5, 14.5, 10], "texture": "#0"},
				"west": {"uv": [14.25, 10, 14.5, 10.5], "texture": "#0"},
				"up": {"uv": [14.75, 10.25, 14.5, 10], "texture": "#0"},
				"down": {"uv": [14.75, 10.25, 14.5, 10.5], "texture": "#0"}
			}
		},
		{
			"from": [7.25, 14, 7.25],
			"to": [8.75, 16, 8.75],
			"rotation": {"angle": 0, "axis": "y", "origin": [7, 14, 7]},
			"faces": {
				"north": {"uv": [13.75, 7, 14.25, 7.5], "texture": "#0"},
				"east": {"uv": [13.75, 7.5, 14.25, 8], "texture": "#0"},
				"south": {"uv": [13.75, 8, 14.25, 8.5], "texture": "#0"},
				"west": {"uv": [7.5, 14, 8, 14.5], "texture": "#0"},
				"up": {"uv": [8.5, 14.5, 8, 14], "texture": "#0"},
				"down": {"uv": [9, 14, 8.5, 14.5], "texture": "#0"}
			}
		},
		{
			"from": [4.75, 4.5, 7.5],
			"to": [7.25, 5.5, 8.5],
			"rotation": {"angle": 0, "axis": "y", "origin": [5.5, 4, 7]},
			"faces": {
				"north": {"uv": [11, 14, 11.75, 14.25], "texture": "#0"},
				"east": {"uv": [11.75, 14.5, 12, 14.75], "texture": "#0"},
				"south": {"uv": [14, 11, 14.75, 11.25], "texture": "#0"},
				"west": {"uv": [13, 14.5, 13.25, 14.75], "texture": "#0"},
				"up": {"uv": [14.75, 11.5, 14, 11.25], "texture": "#0"},
				"down": {"uv": [14.75, 11.5, 14, 11.75], "texture": "#0"}
			}
		},
		{
			"from": [7.625, 15, 5.25],
			"to": [8.375, 15.75, 7.25],
			"rotation": {"angle": 0, "axis": "y", "origin": [8.125, 15.25, 6]},
			"faces": {
				"north": {"uv": [13.25, 14.5, 13.5, 14.75], "texture": "#0"},
				"east": {"uv": [14.25, 2.25, 14.75, 2.5], "texture": "#0"},
				"south": {"uv": [13.75, 14.5, 14, 14.75], "texture": "#0"},
				"west": {"uv": [14.25, 10.5, 14.75, 10.75], "texture": "#0"},
				"up": {"uv": [11.25, 14.75, 11, 14.25], "texture": "#0"},
				"down": {"uv": [11.5, 14.25, 11.25, 14.75], "texture": "#0"}
			}
		},
		{
			"from": [7.525, 15, 3.75],
			"to": [8.475, 15.75, 5.25],
			"rotation": {"angle": 0, "axis": "y", "origin": [8.125, 15.25, 3.75]},
			"faces": {
				"north": {"uv": [14, 14.5, 14.25, 14.75], "texture": "#0"},
				"east": {"uv": [14.25, 10.75, 14.75, 11], "texture": "#0"},
				"south": {"uv": [14.5, 14, 14.75, 14.25], "texture": "#0"},
				"west": {"uv": [13, 14.25, 13.5, 14.5], "texture": "#0"},
				"up": {"uv": [11.75, 14.75, 11.5, 14.25], "texture": "#0"},
				"down": {"uv": [13.75, 14.25, 13.5, 14.75], "texture": "#0"}
			}
		},
		{
			"from": [5.25, 15, 8.25],
			"to": [7.75, 15.75, 9],
			"rotation": {"angle": 22.5, "axis": "y", "origin": [6.5, 15.25, 8.75]},
			"faces": {
				"north": {"uv": [14, 11.75, 14.75, 12], "texture": "#0"},
				"east": {"uv": [14.25, 14.5, 14.5, 14.75], "texture": "#0"},
				"south": {"uv": [14, 12, 14.75, 12.25], "texture": "#0"},
				"west": {"uv": [14.5, 14.5, 14.75, 14.75], "texture": "#0"},
				"up": {"uv": [14.75, 12.5, 14, 12.25], "texture": "#0"},
				"down": {"uv": [14.75, 12.5, 14, 12.75], "texture": "#0"}
			}
		},
		{
			"from": [3.75, 15, 8.15],
			"to": [5.25, 15.75, 9.1],
			"rotation": {"angle": 22.5, "axis": "y", "origin": [6.5, 15.25, 8.75]},
			"faces": {
				"north": {"uv": [13.75, 14.25, 14.25, 14.5], "texture": "#0"},
				"east": {"uv": [14.75, 1.75, 15, 2], "texture": "#0"},
				"south": {"uv": [14.25, 14.25, 14.75, 14.5], "texture": "#0"},
				"west": {"uv": [14.75, 2, 15, 2.25], "texture": "#0"},
				"up": {"uv": [15, 0.5, 14.5, 0.25], "texture": "#0"},
				"down": {"uv": [15, 0.5, 14.5, 0.75], "texture": "#0"}
			}
		},
		{
			"from": [8.25, 15, 8.25],
			"to": [10.75, 15.75, 9],
			"rotation": {"angle": -22.5, "axis": "y", "origin": [9.5, 15.25, 8.75]},
			"faces": {
				"north": {"uv": [14, 12.75, 14.75, 13], "texture": "#0"},
				"east": {"uv": [14.75, 2.25, 15, 2.5], "texture": "#0"},
				"south": {"uv": [13, 14, 13.75, 14.25], "texture": "#0"},
				"west": {"uv": [14.75, 2.5, 15, 2.75], "texture": "#0"},
				"up": {"uv": [14.75, 13.25, 14, 13], "texture": "#0"},
				"down": {"uv": [14.75, 13.25, 14, 13.5], "texture": "#0"}
			}
		},
		{
			"from": [10.75, 15, 8.15],
			"to": [12.25, 15.75, 9.1],
			"rotation": {"angle": -22.5, "axis": "y", "origin": [9.5, 15.25, 8.75]},
			"faces": {
				"north": {"uv": [14.5, 0.75, 15, 1], "texture": "#0"},
				"east": {"uv": [14.75, 2.75, 15, 3], "texture": "#0"},
				"south": {"uv": [14.5, 1, 15, 1.25], "texture": "#0"},
				"west": {"uv": [14.75, 6, 15, 6.25], "texture": "#0"},
				"up": {"uv": [15, 1.5, 14.5, 1.25], "texture": "#0"},
				"down": {"uv": [15, 1.5, 14.5, 1.75], "texture": "#0"}
			}
		},
		{
			"from": [8.75, 4.5, 7.5],
			"to": [11.25, 5.5, 8.5],
			"rotation": {"angle": 0, "axis": "y", "origin": [9.5, 4, 7]},
			"faces": {
				"north": {"uv": [14, 13.5, 14.75, 13.75], "texture": "#0"},
				"east": {"uv": [14.75, 6.25, 15, 6.5], "texture": "#0"},
				"south": {"uv": [13.75, 14, 14.5, 14.25], "texture": "#0"},
				"west": {"uv": [14.75, 6.5, 15, 6.75], "texture": "#0"},
				"up": {"uv": [14.75, 14, 14, 13.75], "texture": "#0"},
				"down": {"uv": [15, 0, 14.25, 0.25], "texture": "#0"}
			}
		},
		{
			"from": [11.25, 4.25, 7.5],
			"to": [12, 5.75, 8.5],
			"rotation": {"angle": 0, "axis": "y", "origin": [9.5, 4, 7]},
			"faces": {
				"north": {"uv": [14.5, 1.75, 14.75, 2.25], "texture": "#0"},
				"east": {"uv": [14.5, 2.5, 14.75, 3], "texture": "#0"},
				"south": {"uv": [14.5, 6, 14.75, 6.5], "texture": "#0"},
				"west": {"uv": [14.5, 6.5, 14.75, 7], "texture": "#0"},
				"up": {"uv": [15, 7, 14.75, 6.75], "texture": "#0"},
				"down": {"uv": [15, 7, 14.75, 7.25], "texture": "#0"}
			}
		},
		{
			"from": [4, 4.25, 7.5],
			"to": [4.75, 5.75, 8.5],
			"rotation": {"angle": 0, "axis": "y", "origin": [9.5, 4, 7]},
			"faces": {
				"north": {"uv": [14.5, 7, 14.75, 7.5], "texture": "#0"},
				"east": {"uv": [7.5, 14.5, 7.75, 15], "texture": "#0"},
				"south": {"uv": [14.5, 7.5, 14.75, 8], "texture": "#0"},
				"west": {"uv": [7.75, 14.5, 8, 15], "texture": "#0"},
				"up": {"uv": [15, 7.5, 14.75, 7.25], "texture": "#0"},
				"down": {"uv": [15, 7.5, 14.75, 7.75], "texture": "#0"}
			}
		},
		{
			"from": [7.5, -12, 7.5],
			"to": [8.5, 4, 8.5],
			"rotation": {"angle": 0, "axis": "y", "origin": [7, -12, 7]},
			"faces": {
				"north": {"uv": [12, 12, 12.25, 16], "texture": "#0"},
				"east": {"uv": [12.25, 12, 12.5, 16], "texture": "#0"},
				"south": {"uv": [12.5, 12, 12.75, 16], "texture": "#0"},
				"west": {"uv": [12.75, 12, 13, 16], "texture": "#0"},
				"up": {"uv": [15, 8, 14.75, 7.75], "texture": "#0"},
				"down": {"uv": [8.25, 14.75, 8, 15], "texture": "#0"}
			}
		},
		{
			"from": [7.5, 6, 7.5],
			"to": [8.5, 16, 8.5],
			"rotation": {"angle": 0, "axis": "y", "origin": [7, 6, 7]},
			"faces": {
				"north": {"uv": [13.5, 0, 13.75, 2.5], "texture": "#0"},
				"east": {"uv": [6, 13.5, 6.25, 16], "texture": "#0"},
				"south": {"uv": [13.5, 6, 13.75, 8.5], "texture": "#0"},
				"west": {"uv": [6.25, 13.5, 6.5, 16], "texture": "#0"},
				"up": {"uv": [8.5, 15, 8.25, 14.75], "texture": "#0"},
				"down": {"uv": [8.75, 14.75, 8.5, 15], "texture": "#0"}
			}
		},
		{
			"from": [7.5, 18, 7.5],
			"to": [8.5, 28, 8.5],
			"rotation": {"angle": 0, "axis": "y", "origin": [7, 6, 7]},
			"faces": {
				"north": {"uv": [6.5, 13.5, 6.75, 16], "texture": "#0"},
				"east": {"uv": [6.75, 13.5, 7, 16], "texture": "#0"},
				"south": {"uv": [7, 13.5, 7.25, 16], "texture": "#0"},
				"west": {"uv": [7.25, 13.5, 7.5, 16], "texture": "#0"},
				"up": {"uv": [15, 8.75, 14.75, 8.5], "texture": "#0"},
				"down": {"uv": [9, 14.75, 8.75, 15], "texture": "#0"}
			}
		},
		{
			"from": [5, 23, 5],
			"to": [11, 29, 11],
			"faces": {
				"north": {"uv": [6, 12, 7.5, 13.5], "texture": "#0"},
				"east": {"uv": [12, 6, 13.5, 7.5], "texture": "#0"},
				"south": {"uv": [7.5, 12, 9, 13.5], "texture": "#0"},
				"west": {"uv": [12, 7.5, 13.5, 9], "texture": "#0"},
				"up": {"uv": [10.5, 13.5, 9, 12], "texture": "#0"},
				"down": {"uv": [12, 12, 10.5, 13.5], "texture": "#0"}
			}
		},
		{
			"from": [8, 20, 2],
			"to": [8, 32, 14],
			"faces": {
				"north": {"uv": [0, 0, 0, 3], "texture": "#0"},
				"east": {"uv": [9, 3, 12, 6], "texture": "#0"},
				"south": {"uv": [0, 0, 0, 3], "texture": "#0"},
				"west": {"uv": [4.5, 9, 7.5, 12], "texture": "#0"},
				"up": {"uv": [0, 3, 0, 0], "texture": "#0"},
				"down": {"uv": [0, 0, 0, 3], "texture": "#0"}
			}
		},
		{
			"from": [2, 20, 8],
			"to": [14, 32, 8],
			"faces": {
				"north": {"uv": [9, 6, 12, 9], "texture": "#0"},
				"east": {"uv": [0, 0, 0, 3], "texture": "#0"},
				"south": {"uv": [7.5, 9, 10.5, 12], "texture": "#0"},
				"west": {"uv": [0, 0, 0, 3], "texture": "#0"},
				"up": {"uv": [3, 0, 0, 0], "texture": "#0"},
				"down": {"uv": [3, 0, 0, 0], "texture": "#0"}
			}
		},
		{
			"from": [2, 20, 8],
			"to": [14, 32, 8],
			"rotation": {"angle": -45, "axis": "y", "origin": [8, 26, 8]},
			"faces": {
				"north": {"uv": [10.5, 9, 13.5, 12], "texture": "#0"},
				"east": {"uv": [0, 0, 0, 3], "texture": "#0"},
				"south": {"uv": [0, 12, 3, 15], "texture": "#0"},
				"west": {"uv": [0, 0, 0, 3], "texture": "#0"},
				"up": {"uv": [3, 0, 0, 0], "texture": "#0"},
				"down": {"uv": [3, 0, 0, 0], "texture": "#0"}
			}
		},
		{
			"from": [8, 20, -2],
			"to": [8, 32, 18],
			"rotation": {"angle": 22.5, "axis": "y", "origin": [8, 26, 8]},
			"faces": {
				"north": {"uv": [0, 0, 0, 3], "texture": "#0"},
				"east": {"uv": [0, 0, 4.5, 3], "texture": "#0"},
				"south": {"uv": [0, 0, 0, 3], "texture": "#0"},
				"west": {"uv": [0, 3, 4.5, 6], "texture": "#0"},
				"up": {"uv": [0, 4.5, 0, 0], "texture": "#0"},
				"down": {"uv": [0, 0, 0, 4.5], "texture": "#0"}
			}
		},
		{
			"from": [8, 20, -1],
			"to": [8, 32, 17],
			"rotation": {"angle": -22.5, "axis": "y", "origin": [8, 26, 8]},
			"faces": {
				"north": {"uv": [0, 0, 0, 3], "texture": "#0"},
				"east": {"uv": [4.5, 0, 9, 3], "texture": "#0"},
				"south": {"uv": [0, 0, 0, 3], "texture": "#0"},
				"west": {"uv": [4.5, 3, 9, 6], "texture": "#0"},
				"up": {"uv": [0, 4.5, 0, 0], "texture": "#0"},
				"down": {"uv": [0, 0, 0, 4.5], "texture": "#0"}
			}
		},
		{
			"from": [-4, 20, 8],
			"to": [20, 32, 8],
			"rotation": {"angle": 22.5, "axis": "y", "origin": [8, 26, 8]},
			"faces": {
				"north": {"uv": [0, 6, 4.5, 9], "texture": "#0"},
				"east": {"uv": [0, 0, 0, 3], "texture": "#0"},
				"south": {"uv": [4.5, 6, 9, 9], "texture": "#0"},
				"west": {"uv": [0, 0, 0, 3], "texture": "#0"},
				"up": {"uv": [4.5, 0, 0, 0], "texture": "#0"},
				"down": {"uv": [4.5, 0, 0, 0], "texture": "#0"}
			}
		},
		{
			"from": [-1, 20, 8],
			"to": [17, 32, 8],
			"rotation": {"angle": -22.5, "axis": "y", "origin": [8, 26, 8]},
			"faces": {
				"north": {"uv": [0, 9, 4.5, 12], "texture": "#0"},
				"east": {"uv": [0, 0, 0, 3], "texture": "#0"},
				"south": {"uv": [9, 0, 13.5, 3], "texture": "#0"},
				"west": {"uv": [0, 0, 0, 3], "texture": "#0"},
				"up": {"uv": [4.5, 0, 0, 0], "texture": "#0"},
				"down": {"uv": [4.5, 0, 0, 0], "texture": "#0"}
			}
		},
		{
			"from": [8, 20, 2],
			"to": [8, 32, 14],
			"rotation": {"angle": -45, "axis": "y", "origin": [8, 26, 8]},
			"faces": {
				"north": {"uv": [0, 0, 0, 3], "texture": "#0"},
				"east": {"uv": [3, 12, 6, 15], "texture": "#0"},
				"south": {"uv": [0, 0, 0, 3], "texture": "#0"},
				"west": {"uv": [12, 3, 15, 6], "texture": "#0"},
				"up": {"uv": [0, 3, 0, 0], "texture": "#0"},
				"down": {"uv": [0, 0, 0, 3], "texture": "#0"}
			}
		},
		{
			"from": [6, 21, 6],
			"to": [10, 23, 10],
			"faces": {
				"north": {"uv": [13.5, 2.5, 14.5, 3], "texture": "#0"},
				"east": {"uv": [7.5, 13.5, 8.5, 14], "texture": "#0"},
				"south": {"uv": [8.5, 13.5, 9.5, 14], "texture": "#0"},
				"west": {"uv": [13.5, 8.5, 14.5, 9], "texture": "#0"},
				"up": {"uv": [14, 13, 13, 12], "texture": "#0"},
				"down": {"uv": [14, 13, 13, 14], "texture": "#0"}
			}
		},
		{
			"from": [6.5, 16, 6.5],
			"to": [9.5, 18, 9.5],
			"faces": {
				"north": {"uv": [13.5, 2.5, 14.5, 3], "texture": "#0"},
				"east": {"uv": [7.5, 13.5, 8.5, 14], "texture": "#0"},
				"south": {"uv": [8.5, 13.5, 9.5, 14], "texture": "#0"},
				"west": {"uv": [13.5, 8.5, 14.5, 9], "texture": "#0"},
				"up": {"uv": [14, 13, 13, 12], "texture": "#0"},
				"down": {"uv": [14, 13, 13, 14], "texture": "#0"}
			}
		},
		{
			"from": [6, 21, 6],
			"to": [10, 23, 10],
			"faces": {
				"north": {"uv": [13.5, 2.5, 14.5, 3], "texture": "#0"},
				"east": {"uv": [7.5, 13.5, 8.5, 14], "texture": "#0"},
				"south": {"uv": [8.5, 13.5, 9.5, 14], "texture": "#0"},
				"west": {"uv": [13.5, 8.5, 14.5, 9], "texture": "#0"},
				"up": {"uv": [14, 13, 13, 12], "texture": "#0"},
				"down": {"uv": [14, 13, 13, 14], "texture": "#0"}
			}
		},
		{
			"from": [7, 20, 7],
			"to": [9, 21, 9],
			"faces": {
				"north": {"uv": [8, 14.5, 8.5, 14.75], "texture": "#0"},
				"east": {"uv": [14.5, 8, 15, 8.25], "texture": "#0"},
				"south": {"uv": [14.5, 8.25, 15, 8.5], "texture": "#0"},
				"west": {"uv": [8.5, 14.5, 9, 14.75], "texture": "#0"},
				"up": {"uv": [9.5, 14.5, 9, 14], "texture": "#0"},
				"down": {"uv": [14.5, 9, 14, 9.5], "texture": "#0"}
			}
		},
		{
			"from": [7, 18, 7],
			"to": [9, 19, 9],
			"faces": {
				"north": {"uv": [8, 14.5, 8.5, 14.75], "texture": "#0"},
				"east": {"uv": [14.5, 8, 15, 8.25], "texture": "#0"},
				"south": {"uv": [14.5, 8.25, 15, 8.5], "texture": "#0"},
				"west": {"uv": [8.5, 14.5, 9, 14.75], "texture": "#0"},
				"up": {"uv": [9.5, 14.5, 9, 14], "texture": "#0"},
				"down": {"uv": [14.5, 9, 14, 9.5], "texture": "#0"}
			}
		}
	],
	"gui_light": "front",
	"display": {
		"thirdperson_righthand": {
			"rotation": [0, -90, 0],
			"translation": [-0.5, 8.75, 1.5],
			"scale": [0.9, 0.9, 0.9]
		},
		"thirdperson_lefthand": {
			"rotation": [0, -90, 0],
			"translation": [-0.5, 8.75, 1.5],
			"scale": [0.9, 0.9, 0.9]
		},
		"firstperson_righthand": {
			"rotation": [0, -90, -7],
			"translation": [4.75, 2.25, -4],
			"scale": [0.9, 0.9, 0.9]
		},
		"firstperson_lefthand": {
			"rotation": [0, -90, -7],
			"translation": [4.75, 2.25, -4],
			"scale": [0.9, 0.9, 0.9]
		},
		"ground": {
			"translation": [0, 16.75, 0],
			"scale": [0.8, 0.8, 0.8]
		},
		"gui": {
			"rotation": [0, 0, -45],
			"translation": [-0.5, -0.25, 0],
			"scale": [0.43, 0.43, 1]
		}
	}
}