{
	"credit": "Made with Blockbench",
	"texture_size": [32, 32],
	"textures": {
		"0": "item/steelaxe",
		"particle": "steelaxe"
	},
	"elements": [
		{
			"from": [8, -6.5, 7],
			"to": [10, -4.5, 9],
			"rotation": {"angle": 45, "axis": "z", "origin": [8, -6.5, 7]},
			"faces": {
				"north": {"uv": [7, 0, 8, 1], "texture": "#0"},
				"east": {"uv": [7, 1, 8, 2], "texture": "#0"},
				"south": {"uv": [7, 2, 8, 3], "texture": "#0"},
				"west": {"uv": [7, 3, 8, 4], "texture": "#0"},
				"up": {"uv": [5, 8, 4, 7], "texture": "#0"},
				"down": {"uv": [8, 4, 7, 5], "texture": "#0"}
			}
		},
		{
			"from": [7.25, -5, 7.25],
			"to": [8.75, 18, 8.75],
			"rotation": {"angle": 0, "axis": "y", "origin": [7, 0, 7]},
			"faces": {
				"north": {"uv": [0, 0, 1, 11.5], "texture": "#0"},
				"east": {"uv": [1, 0, 2, 11.5], "texture": "#0"},
				"south": {"uv": [2, 0, 3, 11.5], "texture": "#0"},
				"west": {"uv": [3, 0, 4, 11.5], "texture": "#0"},
				"up": {"uv": [6, 8, 5, 7], "texture": "#0"},
				"down": {"uv": [8, 5, 7, 6], "texture": "#0"}
			}
		},
		{
			"from": [7.1, -4, 7.1],
			"to": [8.9, -3, 8.9],
			"rotation": {"angle": 0, "axis": "y", "origin": [7, -4, 7]},
			"faces": {
				"north": {"uv": [9, 2, 10, 2.5], "texture": "#0"},
				"east": {"uv": [9, 2.5, 10, 3], "texture": "#0"},
				"south": {"uv": [9, 3, 10, 3.5], "texture": "#0"},
				"west": {"uv": [9, 3.5, 10, 4], "texture": "#0"},
				"up": {"uv": [7, 8, 6, 7], "texture": "#0"},
				"down": {"uv": [8, 6, 7, 7], "texture": "#0"}
			}
		},
		{
			"from": [7.1, 0.75, 7.1],
			"to": [8.9, 1.75, 8.9],
			"rotation": {"angle": 0, "axis": "y", "origin": [7, 0.75, 7]},
			"faces": {
				"north": {"uv": [4, 9, 5, 9.5], "texture": "#0"},
				"east": {"uv": [9, 4, 10, 4.5], "texture": "#0"},
				"south": {"uv": [9, 4.5, 10, 5], "texture": "#0"},
				"west": {"uv": [5, 9, 6, 9.5], "texture": "#0"},
				"up": {"uv": [8, 8, 7, 7], "texture": "#0"},
				"down": {"uv": [9, 0, 8, 1], "texture": "#0"}
			}
		},
		{
			"from": [7.1, 6, 7.1],
			"to": [8.9, 7, 8.9],
			"rotation": {"angle": 0, "axis": "y", "origin": [7, 6, 7]},
			"faces": {
				"north": {"uv": [9, 5, 10, 5.5], "texture": "#0"},
				"east": {"uv": [9, 5.5, 10, 6], "texture": "#0"},
				"south": {"uv": [6, 9, 7, 9.5], "texture": "#0"},
				"west": {"uv": [9, 6, 10, 6.5], "texture": "#0"},
				"up": {"uv": [9, 2, 8, 1], "texture": "#0"},
				"down": {"uv": [9, 2, 8, 3], "texture": "#0"}
			}
		},
		{
			"from": [7, 8, 7],
			"to": [9, 10, 9],
			"rotation": {"angle": 0, "axis": "y", "origin": [7, 8, 7]},
			"faces": {
				"north": {"uv": [8, 3, 9, 4], "texture": "#0"},
				"east": {"uv": [4, 8, 5, 9], "texture": "#0"},
				"south": {"uv": [8, 4, 9, 5], "texture": "#0"},
				"west": {"uv": [5, 8, 6, 9], "texture": "#0"},
				"up": {"uv": [9, 6, 8, 5], "texture": "#0"},
				"down": {"uv": [7, 8, 6, 9], "texture": "#0"}
			}
		},
		{
			"from": [7, 14.5, 7],
			"to": [9, 17.25, 9],
			"rotation": {"angle": 0, "axis": "y", "origin": [7, 15, 7]},
			"faces": {
				"north": {"uv": [5.5, 0, 6.5, 1.5], "texture": "#0"},
				"east": {"uv": [5.5, 1.5, 6.5, 3], "texture": "#0"},
				"south": {"uv": [5.5, 3, 6.5, 4.5], "texture": "#0"},
				"west": {"uv": [5.5, 4.5, 6.5, 6], "texture": "#0"},
				"up": {"uv": [9, 7, 8, 6], "texture": "#0"},
				"down": {"uv": [8, 8, 7, 9], "texture": "#0"}
			}
		},
		{
			"from": [9, 14.75, 7.5],
			"to": [12, 17, 8.5],
			"rotation": {"angle": 0, "axis": "y", "origin": [9, 15, 7]},
			"faces": {
				"north": {"uv": [4, 6, 5.5, 7], "texture": "#0"},
				"east": {"uv": [9, 6.5, 9.5, 7.5], "texture": "#0"},
				"south": {"uv": [5.5, 6, 7, 7], "texture": "#0"},
				"west": {"uv": [7, 9, 7.5, 10], "texture": "#0"},
				"up": {"uv": [10.5, 0.5, 9, 0], "texture": "#0"},
				"down": {"uv": [10.5, 0.5, 9, 1], "texture": "#0"}
			}
		},
		{
			"from": [5, 15.25, 7.5],
			"to": [7, 17, 8.5],
			"rotation": {"angle": 0, "axis": "y", "origin": [4, 15, 7]},
			"faces": {
				"north": {"uv": [8, 7, 9, 8], "texture": "#0"},
				"east": {"uv": [7.5, 9, 8, 10], "texture": "#0"},
				"south": {"uv": [8, 8, 9, 9], "texture": "#0"},
				"west": {"uv": [9, 7.5, 9.5, 8.5], "texture": "#0"},
				"up": {"uv": [9, 9.5, 8, 9], "texture": "#0"},
				"down": {"uv": [10, 8.5, 9, 9], "texture": "#0"}
			}
		},
		{
			"from": [10, 11, 7.6],
			"to": [13, 17, 8.4],
			"rotation": {"angle": -22.5, "axis": "z", "origin": [12, 13, 8]},
			"faces": {
				"north": {"uv": [4, 0, 5.5, 3], "texture": "#0"},
				"east": {"uv": [6.5, 0, 7, 3], "texture": "#0"},
				"south": {"uv": [4, 3, 5.5, 6], "texture": "#0"},
				"west": {"uv": [6.5, 3, 7, 6], "texture": "#0"},
				"up": {"uv": [10.5, 1.5, 9, 1], "texture": "#0"},
				"down": {"uv": [10.5, 1.5, 9, 2], "texture": "#0"}
			}
		}
	],
	"gui_light": "front",
	"display": {
		"thirdperson_righthand": {
			"rotation": [0, 90, 0],
			"translation": [-0.25, 3, 1],
			"scale": [0.7, 0.7, 0.7]
		},
		"thirdperson_lefthand": {
			"rotation": [0, -90, 0],
			"translation": [-0.25, 3, 1],
			"scale": [0.7, 0.7, 0.7]
		},
		"firstperson_righthand": {
			"rotation": [0, 90, 8],
			"translation": [-0.25, 3, 1],
			"scale": [0.7, 0.7, 0.7]
		},
		"firstperson_lefthand": {
			"rotation": [0, -90, -8],
			"translation": [-0.25, 3, 1],
			"scale": [0.7, 0.7, 0.7]
		},
		"ground": {
			"translation": [0, 5.75, 0],
			"scale": [0.5, 0.5, 0.5]
		},
		"gui": {
			"rotation": [0, 0, -45],
			"translation": [0.5, 0.5, 0],
			"scale": [0.7, 0.7, 0.7]
		},
		"fixed": {
			"translation": [0, 1.75, 0]
		}
	}
}