{
	"credit": "Made with Blockbench",
	"texture_size": [32, 32],
	"textures": {
		"0": "item/steelsword",
		"particle": "steelsword"
	},
	"elements": [
		{
			"from": [7.25, -5, 7.25],
			"to": [8.75, 3, 8.75],
			"rotation": {"angle": 0, "axis": "y", "origin": [7, 0, 7]},
			"faces": {
				"north": {"uv": [0, 5.5, 1, 9.5], "texture": "#0"},
				"east": {"uv": [1, 5.5, 2, 9.5], "texture": "#0"},
				"south": {"uv": [2, 5.5, 3, 9.5], "texture": "#0"},
				"west": {"uv": [3, 5.5, 4, 9.5], "texture": "#0"},
				"up": {"uv": [5, 9.5, 4, 8.5], "texture": "#0"},
				"down": {"uv": [7, 8.5, 6, 9.5], "texture": "#0"}
			}
		},
		{
			"from": [8, -6.5, 7],
			"to": [10, -4.5, 9],
			"rotation": {"angle": 45, "axis": "z", "origin": [8, -6.5, 7]},
			"faces": {
				"north": {"uv": [7, 8.5, 8, 9.5], "texture": "#0"},
				"east": {"uv": [8, 8.5, 9, 9.5], "texture": "#0"},
				"south": {"uv": [9, 4, 10, 5], "texture": "#0"},
				"west": {"uv": [9, 5, 10, 6], "texture": "#0"},
				"up": {"uv": [10, 7, 9, 6], "texture": "#0"},
				"down": {"uv": [10, 7, 9, 8], "texture": "#0"}
			}
		},
		{
			"from": [7, 3, 7],
			"to": [9, 5, 9],
			"rotation": {"angle": 0, "axis": "y", "origin": [7, 3, 7]},
			"faces": {
				"north": {"uv": [9, 8, 10, 9], "texture": "#0"},
				"east": {"uv": [9, 9, 10, 10], "texture": "#0"},
				"south": {"uv": [0, 9.5, 1, 10.5], "texture": "#0"},
				"west": {"uv": [9.5, 0, 10.5, 1], "texture": "#0"},
				"up": {"uv": [2, 10.5, 1, 9.5], "texture": "#0"},
				"down": {"uv": [10.5, 1, 9.5, 2], "texture": "#0"}
			}
		},
		{
			"from": [6, 15, 7.6],
			"to": [10, 26, 8.4],
			"rotation": {"angle": 0, "axis": "y", "origin": [7, 8, 7]},
			"faces": {
				"north": {"uv": [0, 0, 2, 5.5], "texture": "#0"},
				"east": {"uv": [6, 3, 6.5, 8.5], "texture": "#0"},
				"south": {"uv": [2, 0, 4, 5.5], "texture": "#0"},
				"west": {"uv": [6.5, 3, 7, 8.5], "texture": "#0"},
				"up": {"uv": [4, 10, 2, 9.5], "texture": "#0"},
				"down": {"uv": [11.5, 2, 9.5, 2.5], "texture": "#0"}
			}
		},
		{
			"from": [6, 5, 7.6],
			"to": [10, 8, 8.4],
			"rotation": {"angle": 0, "axis": "y", "origin": [7, -2, 7]},
			"faces": {
				"north": {"uv": [6, 0, 8, 1.5], "texture": "#0"},
				"east": {"uv": [5, 8.5, 5.5, 10], "texture": "#0"},
				"south": {"uv": [6, 1.5, 8, 3], "texture": "#0"},
				"west": {"uv": [5, 10, 5.5, 11.5], "texture": "#0"},
				"up": {"uv": [11.5, 3, 9.5, 2.5], "texture": "#0"},
				"down": {"uv": [8, 9.5, 6, 10], "texture": "#0"}
			}
		},
		{
			"from": [6.2, 8, 7.6],
			"to": [9.8, 15, 8.4],
			"rotation": {"angle": 0, "axis": "y", "origin": [7, 1, 7]},
			"faces": {
				"north": {"uv": [4, 0, 6, 3.5], "texture": "#0"},
				"east": {"uv": [7, 4.5, 7.5, 8], "texture": "#0"},
				"south": {"uv": [4, 3.5, 6, 7], "texture": "#0"},
				"west": {"uv": [5.5, 7, 6, 10.5], "texture": "#0"},
				"up": {"uv": [4, 10.5, 2, 10], "texture": "#0"},
				"down": {"uv": [12, 3, 10, 3.5], "texture": "#0"}
			}
		},
		{
			"from": [6, 24.85, 7.625],
			"to": [8.8, 27.65, 8.375],
			"rotation": {"angle": 45, "axis": "z", "origin": [8, 26.85, 8]},
			"faces": {
				"north": {"uv": [7, 3, 8.5, 4.5], "texture": "#0"},
				"east": {"uv": [10, 7.5, 10.5, 9], "texture": "#0"},
				"south": {"uv": [4, 7, 5.5, 8.5], "texture": "#0"},
				"west": {"uv": [9, 10, 9.5, 11.5], "texture": "#0"},
				"up": {"uv": [11.5, 9.5, 10, 9], "texture": "#0"},
				"down": {"uv": [11, 10, 9.5, 10.5], "texture": "#0"}
			}
		},
		{
			"from": [4, 3.5, 7.25],
			"to": [7, 5, 8.75],
			"rotation": {"angle": 0, "axis": "y", "origin": [5, 3, 7]},
			"faces": {
				"north": {"uv": [7.5, 4.5, 9, 5.5], "texture": "#0"},
				"east": {"uv": [4, 9.5, 5, 10.5], "texture": "#0"},
				"south": {"uv": [7.5, 5.5, 9, 6.5], "texture": "#0"},
				"west": {"uv": [8, 9.5, 9, 10.5], "texture": "#0"},
				"up": {"uv": [9, 7.5, 7.5, 6.5], "texture": "#0"},
				"down": {"uv": [9, 7.5, 7.5, 8.5], "texture": "#0"}
			}
		},
		{
			"from": [9, 3.5, 7.25],
			"to": [12, 5, 8.75],
			"rotation": {"angle": 0, "axis": "y", "origin": [10, 3, 7]},
			"faces": {
				"north": {"uv": [8, 0, 9.5, 1], "texture": "#0"},
				"east": {"uv": [10, 3.5, 11, 4.5], "texture": "#0"},
				"south": {"uv": [8, 1, 9.5, 2], "texture": "#0"},
				"west": {"uv": [10, 4.5, 11, 5.5], "texture": "#0"},
				"up": {"uv": [9.5, 3, 8, 2], "texture": "#0"},
				"down": {"uv": [10, 3, 8.5, 4], "texture": "#0"}
			}
		},
		{
			"from": [7.1, -4, 7.1],
			"to": [8.9, -3, 8.9],
			"rotation": {"angle": 0, "axis": "y", "origin": [7, -4, 7]},
			"faces": {
				"north": {"uv": [10, 9.5, 11, 10], "texture": "#0"},
				"east": {"uv": [0, 10.5, 1, 11], "texture": "#0"},
				"south": {"uv": [10.5, 0, 11.5, 0.5], "texture": "#0"},
				"west": {"uv": [10.5, 0.5, 11.5, 1], "texture": "#0"},
				"up": {"uv": [11, 6.5, 10, 5.5], "texture": "#0"},
				"down": {"uv": [7, 10, 6, 11], "texture": "#0"}
			}
		},
		{
			"from": [7.1, 1, 7.1],
			"to": [8.9, 2, 8.9],
			"rotation": {"angle": 0, "axis": "y", "origin": [7, 1, 7]},
			"faces": {
				"north": {"uv": [1, 10.5, 2, 11], "texture": "#0"},
				"east": {"uv": [10.5, 1, 11.5, 1.5], "texture": "#0"},
				"south": {"uv": [10.5, 1.5, 11.5, 2], "texture": "#0"},
				"west": {"uv": [2, 10.5, 3, 11], "texture": "#0"},
				"up": {"uv": [11, 7.5, 10, 6.5], "texture": "#0"},
				"down": {"uv": [8, 10, 7, 11], "texture": "#0"}
			}
		}
	],
	"gui_light": "front",
	"display": {
		"thirdperson_righthand": {
			"rotation": [0, 90, 0],
			"translation": [0, 3.25, 1],
			"scale": [0.65, 0.65, 0.65]
		},
		"thirdperson_lefthand": {
			"rotation": [0, 90, 0],
			"translation": [0, 3.25, 1],
			"scale": [0.65, 0.65, 0.65]
		},
		"firstperson_righthand": {
			"rotation": [0, 90, 7],
			"translation": [0, 3.25, 1],
			"scale": [0.65, 0.65, 0.65]
		},
		"firstperson_lefthand": {
			"rotation": [0, 90, 7],
			"translation": [0, 3.25, 1],
			"scale": [0.65, 0.65, 0.65]
		},
		"ground": {
			"translation": [0, 5.25, 0],
			"scale": [0.5, 0.5, 0.5]
		},
		"gui": {
			"rotation": [0, 0, -45],
			"translation": [-1, -1, 0],
			"scale": [0.6, 0.6, 0.6]
		},
		"fixed": {
			"translation": [0, -1.75, 0]
		}
	}
}