{
	"credit": "Made with Blockbench",
	"texture_size": [32, 32],
	"textures": {
		"0": "item/swords",
		"particle": "swords"
	},
	"elements": [
		{
			"from": [7, -2.25, 7.25],
			"to": [9, 4, 8.75],
			"rotation": {"angle": 0, "axis": "y", "origin": [7.25, 0, 7.25]},
			"faces": {
				"north": {"uv": [5, 0, 6, 3], "texture": "#0"},
				"east": {"uv": [5, 3, 6, 6], "texture": "#0"},
				"south": {"uv": [6, 0, 7, 3], "texture": "#0"},
				"west": {"uv": [6, 3, 7, 6], "texture": "#0"},
				"up": {"uv": [10, 4, 9, 3], "texture": "#0"},
				"down": {"uv": [10, 4, 9, 5], "texture": "#0"}
			}
		},
		{
			"from": [6.5, 4, 7],
			"to": [9.5, 6.25, 9],
			"rotation": {"angle": 0, "axis": "y", "origin": [7.75, 6.25, 7.25]},
			"faces": {
				"north": {"uv": [8.5, 1, 10, 2], "texture": "#0"},
				"east": {"uv": [9, 5, 10, 6], "texture": "#0"},
				"south": {"uv": [2, 8.5, 3.5, 9.5], "texture": "#0"},
				"west": {"uv": [9, 7, 10, 8], "texture": "#0"},
				"up": {"uv": [10, 3, 8.5, 2], "texture": "#0"},
				"down": {"uv": [5, 8.5, 3.5, 9.5], "texture": "#0"}
			}
		},
		{
			"from": [6.5, -4.75, 7],
			"to": [9.5, -1.75, 9],
			"rotation": {"angle": -45, "axis": "z", "origin": [8, -3.25, 8]},
			"faces": {
				"north": {"uv": [5, 6, 6.5, 7.5], "texture": "#0"},
				"east": {"uv": [5, 8.5, 6, 10], "texture": "#0"},
				"south": {"uv": [6.5, 6, 8, 7.5], "texture": "#0"},
				"west": {"uv": [6, 8.5, 7, 10], "texture": "#0"},
				"up": {"uv": [8.5, 9.5, 7, 8.5], "texture": "#0"},
				"down": {"uv": [10, 8.5, 8.5, 9.5], "texture": "#0"}
			}
		},
		{
			"from": [9, 5, 7.25],
			"to": [13, 6.5, 8.75],
			"rotation": {"angle": 22.5, "axis": "z", "origin": [11, 5.75, 8]},
			"faces": {
				"north": {"uv": [7, 3, 9, 4], "texture": "#0"},
				"east": {"uv": [0, 9.5, 1, 10.5], "texture": "#0"},
				"south": {"uv": [7, 4, 9, 5], "texture": "#0"},
				"west": {"uv": [1, 9.5, 2, 10.5], "texture": "#0"},
				"up": {"uv": [9, 6, 7, 5], "texture": "#0"},
				"down": {"uv": [7, 7.5, 5, 8.5], "texture": "#0"}
			}
		},
		{
			"from": [3, 5, 7.25],
			"to": [7, 6.5, 8.75],
			"rotation": {"angle": -22.5, "axis": "z", "origin": [5, 5.75, 8]},
			"faces": {
				"north": {"uv": [7, 7.5, 9, 8.5], "texture": "#0"},
				"east": {"uv": [2, 9.5, 3, 10.5], "texture": "#0"},
				"south": {"uv": [8, 6, 10, 7], "texture": "#0"},
				"west": {"uv": [3, 9.5, 4, 10.5], "texture": "#0"},
				"up": {"uv": [2, 9.5, 0, 8.5], "texture": "#0"},
				"down": {"uv": [10.5, 0, 8.5, 1], "texture": "#0"}
			}
		},
		{
			"from": [6, 6, 7.5],
			"to": [10, 23, 8.5],
			"rotation": {"angle": 0, "axis": "y", "origin": [7, 6, 7]},
			"faces": {
				"north": {"uv": [0, 0, 2, 8.5], "texture": "#0"},
				"east": {"uv": [4, 0, 4.5, 8.5], "texture": "#0"},
				"south": {"uv": [2, 0, 4, 8.5], "texture": "#0"},
				"west": {"uv": [4.5, 0, 5, 8.5], "texture": "#0"},
				"up": {"uv": [11, 8.5, 9, 8], "texture": "#0"},
				"down": {"uv": [9, 9.5, 7, 10], "texture": "#0"}
			}
		},
		{
			"from": [6, 21.825, 7.525],
			"to": [8.825, 24.65, 8.475],
			"rotation": {"angle": 45, "axis": "z", "origin": [8, 23.825, 8]},
			"faces": {
				"north": {"uv": [8.5, 11.5, 10.5, 13.5], "texture": "#0"},
				"east": {"uv": [4, 9.5, 4.5, 11], "texture": "#0"},
				"south": {"uv": [6.5, 11.5, 8.5, 13.5], "texture": "#0"},
				"west": {"uv": [4.5, 9.5, 5, 11], "texture": "#0"},
				"up": {"uv": [10.5, 10, 9, 9.5], "texture": "#0"},
				"down": {"uv": [11.5, 1, 10, 1.5], "texture": "#0"}
			}
		}
	],
	"gui_light": "front",
	"display": {
		"thirdperson_righthand": {
			"rotation": [0, 90, 0],
			"translation": [0, 2.5, 1.25],
			"scale": [0.7, 0.7, 0.7]
		},
		"thirdperson_lefthand": {
			"rotation": [0, 90, 0],
			"translation": [0, 2.5, 1.25],
			"scale": [0.7, 0.7, 0.7]
		},
		"firstperson_righthand": {
			"rotation": [0, 90, 9],
			"translation": [2, 2.5, 1.25],
			"scale": [0.6, 0.6, 0.6]
		},
		"firstperson_lefthand": {
			"rotation": [0, 90, 9],
			"translation": [2, 2.5, 1.25],
			"scale": [0.6, 0.6, 0.6]
		},
		"ground": {
			"translation": [0, 4.5, 0],
			"scale": [0.5, 0.5, 0.5]
		},
		"gui": {
			"rotation": [0, 0, -45],
			"translation": [-1.25, -1, 0],
			"scale": [0.7, 0.7, 0.7]
		},
		"fixed": {
			"translation": [0, -1.25, 0]
		}
	}
}