{
	"credit": "Made with Blockbench",
	"texture_size": [32, 32],
	"textures": {
		"0": "item/taigaaxe",
		"particle": "taigaaxe"
	},
	"elements": [
		{
			"from": [7.375, 3.25, 7.375],
			"to": [8.875, 24, 8.875],
			"rotation": {"angle": 0, "axis": "y", "origin": [10, 14.25, 8.125]},
			"faces": {
				"north": {"uv": [0, 0, 1, 10.5], "texture": "#0"},
				"east": {"uv": [1, 0, 2, 10.5], "texture": "#0"},
				"south": {"uv": [2, 0, 3, 10.5], "texture": "#0"},
				"west": {"uv": [3, 0, 4, 10.5], "texture": "#0"},
				"up": {"uv": [5, 10, 4, 9], "texture": "#0"},
				"down": {"uv": [6, 9, 5, 10], "texture": "#0"}
			}
		},
		{
			"from": [7.375, 2, 7.375],
			"to": [9.375, 3.25, 8.875],
			"rotation": {"angle": 0, "axis": "y", "origin": [10, 13, 8.125]},
			"faces": {
				"north": {"uv": [11, 2.5, 12, 3], "texture": "#0"},
				"east": {"uv": [11, 3, 12, 3.5], "texture": "#0"},
				"south": {"uv": [11, 3.5, 12, 4], "texture": "#0"},
				"west": {"uv": [4, 11, 5, 11.5], "texture": "#0"},
				"up": {"uv": [10.5, 1, 9.5, 0], "texture": "#0"},
				"down": {"uv": [10.5, 1, 9.5, 2], "texture": "#0"}
			}
		},
		{
			"from": [7.375, 27, 7.375],
			"to": [8.875, 28, 8.875],
			"rotation": {"angle": 0, "axis": "y", "origin": [10, 14.25, 8.125]},
			"faces": {
				"north": {"uv": [11, 4, 12, 4.5], "texture": "#0"},
				"east": {"uv": [11, 4.5, 12, 5], "texture": "#0"},
				"south": {"uv": [5, 11, 6, 11.5], "texture": "#0"},
				"west": {"uv": [11, 5, 12, 5.5], "texture": "#0"},
				"up": {"uv": [10.5, 3, 9.5, 2], "texture": "#0"},
				"down": {"uv": [10.5, 3, 9.5, 4], "texture": "#0"}
			}
		},
		{
			"from": [7.125, 24, 7.125],
			"to": [9.125, 27.25, 9.125],
			"rotation": {"angle": 0, "axis": "y", "origin": [10, 14.25, 8.125]},
			"faces": {
				"north": {"uv": [7.5, 5, 8.5, 6.5], "texture": "#0"},
				"east": {"uv": [7.5, 6.5, 8.5, 8], "texture": "#0"},
				"south": {"uv": [6, 8, 7, 9.5], "texture": "#0"},
				"west": {"uv": [7.5, 8, 8.5, 9.5], "texture": "#0"},
				"up": {"uv": [10.5, 5, 9.5, 4], "texture": "#0"},
				"down": {"uv": [7, 9.5, 6, 10.5], "texture": "#0"}
			}
		},
		{
			"from": [7.125, 14, 7.125],
			"to": [9.125, 15.25, 9.125],
			"rotation": {"angle": 0, "axis": "y", "origin": [10, 14.25, 8.125]},
			"faces": {
				"north": {"uv": [11, 5.5, 12, 6], "texture": "#0"},
				"east": {"uv": [11, 6, 12, 6.5], "texture": "#0"},
				"south": {"uv": [11, 6.5, 12, 7], "texture": "#0"},
				"west": {"uv": [11, 7, 12, 7.5], "texture": "#0"},
				"up": {"uv": [10.5, 8, 9.5, 7], "texture": "#0"},
				"down": {"uv": [8.5, 9.5, 7.5, 10.5], "texture": "#0"}
			}
		},
		{
			"from": [7.125, 4, 7.125],
			"to": [9.125, 5.25, 9.125],
			"rotation": {"angle": 0, "axis": "y", "origin": [10, 14.25, 8.125]},
			"faces": {
				"north": {"uv": [11, 7.5, 12, 8], "texture": "#0"},
				"east": {"uv": [11, 8, 12, 8.5], "texture": "#0"},
				"south": {"uv": [8.5, 11, 9.5, 11.5], "texture": "#0"},
				"west": {"uv": [11, 8.5, 12, 9], "texture": "#0"},
				"up": {"uv": [10.5, 9, 9.5, 8], "texture": "#0"},
				"down": {"uv": [10.5, 9, 9.5, 10], "texture": "#0"}
			}
		},
		{
			"from": [9.125, 24, 7.625],
			"to": [11.125, 26.75, 8.625],
			"rotation": {"angle": 0, "axis": "y", "origin": [10, 14.25, 8.125]},
			"faces": {
				"north": {"uv": [8.5, 0, 9.5, 1.5], "texture": "#0"},
				"east": {"uv": [10.5, 3.5, 11, 5], "texture": "#0"},
				"south": {"uv": [8.5, 1.5, 9.5, 3], "texture": "#0"},
				"west": {"uv": [6.5, 10.5, 7, 12], "texture": "#0"},
				"up": {"uv": [12, 9.5, 11, 9], "texture": "#0"},
				"down": {"uv": [10.5, 11, 9.5, 11.5], "texture": "#0"}
			}
		},
		{
			"from": [5.875, 24, 7.625],
			"to": [7.125, 26.75, 8.625],
			"rotation": {"angle": 0, "axis": "y", "origin": [10, 14.25, 8.125]},
			"faces": {
				"north": {"uv": [10.5, 7, 11, 8.5], "texture": "#0"},
				"east": {"uv": [7.5, 10.5, 8, 12], "texture": "#0"},
				"south": {"uv": [8, 10.5, 8.5, 12], "texture": "#0"},
				"west": {"uv": [10.5, 8.5, 11, 10], "texture": "#0"},
				"up": {"uv": [6, 12, 5.5, 11.5], "texture": "#0"},
				"down": {"uv": [10, 11.5, 9.5, 12], "texture": "#0"}
			}
		},
		{
			"from": [4.625, 25.25, 7.625],
			"to": [5.875, 26.75, 8.625],
			"rotation": {"angle": 0, "axis": "y", "origin": [10, 14.25, 8.125]},
			"faces": {
				"north": {"uv": [7, 11, 7.5, 12], "texture": "#0"},
				"east": {"uv": [10.5, 11, 11, 12], "texture": "#0"},
				"south": {"uv": [11, 11, 11.5, 12], "texture": "#0"},
				"west": {"uv": [0, 11.5, 0.5, 12.5], "texture": "#0"},
				"up": {"uv": [10.5, 12, 10, 11.5], "texture": "#0"},
				"down": {"uv": [12, 11, 11.5, 11.5], "texture": "#0"}
			}
		},
		{
			"from": [8.125, 0.75, 7.125],
			"to": [10.125, 2.75, 9.125],
			"rotation": {"angle": 0, "axis": "y", "origin": [10.75, 15, 8.125]},
			"faces": {
				"north": {"uv": [4, 10, 5, 11], "texture": "#0"},
				"east": {"uv": [5, 10, 6, 11], "texture": "#0"},
				"south": {"uv": [10, 5, 11, 6], "texture": "#0"},
				"west": {"uv": [10, 6, 11, 7], "texture": "#0"},
				"up": {"uv": [9.5, 11, 8.5, 10], "texture": "#0"},
				"down": {"uv": [10.5, 10, 9.5, 11], "texture": "#0"}
			}
		},
		{
			"from": [7.225, 5, 7.225],
			"to": [9.025, 14, 9.025],
			"rotation": {"angle": 0, "axis": "y", "origin": [10, 14.25, 8.125]},
			"faces": {
				"north": {"uv": [4, 0, 5, 4.5], "texture": "#0"},
				"east": {"uv": [4, 4.5, 5, 9], "texture": "#0"},
				"south": {"uv": [5, 0, 6, 4.5], "texture": "#0"},
				"west": {"uv": [5, 4.5, 6, 9], "texture": "#0"},
				"up": {"uv": [1, 11.5, 0, 10.5], "texture": "#0"},
				"down": {"uv": [11.5, 0, 10.5, 1], "texture": "#0"}
			}
		},
		{
			"from": [11.8, 20, 7.75],
			"to": [13.8, 28, 8.5],
			"rotation": {"angle": -22.5, "axis": "z", "origin": [12.8, 24, 8.125]},
			"faces": {
				"north": {"uv": [6, 0, 7, 4], "texture": "#0"},
				"east": {"uv": [7, 3, 7.5, 7], "texture": "#0"},
				"south": {"uv": [6, 4, 7, 8], "texture": "#0"},
				"west": {"uv": [7, 7, 7.5, 11], "texture": "#0"},
				"up": {"uv": [12, 10, 11, 9.5], "texture": "#0"},
				"down": {"uv": [12.5, 0, 11.5, 0.5], "texture": "#0"}
			}
		},
		{
			"from": [10.2, 19, 7.8],
			"to": [12.7, 21.25, 8.45],
			"rotation": {"angle": 0, "axis": "y", "origin": [10.2, 19, 6.95]},
			"faces": {
				"north": {"uv": [8.5, 5, 10, 6], "texture": "#0"},
				"east": {"uv": [0.5, 11.5, 1, 12.5], "texture": "#0"},
				"south": {"uv": [8.5, 6, 10, 7], "texture": "#0"},
				"west": {"uv": [4, 11.5, 4.5, 12.5], "texture": "#0"},
				"up": {"uv": [12, 10.5, 10.5, 10], "texture": "#0"},
				"down": {"uv": [12, 10.5, 10.5, 11], "texture": "#0"}
			}
		},
		{
			"from": [10.95, 26.75, 7.8],
			"to": [14.95, 28.25, 8.45],
			"rotation": {"angle": 0, "axis": "y", "origin": [10.2, 19, 6.95]},
			"faces": {
				"north": {"uv": [7.5, 3, 9.5, 4], "texture": "#0"},
				"east": {"uv": [4.5, 11.5, 5, 12.5], "texture": "#0"},
				"south": {"uv": [7.5, 4, 9.5, 5], "texture": "#0"},
				"west": {"uv": [5, 11.5, 5.5, 12.5], "texture": "#0"},
				"up": {"uv": [3, 11, 1, 10.5], "texture": "#0"},
				"down": {"uv": [12.5, 1, 10.5, 1.5], "texture": "#0"}
			}
		},
		{
			"from": [10.95, 23.75, 7.8],
			"to": [13.45, 26.75, 8.45],
			"rotation": {"angle": 0, "axis": "y", "origin": [10.2, 19, 6.95]},
			"faces": {
				"north": {"uv": [7, 0, 8.5, 1.5], "texture": "#0"},
				"east": {"uv": [1, 11, 1.5, 12.5], "texture": "#0"},
				"south": {"uv": [7, 1.5, 8.5, 3], "texture": "#0"},
				"west": {"uv": [1.5, 11, 2, 12.5], "texture": "#0"},
				"up": {"uv": [12.5, 2, 11, 1.5], "texture": "#0"},
				"down": {"uv": [12.5, 2, 11, 2.5], "texture": "#0"}
			}
		},
		{
			"from": [9.95, 23.25, 7.8],
			"to": [10.95, 27.5, 8.45],
			"rotation": {"angle": 0, "axis": "y", "origin": [10.2, 19, 6.95]},
			"faces": {
				"north": {"uv": [10.5, 1.5, 11, 3.5], "texture": "#0"},
				"east": {"uv": [3, 10.5, 3.5, 12.5], "texture": "#0"},
				"south": {"uv": [3.5, 10.5, 4, 12.5], "texture": "#0"},
				"west": {"uv": [6, 10.5, 6.5, 12.5], "texture": "#0"},
				"up": {"uv": [12, 12, 11.5, 11.5], "texture": "#0"},
				"down": {"uv": [12.5, 2.5, 12, 3], "texture": "#0"}
			}
		},
		{
			"from": [10.95, 21.25, 7.8],
			"to": [12.7, 23.75, 8.45],
			"rotation": {"angle": 0, "axis": "y", "origin": [10.2, 19, 6.95]},
			"faces": {
				"north": {"uv": [8.5, 7, 9.5, 8.5], "texture": "#0"},
				"east": {"uv": [2, 11, 2.5, 12.5], "texture": "#0"},
				"south": {"uv": [8.5, 8.5, 9.5, 10], "texture": "#0"},
				"west": {"uv": [2.5, 11, 3, 12.5], "texture": "#0"},
				"up": {"uv": [12.5, 1, 11.5, 0.5], "texture": "#0"},
				"down": {"uv": [9.5, 11.5, 8.5, 12], "texture": "#0"}
			}
		}
	],
	"gui_light": "front",
	"display": {
		"thirdperson_righthand": {
			"rotation": [0, 90, 0],
			"translation": [0, -3, 1.5],
			"scale": [0.8, 0.8, 0.8]
		},
		"thirdperson_lefthand": {
			"rotation": [0, -90, 0],
			"translation": [0, -3, 1.5],
			"scale": [0.8, 0.8, 0.8]
		},
		"firstperson_righthand": {
			"rotation": [12, 90, 0],
			"translation": [0.5, -3.25, -1],
			"scale": [0.8, 0.8, 0.8]
		},
		"firstperson_lefthand": {
			"rotation": [12, -90, 0],
			"translation": [0.5, -3.25, -1],
			"scale": [0.8, 0.8, 0.8]
		},
		"ground": {
			"translation": [0, 1.75, 0],
			"scale": [0.5, 0.5, 0.5]
		},
		"gui": {
			"rotation": [0, 0, -45],
			"translation": [-3.5, -2.75, 0],
			"scale": [0.6, 0.6, 0.7]
		},
		"fixed": {
			"translation": [0, -4.75, 0]
		}
	},
	"groups": [
		{
			"name": "group",
			"origin": [7, 3, 7],
			"color": 0,
			"children": [0, 1, 2, 3, 4, 5, 6, 7, 8, 9, 10]
		},
		11,
		12,
		13,
		14,
		15,
		16
	]
}