{
	"credit": "Made with Blockbench",
	"textures": {
		"0": "item/taigadagger",
		"particle": "taigadagger"
	},
	"elements": [
		{
			"from": [7.25, -3, 7.25],
			"to": [8.75, 2, 8.75],
			"rotation": {"angle": 0, "axis": "y", "origin": [6.75, 0, 7.25]},
			"faces": {
				"north": {"uv": [0, 4, 2, 9], "texture": "#0"},
				"east": {"uv": [2, 4, 4, 9], "texture": "#0"},
				"south": {"uv": [4, 4, 6, 9], "texture": "#0"},
				"west": {"uv": [6, 0, 8, 5], "texture": "#0"},
				"up": {"uv": [6, 11, 4, 9], "texture": "#0"},
				"down": {"uv": [11, 5, 9, 7], "texture": "#0"}
			}
		},
		{
			"from": [7.65, -4.81194, 7.1427],
			"to": [9.15, -2.61194, 8.8427],
			"rotation": {"angle": 22.5, "axis": "z", "origin": [8.3, -3.71194, 7.9927]},
			"faces": {
				"north": {"uv": [13, 1, 14, 3], "texture": "#0"},
				"east": {"uv": [9, 7, 11, 9], "texture": "#0"},
				"south": {"uv": [13, 3, 14, 5], "texture": "#0"},
				"west": {"uv": [9, 9, 11, 11], "texture": "#0"},
				"up": {"uv": [5, 15, 4, 13], "texture": "#0"},
				"down": {"uv": [6, 13, 5, 15], "texture": "#0"}
			}
		},
		{
			"from": [8, -5, 7],
			"to": [10, -3, 9],
			"rotation": {"angle": 0, "axis": "y", "origin": [8, -5, 7]},
			"faces": {
				"north": {"uv": [6, 10, 8, 12], "texture": "#0"},
				"east": {"uv": [11, 0, 13, 2], "texture": "#0"},
				"south": {"uv": [11, 2, 13, 4], "texture": "#0"},
				"west": {"uv": [4, 11, 6, 13], "texture": "#0"},
				"up": {"uv": [13, 6, 11, 4], "texture": "#0"},
				"down": {"uv": [13, 6, 11, 8], "texture": "#0"}
			}
		},
		{
			"from": [7, 2, 7],
			"to": [10, 3, 9],
			"rotation": {"angle": 0, "axis": "y", "origin": [7, 2, 7]},
			"faces": {
				"north": {"uv": [12, 8, 15, 9], "texture": "#0"},
				"east": {"uv": [13, 5, 15, 6], "texture": "#0"},
				"south": {"uv": [12, 9, 15, 10], "texture": "#0"},
				"west": {"uv": [13, 6, 15, 7], "texture": "#0"},
				"up": {"uv": [11, 5, 8, 3], "texture": "#0"},
				"down": {"uv": [9, 8, 6, 10], "texture": "#0"}
			}
		},
		{
			"from": [7, 3, 7.75],
			"to": [9.75, 7, 8.25],
			"rotation": {"angle": 0, "axis": "y", "origin": [7, 3, 7]},
			"faces": {
				"north": {"uv": [0, 0, 3, 4], "texture": "#0"},
				"east": {"uv": [8, 10, 9, 14], "texture": "#0"},
				"south": {"uv": [3, 0, 6, 4], "texture": "#0"},
				"west": {"uv": [11, 8, 12, 12], "texture": "#0"},
				"up": {"uv": [15, 11, 12, 10], "texture": "#0"},
				"down": {"uv": [14, 12, 11, 13], "texture": "#0"}
			}
		},
		{
			"from": [7.9, 1.8, 7.5],
			"to": [9.9, 3.8, 8.5],
			"rotation": {"angle": 45, "axis": "z", "origin": [8.525, 2.3, 8]},
			"faces": {
				"north": {"uv": [9, 11, 11, 13], "texture": "#0"},
				"east": {"uv": [9, 13, 10, 15], "texture": "#0"},
				"south": {"uv": [0, 12, 2, 14], "texture": "#0"},
				"west": {"uv": [10, 13, 11, 15], "texture": "#0"},
				"up": {"uv": [15, 8, 13, 7], "texture": "#0"},
				"down": {"uv": [13, 13, 11, 14], "texture": "#0"}
			}
		},
		{
			"from": [7.25, 7, 7.75],
			"to": [10.25, 10, 8.25],
			"rotation": {"angle": 0, "axis": "y", "origin": [8, 7, 7]},
			"faces": {
				"north": {"uv": [6, 5, 9, 8], "texture": "#0"},
				"east": {"uv": [2, 12, 3, 15], "texture": "#0"},
				"south": {"uv": [8, 0, 11, 3], "texture": "#0"},
				"west": {"uv": [3, 12, 4, 15], "texture": "#0"},
				"up": {"uv": [15, 12, 12, 11], "texture": "#0"},
				"down": {"uv": [16, 0, 13, 1], "texture": "#0"}
			}
		},
		{
			"from": [8, 10, 7.75],
			"to": [10.25, 13, 8.25],
			"rotation": {"angle": 0, "axis": "y", "origin": [8, 10, 7]},
			"faces": {
				"north": {"uv": [0, 9, 2, 12], "texture": "#0"},
				"east": {"uv": [6, 12, 7, 15], "texture": "#0"},
				"south": {"uv": [2, 9, 4, 12], "texture": "#0"},
				"west": {"uv": [7, 12, 8, 15], "texture": "#0"},
				"up": {"uv": [15, 14, 13, 13], "texture": "#0"},
				"down": {"uv": [2, 14, 0, 15], "texture": "#0"}
			}
		},
		{
			"from": [7.75, 13, 7.75],
			"to": [9.75, 14, 8.25],
			"rotation": {"angle": 0, "axis": "y", "origin": [8, 13, 7]},
			"faces": {
				"north": {"uv": [14, 1, 16, 2], "texture": "#0"},
				"east": {"uv": [0, 15, 1, 16], "texture": "#0"},
				"south": {"uv": [14, 2, 16, 3], "texture": "#0"},
				"west": {"uv": [1, 15, 2, 16], "texture": "#0"},
				"up": {"uv": [16, 4, 14, 3], "texture": "#0"},
				"down": {"uv": [16, 4, 14, 5], "texture": "#0"}
			}
		},
		{
			"from": [7.5, 14, 7.75],
			"to": [8.65, 15, 8.25],
			"rotation": {"angle": 0, "axis": "y", "origin": [8, 14, 7]},
			"faces": {
				"north": {"uv": [8, 14, 9, 15], "texture": "#0"},
				"east": {"uv": [11, 14, 12, 15], "texture": "#0"},
				"south": {"uv": [12, 14, 13, 15], "texture": "#0"},
				"west": {"uv": [14, 12, 15, 13], "texture": "#0"},
				"up": {"uv": [14, 15, 13, 14], "texture": "#0"},
				"down": {"uv": [15, 14, 14, 15], "texture": "#0"}
			}
		}
	],
	"gui_light": "front",
	"display": {
		"thirdperson_righthand": {
			"rotation": [0, 90, 0],
			"translation": [-0.25, 4.25, 1],
			"scale": [0.7, 0.7, 0.7]
		},
		"thirdperson_lefthand": {
			"rotation": [0, -90, 0],
			"translation": [-0.25, 4.25, 1],
			"scale": [0.7, 0.7, 0.7]
		},
		"firstperson_righthand": {
			"rotation": [0, 90, 6],
			"translation": [-0.25, 4.25, 1.75],
			"scale": [0.7, 0.7, 0.7]
		},
		"firstperson_lefthand": {
			"rotation": [0, -90, -6],
			"translation": [-0.25, 4.25, 1.75],
			"scale": [0.7, 0.7, 0.7]
		},
		"ground": {
			"translation": [0, 4.25, 0],
			"scale": [0.5, 0.5, 0.5]
		},
		"gui": {
			"rotation": [0, 0, -45],
			"translation": [1.25, 2, 0],
			"scale": [0.8, 0.8, 0.8]
		},
		"fixed": {
			"translation": [0, 2.25, 0]
		}
	}
}