{
	"credit": "Made with Blockbench",
	"texture_size": [64, 64],
	"textures": {
		"0": "item/tuffsword",
		"particle": "tuffsword"
	},
	"elements": [
		{
			"from": [7, -6, 7],
			"to": [8.5, 2, 8.5],
			"faces": {
				"north": {"uv": [4, 2.5, 4.5, 4.5], "texture": "#0"},
				"east": {"uv": [4.5, 2.5, 5, 4.5], "texture": "#0"},
				"south": {"uv": [4, 4.5, 4.5, 6.5], "texture": "#0"},
				"west": {"uv": [4.5, 4.5, 5, 6.5], "texture": "#0"},
				"up": {"uv": [7.5, 1.75, 7, 1.25], "texture": "#0"},
				"down": {"uv": [7.5, 1.75, 7, 2.25], "texture": "#0"}
			}
		},
		{
			"from": [6.75, -8.5, 6.5],
			"to": [8.75, -6, 9],
			"faces": {
				"north": {"uv": [6, 0.75, 6.5, 1.5], "texture": "#0"},
				"east": {"uv": [5, 3.5, 5.75, 4.25], "texture": "#0"},
				"south": {"uv": [6, 1.5, 6.5, 2.25], "texture": "#0"},
				"west": {"uv": [5, 4.25, 5.75, 5], "texture": "#0"},
				"up": {"uv": [3.25, 6.75, 2.75, 6], "texture": "#0"},
				"down": {"uv": [6.5, 3.5, 6, 4.25], "texture": "#0"}
			}
		},
		{
			"from": [6.25, 2, 5.25],
			"to": [9.25, 4, 10.25],
			"faces": {
				"north": {"uv": [6, 4.25, 6.75, 4.75], "texture": "#0"},
				"east": {"uv": [5, 2.5, 6.25, 3], "texture": "#0"},
				"south": {"uv": [6, 4.75, 6.75, 5.25], "texture": "#0"},
				"west": {"uv": [5, 3, 6.25, 3.5], "texture": "#0"},
				"up": {"uv": [5.5, 1.25, 4.75, 0], "texture": "#0"},
				"down": {"uv": [5.5, 1.25, 4.75, 2.5], "texture": "#0"}
			}
		},
		{
			"from": [6.75, 2.5, 6.25],
			"to": [8.75, 5.5, 9.25],
			"rotation": {"angle": 45, "axis": "x", "origin": [7.75, 4, 7.75]},
			"faces": {
				"north": {"uv": [6, 5.25, 6.5, 6], "texture": "#0"},
				"east": {"uv": [5, 5, 5.75, 5.75], "texture": "#0"},
				"south": {"uv": [6, 6, 6.5, 6.75], "texture": "#0"},
				"west": {"uv": [5.5, 0, 6.25, 0.75], "texture": "#0"},
				"up": {"uv": [6.75, 0.75, 6.25, 0], "texture": "#0"},
				"down": {"uv": [6.75, 2.25, 6.25, 3], "texture": "#0"}
			}
		},
		{
			"from": [7.25, 2, 2.25],
			"to": [8.25, 3, 5.25],
			"faces": {
				"north": {"uv": [6, 2.25, 6.25, 2.5], "texture": "#0"},
				"east": {"uv": [7, 2.25, 7.75, 2.5], "texture": "#0"},
				"south": {"uv": [6.5, 2, 6.75, 2.25], "texture": "#0"},
				"west": {"uv": [7, 2.5, 7.75, 2.75], "texture": "#0"},
				"up": {"uv": [7.25, 3.5, 7, 2.75], "texture": "#0"},
				"down": {"uv": [7.25, 3.5, 7, 4.25], "texture": "#0"}
			}
		},
		{
			"from": [7.25, 3, 4.25],
			"to": [7.5, 12, 5.25],
			"faces": {
				"north": {"uv": [5.75, 3.5, 6, 5.75], "texture": "#0"},
				"east": {"uv": [5, 5.75, 5.25, 8], "texture": "#0"},
				"south": {"uv": [5.25, 5.75, 5.5, 8], "texture": "#0"},
				"west": {"uv": [5.5, 5.75, 5.75, 8], "texture": "#0"},
				"up": {"uv": [7.5, 1.25, 7.25, 1], "texture": "#0"},
				"down": {"uv": [7.75, 0, 7.5, 0.25], "texture": "#0"}
			}
		},
		{
			"from": [8, 3, 4.25],
			"to": [8.25, 12, 5.25],
			"faces": {
				"north": {"uv": [5.75, 5.75, 6, 8], "texture": "#0"},
				"east": {"uv": [0, 6, 0.25, 8.25], "texture": "#0"},
				"south": {"uv": [0.25, 6, 0.5, 8.25], "texture": "#0"},
				"west": {"uv": [0.5, 6, 0.75, 8.25], "texture": "#0"},
				"up": {"uv": [7.75, 0.5, 7.5, 0.25], "texture": "#0"},
				"down": {"uv": [7.75, 0.5, 7.5, 0.75], "texture": "#0"}
			}
		},
		{
			"from": [7.25, 12, 5.25],
			"to": [7.5, 17, 6.25],
			"faces": {
				"north": {"uv": [3.25, 6, 3.5, 7.25], "texture": "#0"},
				"east": {"uv": [6.5, 0.75, 6.75, 2], "texture": "#0"},
				"south": {"uv": [6.5, 3, 6.75, 4.25], "texture": "#0"},
				"west": {"uv": [4, 6.5, 4.25, 7.75], "texture": "#0"},
				"up": {"uv": [7.75, 1, 7.5, 0.75], "texture": "#0"},
				"down": {"uv": [7.75, 1, 7.5, 1.25], "texture": "#0"}
			}
		},
		{
			"from": [8, 12, 5.25],
			"to": [8.25, 17, 6.25],
			"faces": {
				"north": {"uv": [4.25, 6.5, 4.5, 7.75], "texture": "#0"},
				"east": {"uv": [4.5, 6.5, 4.75, 7.75], "texture": "#0"},
				"south": {"uv": [4.75, 6.5, 5, 7.75], "texture": "#0"},
				"west": {"uv": [6.5, 5.25, 6.75, 6.5], "texture": "#0"},
				"up": {"uv": [7.75, 1.5, 7.5, 1.25], "texture": "#0"},
				"down": {"uv": [7.75, 1.5, 7.5, 1.75], "texture": "#0"}
			}
		},
		{
			"from": [7.25, 17, 6.25],
			"to": [7.5, 19, 7.25],
			"faces": {
				"north": {"uv": [6.25, 3, 6.5, 3.5], "texture": "#0"},
				"east": {"uv": [7, 6.25, 7.25, 6.75], "texture": "#0"},
				"south": {"uv": [7, 6.75, 7.25, 7.25], "texture": "#0"},
				"west": {"uv": [7.25, 0, 7.5, 0.5], "texture": "#0"},
				"up": {"uv": [7.75, 2, 7.5, 1.75], "texture": "#0"},
				"down": {"uv": [7.75, 2, 7.5, 2.25], "texture": "#0"}
			}
		},
		{
			"from": [8, 17, 6.25],
			"to": [8.25, 19, 7.25],
			"faces": {
				"north": {"uv": [7.25, 0.5, 7.5, 1], "texture": "#0"},
				"east": {"uv": [7.25, 2.75, 7.5, 3.25], "texture": "#0"},
				"south": {"uv": [3.25, 7.25, 3.5, 7.75], "texture": "#0"},
				"west": {"uv": [7.25, 3.25, 7.5, 3.75], "texture": "#0"},
				"up": {"uv": [7.75, 3, 7.5, 2.75], "texture": "#0"},
				"down": {"uv": [7.75, 3, 7.5, 3.25], "texture": "#0"}
			}
		},
		{
			"from": [7.25, 19, 7.25],
			"to": [7.5, 20, 8.25],
			"faces": {
				"north": {"uv": [7.5, 3.25, 7.75, 3.5], "texture": "#0"},
				"east": {"uv": [7.5, 3.5, 7.75, 3.75], "texture": "#0"},
				"south": {"uv": [7.5, 3.75, 7.75, 4], "texture": "#0"},
				"west": {"uv": [7.5, 4, 7.75, 4.25], "texture": "#0"},
				"up": {"uv": [7.75, 5, 7.5, 4.75], "texture": "#0"},
				"down": {"uv": [7.75, 5, 7.5, 5.25], "texture": "#0"}
			}
		},
		{
			"from": [8, 19, 7.25],
			"to": [8.25, 20, 8.25],
			"faces": {
				"north": {"uv": [7.5, 5.25, 7.75, 5.5], "texture": "#0"},
				"east": {"uv": [7.5, 5.5, 7.75, 5.75], "texture": "#0"},
				"south": {"uv": [7.5, 5.75, 7.75, 6], "texture": "#0"},
				"west": {"uv": [7.5, 6, 7.75, 6.25], "texture": "#0"},
				"up": {"uv": [7.75, 6.5, 7.5, 6.25], "texture": "#0"},
				"down": {"uv": [7.75, 6.5, 7.5, 6.75], "texture": "#0"}
			}
		},
		{
			"from": [7.25, 17, 8.25],
			"to": [7.5, 19, 9.25],
			"faces": {
				"north": {"uv": [7.25, 3.75, 7.5, 4.25], "texture": "#0"},
				"east": {"uv": [7.25, 4.75, 7.5, 5.25], "texture": "#0"},
				"south": {"uv": [7.25, 5.25, 7.5, 5.75], "texture": "#0"},
				"west": {"uv": [7.25, 5.75, 7.5, 6.25], "texture": "#0"},
				"up": {"uv": [7, 7.75, 6.75, 7.5], "texture": "#0"},
				"down": {"uv": [7.75, 6.75, 7.5, 7], "texture": "#0"}
			}
		},
		{
			"from": [8, 17, 8.25],
			"to": [8.25, 19, 9.25],
			"faces": {
				"north": {"uv": [7.25, 6.25, 7.5, 6.75], "texture": "#0"},
				"east": {"uv": [7.25, 6.75, 7.5, 7.25], "texture": "#0"},
				"south": {"uv": [7, 7.25, 7.25, 7.75], "texture": "#0"},
				"west": {"uv": [7.25, 7.25, 7.5, 7.75], "texture": "#0"},
				"up": {"uv": [7.75, 7.25, 7.5, 7], "texture": "#0"},
				"down": {"uv": [7.75, 7.25, 7.5, 7.5], "texture": "#0"}
			}
		},
		{
			"from": [7.25, 12, 9.25],
			"to": [7.5, 17, 10.25],
			"faces": {
				"north": {"uv": [6.5, 6.5, 6.75, 7.75], "texture": "#0"},
				"east": {"uv": [6.75, 0, 7, 1.25], "texture": "#0"},
				"south": {"uv": [6.75, 1.25, 7, 2.5], "texture": "#0"},
				"west": {"uv": [6.75, 2.5, 7, 3.75], "texture": "#0"},
				"up": {"uv": [7.75, 7.75, 7.5, 7.5], "texture": "#0"},
				"down": {"uv": [8, 0, 7.75, 0.25], "texture": "#0"}
			}
		},
		{
			"from": [8, 12, 9.25],
			"to": [8.25, 17, 10.25],
			"faces": {
				"north": {"uv": [2.75, 6.75, 3, 8], "texture": "#0"},
				"east": {"uv": [3, 6.75, 3.25, 8], "texture": "#0"},
				"south": {"uv": [6.75, 3.75, 7, 5], "texture": "#0"},
				"west": {"uv": [6.75, 5, 7, 6.25], "texture": "#0"},
				"up": {"uv": [8, 0.5, 7.75, 0.25], "texture": "#0"},
				"down": {"uv": [8, 0.5, 7.75, 0.75], "texture": "#0"}
			}
		},
		{
			"from": [7.25, 3, 10.25],
			"to": [7.5, 12, 11.25],
			"faces": {
				"north": {"uv": [0.75, 6, 1, 8.25], "texture": "#0"},
				"east": {"uv": [1, 6, 1.25, 8.25], "texture": "#0"},
				"south": {"uv": [1.25, 6, 1.5, 8.25], "texture": "#0"},
				"west": {"uv": [1.5, 6, 1.75, 8.25], "texture": "#0"},
				"up": {"uv": [8, 1, 7.75, 0.75], "texture": "#0"},
				"down": {"uv": [8, 1, 7.75, 1.25], "texture": "#0"}
			}
		},
		{
			"from": [8, 3, 10.25],
			"to": [8.25, 12, 11.25],
			"faces": {
				"north": {"uv": [1.75, 6, 2, 8.25], "texture": "#0"},
				"east": {"uv": [2, 6, 2.25, 8.25], "texture": "#0"},
				"south": {"uv": [2.25, 6, 2.5, 8.25], "texture": "#0"},
				"west": {"uv": [2.5, 6, 2.75, 8.25], "texture": "#0"},
				"up": {"uv": [8, 1.5, 7.75, 1.25], "texture": "#0"},
				"down": {"uv": [8, 1.5, 7.75, 1.75], "texture": "#0"}
			}
		},
		{
			"from": [7.25, 2, 10.25],
			"to": [8.25, 3, 13.25],
			"faces": {
				"north": {"uv": [7.75, 1.75, 8, 2], "texture": "#0"},
				"east": {"uv": [7, 4.25, 7.75, 4.5], "texture": "#0"},
				"south": {"uv": [7.75, 2, 8, 2.25], "texture": "#0"},
				"west": {"uv": [7, 4.5, 7.75, 4.75], "texture": "#0"},
				"up": {"uv": [7.25, 5.5, 7, 4.75], "texture": "#0"},
				"down": {"uv": [7.25, 5.5, 7, 6.25], "texture": "#0"}
			}
		},
		{
			"from": [7.5, 3, 4.25],
			"to": [8, 27, 11.25],
			"faces": {
				"north": {"uv": [3.5, 2.5, 3.75, 8.5], "texture": "#0"},
				"east": {"uv": [0, 0, 1.75, 6], "texture": "#0"},
				"south": {"uv": [3.75, 2.5, 4, 8.5], "texture": "#0"},
				"west": {"uv": [1.75, 0, 3.5, 6], "texture": "#0"},
				"up": {"uv": [5.75, 2.5, 5.5, 0.75], "texture": "#0"},
				"down": {"uv": [6, 0.75, 5.75, 2.5], "texture": "#0"}
			}
		},
		{
			"from": [7.55, 24.55, 5.25],
			"to": [7.95, 29.5, 10.2],
			"rotation": {"angle": 45, "axis": "x", "origin": [7.75, 26.975, 7.725]},
			"faces": {
				"north": {"uv": [6, 6.75, 6.25, 8], "texture": "#0"},
				"east": {"uv": [3.5, 0, 4.75, 1.25], "texture": "#0"},
				"south": {"uv": [6.25, 6.75, 6.5, 8], "texture": "#0"},
				"west": {"uv": [3.5, 1.25, 4.75, 2.5], "texture": "#0"},
				"up": {"uv": [7, 7.5, 6.75, 6.25], "texture": "#0"},
				"down": {"uv": [7.25, 0, 7, 1.25], "texture": "#0"}
			}
		}
	],
	"gui_light": "front",
	"display": {
		"thirdperson_righthand": {
			"translation": [0, 4.5, 1.25],
			"scale": [0.7, 0.7, 0.7]
		},
		"thirdperson_lefthand": {
			"translation": [0, 4.5, 1.25],
			"scale": [0.7, 0.7, 0.7]
		},
		"firstperson_righthand": {
			"rotation": [12, 0, 0],
			"scale": [0.7, 0.7, 0.7]
		},
		"firstperson_lefthand": {
			"rotation": [12, 0, 0],
			"scale": [0.7, 0.7, 0.7]
		},
		"ground": {
			"translation": [0, 4.75, 0],
			"scale": [0.5, 0.5, 0.5]
		},
		"gui": {
			"rotation": [90, 45, -90],
			"translation": [-0.75, -1, 0],
			"scale": [0.5, 0.5, 0.5]
		},
		"fixed": {
			"rotation": [0, 90, 0],
			"translation": [0, 0, -0.25]
		}
	}
}