{
	"credit": "Made with Blockbench",
	"texture_size": [32, 32],
	"textures": {
		"0": "item/tuffhammer",
		"particle": "tuffhammer"
	},
	"elements": [
		{
			"from": [7, -1, 7],
			"to": [8.5, 9, 8.5],
			"faces": {
				"north": {"uv": [5, 1.5, 6, 6.5], "texture": "#0"},
				"east": {"uv": [0, 5.5, 1, 10.5], "texture": "#0"},
				"south": {"uv": [1, 5.5, 2, 10.5], "texture": "#0"},
				"west": {"uv": [2, 5.5, 3, 10.5], "texture": "#0"},
				"up": {"uv": [10, 4.5, 9, 3.5], "texture": "#0"},
				"down": {"uv": [9, 9, 8, 10], "texture": "#0"}
			}
		},
		{
			"from": [6.75, 1, 6.75],
			"to": [8.75, 6, 8.75],
			"faces": {
				"north": {"uv": [3, 7.5, 4, 10], "texture": "#0"},
				"east": {"uv": [4, 8, 5, 10.5], "texture": "#0"},
				"south": {"uv": [5, 8, 6, 10.5], "texture": "#0"},
				"west": {"uv": [6, 8, 7, 10.5], "texture": "#0"},
				"up": {"uv": [10, 10, 9, 9], "texture": "#0"},
				"down": {"uv": [11, 0, 10, 1], "texture": "#0"}
			}
		},
		{
			"from": [3, 9, 6.25],
			"to": [12.5, 13, 9.25],
			"faces": {
				"north": {"uv": [0, 0, 5, 2], "texture": "#0"},
				"east": {"uv": [3, 5.5, 4.5, 7.5], "texture": "#0"},
				"south": {"uv": [0, 2, 5, 4], "texture": "#0"},
				"west": {"uv": [6, 4.5, 7.5, 6.5], "texture": "#0"},
				"up": {"uv": [5, 5.5, 0, 4], "texture": "#0"},
				"down": {"uv": [10, 0, 5, 1.5], "texture": "#0"}
			}
		},
		{
			"from": [3, 9, 6],
			"to": [12.5, 10, 6.25],
			"faces": {
				"north": {"uv": [7.5, 4.5, 12.5, 5], "texture": "#0"},
				"east": {"uv": [4.5, 5.5, 5, 6], "texture": "#0"},
				"south": {"uv": [7.5, 5, 12.5, 5.5], "texture": "#0"},
				"west": {"uv": [4.5, 6, 5, 6.5], "texture": "#0"},
				"up": {"uv": [12.5, 6, 7.5, 5.5], "texture": "#0"},
				"down": {"uv": [12.5, 6, 7.5, 6.5], "texture": "#0"}
			}
		},
		{
			"from": [3, 9, 9.25],
			"to": [12.5, 10, 9.5],
			"faces": {
				"north": {"uv": [7, 8, 12, 8.5], "texture": "#0"},
				"east": {"uv": [4, 7.5, 4.5, 8], "texture": "#0"},
				"south": {"uv": [8.5, 6.5, 13.5, 7], "texture": "#0"},
				"west": {"uv": [12.5, 6, 13, 6.5], "texture": "#0"},
				"up": {"uv": [12, 9, 7, 8.5], "texture": "#0"},
				"down": {"uv": [13.5, 7, 8.5, 7.5], "texture": "#0"}
			}
		},
		{
			"from": [11.5, 10, 6],
			"to": [12.5, 13, 6.25],
			"faces": {
				"north": {"uv": [8, 11, 8.5, 12.5], "texture": "#0"},
				"east": {"uv": [8.5, 11, 9, 12.5], "texture": "#0"},
				"south": {"uv": [9, 11, 9.5, 12.5], "texture": "#0"},
				"west": {"uv": [11, 9, 11.5, 10.5], "texture": "#0"},
				"up": {"uv": [7.5, 13, 7, 12.5], "texture": "#0"},
				"down": {"uv": [8, 12.5, 7.5, 13], "texture": "#0"}
			}
		},
		{
			"from": [11.5, 10, 9.25],
			"to": [12.5, 13, 9.5],
			"faces": {
				"north": {"uv": [9.5, 11, 10, 12.5], "texture": "#0"},
				"east": {"uv": [10, 11, 10.5, 12.5], "texture": "#0"},
				"south": {"uv": [10.5, 11, 11, 12.5], "texture": "#0"},
				"west": {"uv": [11, 10.5, 11.5, 12], "texture": "#0"},
				"up": {"uv": [8.5, 13, 8, 12.5], "texture": "#0"},
				"down": {"uv": [9, 12.5, 8.5, 13], "texture": "#0"}
			}
		},
		{
			"from": [10.5, 12, 6],
			"to": [11.5, 13, 6.25],
			"faces": {
				"north": {"uv": [9, 12.5, 9.5, 13], "texture": "#0"},
				"east": {"uv": [9.5, 12.5, 10, 13], "texture": "#0"},
				"south": {"uv": [10, 12.5, 10.5, 13], "texture": "#0"},
				"west": {"uv": [10.5, 12.5, 11, 13], "texture": "#0"},
				"up": {"uv": [13, 11, 12.5, 10.5], "texture": "#0"},
				"down": {"uv": [11.5, 12.5, 11, 13], "texture": "#0"}
			}
		},
		{
			"from": [10.5, 12, 9.25],
			"to": [11.5, 13, 9.5],
			"faces": {
				"north": {"uv": [12.5, 11, 13, 11.5], "texture": "#0"},
				"east": {"uv": [11.5, 12.5, 12, 13], "texture": "#0"},
				"south": {"uv": [12.5, 11.5, 13, 12], "texture": "#0"},
				"west": {"uv": [12, 12.5, 12.5, 13], "texture": "#0"},
				"up": {"uv": [13, 13, 12.5, 12.5], "texture": "#0"},
				"down": {"uv": [0.5, 13, 0, 13.5], "texture": "#0"}
			}
		},
		{
			"from": [8.5, 13, 6],
			"to": [10.5, 14, 6.25],
			"faces": {
				"north": {"uv": [11.5, 10.5, 12.5, 11], "texture": "#0"},
				"east": {"uv": [13, 0, 13.5, 0.5], "texture": "#0"},
				"south": {"uv": [11.5, 11, 12.5, 11.5], "texture": "#0"},
				"west": {"uv": [0.5, 13, 1, 13.5], "texture": "#0"},
				"up": {"uv": [12.5, 12, 11.5, 11.5], "texture": "#0"},
				"down": {"uv": [13, 0, 12, 0.5], "texture": "#0"}
			}
		},
		{
			"from": [8.5, 13, 9.25],
			"to": [10.5, 14, 9.5],
			"faces": {
				"north": {"uv": [12, 0.5, 13, 1], "texture": "#0"},
				"east": {"uv": [13, 0.5, 13.5, 1], "texture": "#0"},
				"south": {"uv": [12, 1, 13, 1.5], "texture": "#0"},
				"west": {"uv": [1, 13, 1.5, 13.5], "texture": "#0"},
				"up": {"uv": [13, 2, 12, 1.5], "texture": "#0"},
				"down": {"uv": [13, 2, 12, 2.5], "texture": "#0"}
			}
		},
		{
			"from": [7, 14, 6],
			"to": [8.5, 15, 6.25],
			"faces": {
				"north": {"uv": [12, 2.5, 13, 3], "texture": "#0"},
				"east": {"uv": [13, 1, 13.5, 1.5], "texture": "#0"},
				"south": {"uv": [3, 12, 4, 12.5], "texture": "#0"},
				"west": {"uv": [1.5, 13, 2, 13.5], "texture": "#0"},
				"up": {"uv": [13, 3.5, 12, 3], "texture": "#0"},
				"down": {"uv": [13, 3.5, 12, 4], "texture": "#0"}
			}
		},
		{
			"from": [7, 14, 9.25],
			"to": [8.5, 15, 9.5],
			"faces": {
				"north": {"uv": [12, 4, 13, 4.5], "texture": "#0"},
				"east": {"uv": [13, 1.5, 13.5, 2], "texture": "#0"},
				"south": {"uv": [5, 12, 6, 12.5], "texture": "#0"},
				"west": {"uv": [2, 13, 2.5, 13.5], "texture": "#0"},
				"up": {"uv": [7, 12.5, 6, 12], "texture": "#0"},
				"down": {"uv": [8, 12, 7, 12.5], "texture": "#0"}
			}
		},
		{
			"from": [3, 10, 6],
			"to": [4, 13, 6.25],
			"faces": {
				"north": {"uv": [0, 11.5, 0.5, 13], "texture": "#0"},
				"east": {"uv": [0.5, 11.5, 1, 13], "texture": "#0"},
				"south": {"uv": [1, 11.5, 1.5, 13], "texture": "#0"},
				"west": {"uv": [1.5, 11.5, 2, 13], "texture": "#0"},
				"up": {"uv": [13.5, 2.5, 13, 2], "texture": "#0"},
				"down": {"uv": [3, 13, 2.5, 13.5], "texture": "#0"}
			}
		},
		{
			"from": [3, 10, 9.25],
			"to": [4, 13, 9.5],
			"faces": {
				"north": {"uv": [2, 11.5, 2.5, 13], "texture": "#0"},
				"east": {"uv": [2.5, 11.5, 3, 13], "texture": "#0"},
				"south": {"uv": [4, 11.5, 4.5, 13], "texture": "#0"},
				"west": {"uv": [4.5, 11.5, 5, 13], "texture": "#0"},
				"up": {"uv": [13.5, 3, 13, 2.5], "texture": "#0"},
				"down": {"uv": [3.5, 13, 3, 13.5], "texture": "#0"}
			}
		},
		{
			"from": [4, 12, 6],
			"to": [5, 13, 6.25],
			"faces": {
				"north": {"uv": [13, 3, 13.5, 3.5], "texture": "#0"},
				"east": {"uv": [3.5, 13, 4, 13.5], "texture": "#0"},
				"south": {"uv": [13, 3.5, 13.5, 4], "texture": "#0"},
				"west": {"uv": [4, 13, 4.5, 13.5], "texture": "#0"},
				"up": {"uv": [13.5, 4.5, 13, 4], "texture": "#0"},
				"down": {"uv": [5, 13, 4.5, 13.5], "texture": "#0"}
			}
		},
		{
			"from": [4, 12, 9.25],
			"to": [5, 13, 9.5],
			"faces": {
				"north": {"uv": [5, 13, 5.5, 13.5], "texture": "#0"},
				"east": {"uv": [5.5, 13, 6, 13.5], "texture": "#0"},
				"south": {"uv": [6, 13, 6.5, 13.5], "texture": "#0"},
				"west": {"uv": [13, 6, 13.5, 6.5], "texture": "#0"},
				"up": {"uv": [7, 13.5, 6.5, 13], "texture": "#0"},
				"down": {"uv": [7.5, 13, 7, 13.5], "texture": "#0"}
			}
		},
		{
			"from": [5, 13, 6],
			"to": [7, 14, 6.25],
			"faces": {
				"north": {"uv": [12, 8, 13, 8.5], "texture": "#0"},
				"east": {"uv": [7.5, 13, 8, 13.5], "texture": "#0"},
				"south": {"uv": [12, 8.5, 13, 9], "texture": "#0"},
				"west": {"uv": [13, 7.5, 13.5, 8], "texture": "#0"},
				"up": {"uv": [12, 12.5, 11, 12], "texture": "#0"},
				"down": {"uv": [13, 12, 12, 12.5], "texture": "#0"}
			}
		},
		{
			"from": [5, 13, 9.25],
			"to": [7, 14, 9.5],
			"faces": {
				"north": {"uv": [3, 12.5, 4, 13], "texture": "#0"},
				"east": {"uv": [8, 13, 8.5, 13.5], "texture": "#0"},
				"south": {"uv": [12.5, 4.5, 13.5, 5], "texture": "#0"},
				"west": {"uv": [13, 8, 13.5, 8.5], "texture": "#0"},
				"up": {"uv": [6, 13, 5, 12.5], "texture": "#0"},
				"down": {"uv": [13.5, 5, 12.5, 5.5], "texture": "#0"}
			}
		},
		{
			"from": [6, 8, 6.5],
			"to": [9.5, 9, 9],
			"faces": {
				"north": {"uv": [10, 1, 12, 1.5], "texture": "#0"},
				"east": {"uv": [5, 11.5, 6.5, 12], "texture": "#0"},
				"south": {"uv": [10, 2, 12, 2.5], "texture": "#0"},
				"west": {"uv": [6.5, 11.5, 8, 12], "texture": "#0"},
				"up": {"uv": [6.5, 8, 4.5, 6.5], "texture": "#0"},
				"down": {"uv": [8.5, 6.5, 6.5, 8], "texture": "#0"}
			}
		},
		{
			"from": [5, 13, 6.25],
			"to": [10.5, 14, 9.25],
			"faces": {
				"north": {"uv": [8.5, 7.5, 11.5, 8], "texture": "#0"},
				"east": {"uv": [11.5, 7.5, 13, 8], "texture": "#0"},
				"south": {"uv": [9, 1.5, 12, 2], "texture": "#0"},
				"west": {"uv": [11.5, 9, 13, 9.5], "texture": "#0"},
				"up": {"uv": [9, 3, 6, 1.5], "texture": "#0"},
				"down": {"uv": [9, 3, 6, 4.5], "texture": "#0"}
			}
		},
		{
			"from": [7, 14, 6.25],
			"to": [8.5, 15, 9.25],
			"faces": {
				"north": {"uv": [12.5, 5.5, 13.5, 6], "texture": "#0"},
				"east": {"uv": [11.5, 9.5, 13, 10], "texture": "#0"},
				"south": {"uv": [6, 12.5, 7, 13], "texture": "#0"},
				"west": {"uv": [11.5, 10, 13, 10.5], "texture": "#0"},
				"up": {"uv": [10, 3.5, 9, 2], "texture": "#0"},
				"down": {"uv": [8, 9, 7, 10.5], "texture": "#0"}
			}
		},
		{
			"from": [6.75, -2, 6.75],
			"to": [8.75, 0, 8.75],
			"rotation": {"angle": -45, "axis": "z", "origin": [7.75, -1, 7.75]},
			"faces": {
				"north": {"uv": [10, 2.5, 11, 3.5], "texture": "#0"},
				"east": {"uv": [3, 10, 4, 11], "texture": "#0"},
				"south": {"uv": [10, 3.5, 11, 4.5], "texture": "#0"},
				"west": {"uv": [8, 10, 9, 11], "texture": "#0"},
				"up": {"uv": [10, 11, 9, 10], "texture": "#0"},
				"down": {"uv": [11, 9, 10, 10], "texture": "#0"}
			}
		},
		{
			"from": [5.25, -2, 6.75],
			"to": [6.75, -0.5, 8.75],
			"rotation": {"angle": -45, "axis": "z", "origin": [7.75, -1, 7.75]},
			"faces": {
				"north": {"uv": [10, 10, 11, 11], "texture": "#0"},
				"east": {"uv": [0, 10.5, 1, 11.5], "texture": "#0"},
				"south": {"uv": [1, 10.5, 2, 11.5], "texture": "#0"},
				"west": {"uv": [2, 10.5, 3, 11.5], "texture": "#0"},
				"up": {"uv": [5, 11.5, 4, 10.5], "texture": "#0"},
				"down": {"uv": [6, 10.5, 5, 11.5], "texture": "#0"}
			}
		},
		{
			"from": [7.25, 0, 6.75],
			"to": [8.75, 1.5, 8.75],
			"rotation": {"angle": -45, "axis": "z", "origin": [7.75, -1, 7.75]},
			"faces": {
				"north": {"uv": [6, 10.5, 7, 11.5], "texture": "#0"},
				"east": {"uv": [7, 10.5, 8, 11.5], "texture": "#0"},
				"south": {"uv": [11, 0, 12, 1], "texture": "#0"},
				"west": {"uv": [11, 2.5, 12, 3.5], "texture": "#0"},
				"up": {"uv": [4, 12, 3, 11], "texture": "#0"},
				"down": {"uv": [12, 3.5, 11, 4.5], "texture": "#0"}
			}
		}
	],
	"gui_light": "front",
	"display": {
		"thirdperson_righthand": {
			"rotation": [0, 90, 0],
			"translation": [0, 1.75, 1],
			"scale": [0.8, 0.8, 0.8]
		},
		"thirdperson_lefthand": {
			"rotation": [0, -90, 0],
			"translation": [-0.25, 1.75, 1],
			"scale": [0.8, 0.8, 0.8]
		},
		"firstperson_righthand": {
			"rotation": [7, 90, 0],
			"translation": [0, 3, -1.25]
		},
		"firstperson_lefthand": {
			"rotation": [7, 90, 0],
			"translation": [0.75, 3, -1.25]
		},
		"ground": {
			"translation": [0, 1.75, 0],
			"scale": [0.5, 0.5, 0.5]
		},
		"gui": {
			"rotation": [0, 0, -45],
			"translation": [0.75, 0.5, 0]
		},
		"fixed": {
			"translation": [0, 1.75, 0]
		}
	}
}