{
	"credit": "Made with Blockbench",
	"texture_size": [64, 64],
	"textures": {
		"0": "item/tuffshield",
		"particle": "tuffshield"
	},
	"elements": [
		{
			"from": [3, -1, 0],
			"to": [5, 15, 16],
			"rotation": {"angle": 0, "axis": "y", "origin": [3, 0, 7]},
			"faces": {
				"north": {"uv": [4, 3, 4.5, 7], "texture": "#0"},
				"east": {"uv": [0, 0, 4, 4], "texture": "#0"},
				"south": {"uv": [4.5, 3, 5, 7], "texture": "#0"},
				"west": {"uv": [0, 4, 4, 8], "texture": "#0"},
				"up": {"uv": [5.5, 7, 5, 3], "texture": "#0"},
				"down": {"uv": [6, 3, 5.5, 7], "texture": "#0"}
			}
		},
		{
			"from": [5, 5, 4],
			"to": [6, 11, 12],
			"rotation": {"angle": 0, "axis": "y", "origin": [5, -1, 7]},
			"faces": {
				"north": {"uv": [0.5, 8, 0.75, 9.5], "texture": "#0"},
				"east": {"uv": [4, 0, 6, 1.5], "texture": "#0"},
				"south": {"uv": [8, 0.5, 8.25, 2], "texture": "#0"},
				"west": {"uv": [4, 1.5, 6, 3], "texture": "#0"},
				"up": {"uv": [6.5, 9.75, 6.25, 7.75], "texture": "#0"},
				"down": {"uv": [6.75, 7.75, 6.5, 9.75], "texture": "#0"}
			}
		},
		{
			"from": [5, 6, 12],
			"to": [6, 7, 12.25],
			"rotation": {"angle": 0, "axis": "y", "origin": [5, -1, 8]},
			"faces": {
				"north": {"uv": [2.75, 8.5, 3, 8.75], "texture": "#0"},
				"east": {"uv": [8.5, 5.25, 8.75, 5.5], "texture": "#0"},
				"south": {"uv": [8.5, 5.5, 8.75, 5.75], "texture": "#0"},
				"west": {"uv": [6.75, 8.5, 7, 8.75], "texture": "#0"},
				"up": {"uv": [7.25, 8.75, 7, 8.5], "texture": "#0"},
				"down": {"uv": [8.75, 7, 8.5, 7.25], "texture": "#0"}
			}
		},
		{
			"from": [5, 6, 3.75],
			"to": [6, 7, 4],
			"rotation": {"angle": 0, "axis": "y", "origin": [5, -1, -0.25]},
			"faces": {
				"north": {"uv": [8.5, 7.25, 8.75, 7.5], "texture": "#0"},
				"east": {"uv": [7.5, 8.5, 7.75, 8.75], "texture": "#0"},
				"south": {"uv": [7.75, 8.5, 8, 8.75], "texture": "#0"},
				"west": {"uv": [8.5, 8, 8.75, 8.25], "texture": "#0"},
				"up": {"uv": [8.5, 8.75, 8.25, 8.5], "texture": "#0"},
				"down": {"uv": [8.75, 8.25, 8.5, 8.5], "texture": "#0"}
			}
		},
		{
			"from": [5, 3, 4],
			"to": [6, 4, 12],
			"rotation": {"angle": 0, "axis": "y", "origin": [5, -8, 7]},
			"faces": {
				"north": {"uv": [8.5, 8.5, 8.75, 8.75], "texture": "#0"},
				"east": {"uv": [7.75, 6, 9.75, 6.25], "texture": "#0"},
				"south": {"uv": [8.75, 0.5, 9, 0.75], "texture": "#0"},
				"west": {"uv": [6.75, 7.75, 8.75, 8], "texture": "#0"},
				"up": {"uv": [0.25, 10, 0, 8], "texture": "#0"},
				"down": {"uv": [0.5, 8, 0.25, 10], "texture": "#0"}
			}
		},
		{
			"from": [5, 4, 6],
			"to": [6, 5, 10],
			"rotation": {"angle": 0, "axis": "y", "origin": [5, -7, 7]},
			"faces": {
				"north": {"uv": [8.75, 0.75, 9, 1], "texture": "#0"},
				"east": {"uv": [8, 2, 9, 2.25], "texture": "#0"},
				"south": {"uv": [1.25, 8.75, 1.5, 9], "texture": "#0"},
				"west": {"uv": [2.25, 8, 3.25, 8.25], "texture": "#0"},
				"up": {"uv": [8.25, 3.25, 8, 2.25], "texture": "#0"},
				"down": {"uv": [3.5, 8, 3.25, 9], "texture": "#0"}
			}
		},
		{
			"from": [5, 4, 10],
			"to": [5.75, 5, 12],
			"rotation": {"angle": 0, "axis": "y", "origin": [5, -7, 9]},
			"faces": {
				"north": {"uv": [1.5, 8.75, 1.75, 9], "texture": "#0"},
				"east": {"uv": [8.25, 3.75, 8.75, 4], "texture": "#0"},
				"south": {"uv": [8.75, 1.75, 9, 2], "texture": "#0"},
				"west": {"uv": [8.25, 4, 8.75, 4.25], "texture": "#0"},
				"up": {"uv": [3.25, 8.75, 3, 8.25], "texture": "#0"},
				"down": {"uv": [8.5, 4.25, 8.25, 4.75], "texture": "#0"}
			}
		},
		{
			"from": [6, 5, 9],
			"to": [6.25, 6, 12],
			"rotation": {"angle": 0, "axis": "y", "origin": [6, -6, 9]},
			"faces": {
				"north": {"uv": [8.75, 2.25, 9, 2.5], "texture": "#0"},
				"east": {"uv": [8, 3.25, 8.75, 3.5], "texture": "#0"},
				"south": {"uv": [8.75, 2.5, 9, 2.75], "texture": "#0"},
				"west": {"uv": [7.25, 8, 8, 8.25], "texture": "#0"},
				"up": {"uv": [8.25, 8.75, 8, 8], "texture": "#0"},
				"down": {"uv": [8.5, 0.5, 8.25, 1.25], "texture": "#0"}
			}
		},
		{
			"from": [6, 5, 4],
			"to": [6.25, 6, 7],
			"rotation": {"angle": 0, "axis": "y", "origin": [6, -6, 4]},
			"faces": {
				"north": {"uv": [2.75, 8.75, 3, 9], "texture": "#0"},
				"east": {"uv": [8.25, 1.25, 9, 1.5], "texture": "#0"},
				"south": {"uv": [3, 8.75, 3.25, 9], "texture": "#0"},
				"west": {"uv": [8.25, 1.5, 9, 1.75], "texture": "#0"},
				"up": {"uv": [2.5, 9, 2.25, 8.25], "texture": "#0"},
				"down": {"uv": [8.5, 2.25, 8.25, 3], "texture": "#0"}
			}
		},
		{
			"from": [6, 6, 10],
			"to": [6.25, 7, 12.25],
			"rotation": {"angle": 0, "axis": "y", "origin": [6, -5, 10]},
			"faces": {
				"north": {"uv": [8.75, 3, 9, 3.25], "texture": "#0"},
				"east": {"uv": [8.25, 4.75, 8.75, 5], "texture": "#0"},
				"south": {"uv": [8.75, 3.25, 9, 3.5], "texture": "#0"},
				"west": {"uv": [8.25, 5, 8.75, 5.25], "texture": "#0"},
				"up": {"uv": [8.5, 5.75, 8.25, 5.25], "texture": "#0"},
				"down": {"uv": [7.5, 8.25, 7.25, 8.75], "texture": "#0"}
			}
		},
		{
			"from": [6, 6, 3.75],
			"to": [6.25, 7, 6],
			"rotation": {"angle": 0, "axis": "y", "origin": [6, -5, 3.75]},
			"faces": {
				"north": {"uv": [3.5, 8.75, 3.75, 9], "texture": "#0"},
				"east": {"uv": [8.25, 5.75, 8.75, 6], "texture": "#0"},
				"south": {"uv": [8.75, 3.5, 9, 3.75], "texture": "#0"},
				"west": {"uv": [7.5, 8.25, 8, 8.5], "texture": "#0"},
				"up": {"uv": [8.5, 8.5, 8.25, 8], "texture": "#0"},
				"down": {"uv": [8.75, 0.5, 8.5, 1], "texture": "#0"}
			}
		},
		{
			"from": [5, 4, 4],
			"to": [5.75, 5, 6],
			"rotation": {"angle": 0, "axis": "y", "origin": [5, -7, 3]},
			"faces": {
				"north": {"uv": [3.75, 8.75, 4, 9], "texture": "#0"},
				"east": {"uv": [8.5, 1, 9, 1.25], "texture": "#0"},
				"south": {"uv": [8.75, 3.75, 9, 4], "texture": "#0"},
				"west": {"uv": [1.25, 8.5, 1.75, 8.75], "texture": "#0"},
				"up": {"uv": [2, 9, 1.75, 8.5], "texture": "#0"},
				"down": {"uv": [2.25, 8.5, 2, 9], "texture": "#0"}
			}
		},
		{
			"from": [5, 0, 1],
			"to": [5.5, 14, 2],
			"rotation": {"angle": 0, "axis": "y", "origin": [3, 0, 0]},
			"faces": {
				"north": {"uv": [6, 0, 6.25, 3.5], "texture": "#0"},
				"east": {"uv": [6, 3.5, 6.25, 7], "texture": "#0"},
				"south": {"uv": [6.25, 0, 6.5, 3.5], "texture": "#0"},
				"west": {"uv": [6.25, 3.5, 6.5, 7], "texture": "#0"},
				"up": {"uv": [9, 4.25, 8.75, 4], "texture": "#0"},
				"down": {"uv": [9, 4.75, 8.75, 5], "texture": "#0"}
			}
		},
		{
			"from": [5, 0, 14],
			"to": [5.5, 14, 15],
			"rotation": {"angle": 0, "axis": "y", "origin": [3, 0, 13]},
			"faces": {
				"north": {"uv": [6.5, 0, 6.75, 3.5], "texture": "#0"},
				"east": {"uv": [6.5, 3.5, 6.75, 7], "texture": "#0"},
				"south": {"uv": [6.75, 0, 7, 3.5], "texture": "#0"},
				"west": {"uv": [6.75, 3.5, 7, 7], "texture": "#0"},
				"up": {"uv": [9, 5.25, 8.75, 5], "texture": "#0"},
				"down": {"uv": [9, 5.25, 8.75, 5.5], "texture": "#0"}
			}
		},
		{
			"from": [5, 13, 2],
			"to": [5.5, 14, 14],
			"rotation": {"angle": 0, "axis": "y", "origin": [3, 0, 12]},
			"faces": {
				"north": {"uv": [8.75, 5.5, 9, 5.75], "texture": "#0"},
				"east": {"uv": [5.5, 7, 8.5, 7.25], "texture": "#0"},
				"south": {"uv": [8.75, 5.75, 9, 6], "texture": "#0"},
				"west": {"uv": [7.25, 0, 10.25, 0.25], "texture": "#0"},
				"up": {"uv": [7.5, 3.25, 7.25, 0.25], "texture": "#0"},
				"down": {"uv": [7.5, 3.25, 7.25, 6.25], "texture": "#0"}
			}
		},
		{
			"from": [5, 0, 2],
			"to": [5.5, 1, 14],
			"rotation": {"angle": 0, "axis": "y", "origin": [3, -13, 12]},
			"faces": {
				"north": {"uv": [6.75, 8.75, 7, 9], "texture": "#0"},
				"east": {"uv": [5.5, 7.25, 8.5, 7.5], "texture": "#0"},
				"south": {"uv": [7, 8.75, 7.25, 9], "texture": "#0"},
				"west": {"uv": [7.25, 6.25, 10.25, 6.5], "texture": "#0"},
				"up": {"uv": [7.75, 3.25, 7.5, 0.25], "texture": "#0"},
				"down": {"uv": [7.75, 3.25, 7.5, 6.25], "texture": "#0"}
			}
		},
		{
			"from": [2.5, 0, 1],
			"to": [3, 14, 2],
			"rotation": {"angle": 0, "axis": "y", "origin": [0.5, 0, 0]},
			"faces": {
				"north": {"uv": [7, 0, 7.25, 3.5], "texture": "#0"},
				"east": {"uv": [7, 3.5, 7.25, 7], "texture": "#0"},
				"south": {"uv": [4, 7, 4.25, 10.5], "texture": "#0"},
				"west": {"uv": [4.25, 7, 4.5, 10.5], "texture": "#0"},
				"up": {"uv": [9, 7.25, 8.75, 7], "texture": "#0"},
				"down": {"uv": [7.5, 8.75, 7.25, 9], "texture": "#0"}
			}
		},
		{
			"from": [2.5, 0, 2],
			"to": [3, 1, 14],
			"rotation": {"angle": 0, "axis": "y", "origin": [0.5, -13, 12]},
			"faces": {
				"north": {"uv": [8.75, 7.25, 9, 7.5], "texture": "#0"},
				"east": {"uv": [7.25, 6.5, 10.25, 6.75], "texture": "#0"},
				"south": {"uv": [7.5, 8.75, 7.75, 9], "texture": "#0"},
				"west": {"uv": [7.25, 6.75, 10.25, 7], "texture": "#0"},
				"up": {"uv": [5.75, 10.5, 5.5, 7.5], "texture": "#0"},
				"down": {"uv": [6, 7.5, 5.75, 10.5], "texture": "#0"}
			}
		},
		{
			"from": [2.5, 13, 2],
			"to": [3, 14, 14],
			"rotation": {"angle": 0, "axis": "y", "origin": [0.5, 0, 12]},
			"faces": {
				"north": {"uv": [7.75, 8.75, 8, 9], "texture": "#0"},
				"east": {"uv": [6, 7.5, 9, 7.75], "texture": "#0"},
				"south": {"uv": [8.75, 7.75, 9, 8], "texture": "#0"},
				"west": {"uv": [7.75, 0.25, 10.75, 0.5], "texture": "#0"},
				"up": {"uv": [8, 3.5, 7.75, 0.5], "texture": "#0"},
				"down": {"uv": [6.25, 7.75, 6, 10.75], "texture": "#0"}
			}
		},
		{
			"from": [2.5, 0, 14],
			"to": [3, 14, 15],
			"rotation": {"angle": 0, "axis": "y", "origin": [0.5, 0, 13]},
			"faces": {
				"north": {"uv": [4.5, 7, 4.75, 10.5], "texture": "#0"},
				"east": {"uv": [4.75, 7, 5, 10.5], "texture": "#0"},
				"south": {"uv": [5, 7, 5.25, 10.5], "texture": "#0"},
				"west": {"uv": [5.25, 7, 5.5, 10.5], "texture": "#0"},
				"up": {"uv": [8.25, 9, 8, 8.75], "texture": "#0"},
				"down": {"uv": [9, 8, 8.75, 8.25], "texture": "#0"}
			}
		},
		{
			"from": [0, 4.5, 7],
			"to": [1, 9.5, 9],
			"rotation": {"angle": 0, "axis": "x", "origin": [0.5, 7, 8]},
			"faces": {
				"north": {"uv": [0.75, 8, 1, 9.25], "texture": "#0"},
				"east": {"uv": [7.75, 3.5, 8.25, 4.75], "texture": "#0"},
				"south": {"uv": [1, 8, 1.25, 9.25], "texture": "#0"},
				"west": {"uv": [7.75, 4.75, 8.25, 6], "texture": "#0"},
				"up": {"uv": [8.75, 2.75, 8.5, 2.25], "texture": "#0"},
				"down": {"uv": [2.75, 8.5, 2.5, 9], "texture": "#0"}
			}
		},
		{
			"from": [1, 8.5, 7],
			"to": [3, 9.5, 9],
			"rotation": {"angle": 0, "axis": "x", "origin": [1.5, 7, 8]},
			"faces": {
				"north": {"uv": [8.5, 2.75, 9, 3], "texture": "#0"},
				"east": {"uv": [3.5, 8.5, 4, 8.75], "texture": "#0"},
				"south": {"uv": [8.5, 4.25, 9, 4.5], "texture": "#0"},
				"west": {"uv": [8.5, 4.5, 9, 4.75], "texture": "#0"},
				"up": {"uv": [4, 8.5, 3.5, 8], "texture": "#0"},
				"down": {"uv": [7.25, 8, 6.75, 8.5], "texture": "#0"}
			}
		},
		{
			"from": [1, 4.5, 7],
			"to": [3, 5.5, 9],
			"rotation": {"angle": 0, "axis": "x", "origin": [1.5, 3, 8]},
			"faces": {
				"north": {"uv": [8.25, 1.75, 8.75, 2], "texture": "#0"},
				"east": {"uv": [2.5, 8.25, 3, 8.5], "texture": "#0"},
				"south": {"uv": [8.25, 3, 8.75, 3.25], "texture": "#0"},
				"west": {"uv": [8.25, 3.5, 8.75, 3.75], "texture": "#0"},
				"up": {"uv": [1.75, 8.5, 1.25, 8], "texture": "#0"},
				"down": {"uv": [2.25, 8, 1.75, 8.5], "texture": "#0"}
			}
		}
	],
	"gui_light": "front",
	"display": {
		"thirdperson_righthand": {
			"translation": [6, 0, 2],
			"scale": [0.8, 0.8, 0.8]
		},
		"thirdperson_lefthand": {
			"rotation": [0, 180, 0],
			"translation": [6, 0, 2],
			"scale": [0.8, 0.8, 0.8]
		},
		"firstperson_righthand": {
			"rotation": [0, 70.5, 0],
			"translation": [2.5, -1.75, 0],
			"scale": [0.8, 0.8, 0.8]
		},
		"firstperson_lefthand": {
			"rotation": [0, -117, 0],
			"translation": [3.75, -2.25, -0.75],
			"scale": [0.8, 0.8, 0.8]
		},
		"ground": {
			"translation": [0, 5.5, 0]
		},
		"gui": {
			"rotation": [21, -109, 29],
			"translation": [-1, 1, 0],
			"scale": [0.8, 0.8, 0.8]
		},
		"fixed": {
			"rotation": [0, 90, 0],
			"translation": [0, 1, -4]
		}
	}
}