{
	"credit": "Made with Blockbench",
	"texture_size": [32, 32],
	"textures": {
		"0": "item/waraxen",
		"particle": "waraxen"
	},
	"elements": [
		{
			"from": [6.5, -4.75, 7],
			"to": [9.5, -1.75, 9],
			"rotation": {"angle": -45, "axis": "z", "origin": [8, -3.25, 8]},
			"faces": {
				"north": {"uv": [5.5, 0, 7, 1.5], "texture": "#0"},
				"east": {"uv": [4.5, 7, 5.5, 8.5], "texture": "#0"},
				"south": {"uv": [5.5, 1.5, 7, 3], "texture": "#0"},
				"west": {"uv": [7, 5, 8, 6.5], "texture": "#0"},
				"up": {"uv": [8.5, 7.5, 7, 6.5], "texture": "#0"},
				"down": {"uv": [9, 1.5, 7.5, 2.5], "texture": "#0"}
			}
		},
		{
			"from": [7, -2.25, 7.25],
			"to": [9, 17, 8.75],
			"rotation": {"angle": 0, "axis": "y", "origin": [7.25, 0, 7.25]},
			"faces": {
				"north": {"uv": [0, 0, 1, 9.5], "texture": "#0"},
				"east": {"uv": [1, 0, 2, 9.5], "texture": "#0"},
				"south": {"uv": [2, 0, 3, 9.5], "texture": "#0"},
				"west": {"uv": [3, 0, 4, 9.5], "texture": "#0"},
				"up": {"uv": [9, 6, 8, 5], "texture": "#0"},
				"down": {"uv": [9, 7.5, 8, 8.5], "texture": "#0"}
			}
		},
		{
			"from": [6.5, 13, 7],
			"to": [9.5, 16.25, 9],
			"rotation": {"angle": 0, "axis": "y", "origin": [7.75, 16.25, 7.25]},
			"faces": {
				"north": {"uv": [5.5, 3, 7, 4.5], "texture": "#0"},
				"east": {"uv": [7.5, 2.5, 8.5, 4], "texture": "#0"},
				"south": {"uv": [5.5, 4.5, 7, 6], "texture": "#0"},
				"west": {"uv": [5.5, 7.5, 6.5, 9], "texture": "#0"},
				"up": {"uv": [9, 5, 7.5, 4], "texture": "#0"},
				"down": {"uv": [8, 7.5, 6.5, 8.5], "texture": "#0"}
			}
		},
		{
			"from": [9.5, 13, 7.525],
			"to": [12.5, 16.25, 8.475],
			"rotation": {"angle": 0, "axis": "z", "origin": [10.75, 16.25, 7.25]},
			"faces": {
				"north": {"uv": [5.5, 6, 7, 7.5], "texture": "#0"},
				"east": {"uv": [8.5, 0, 9, 1.5], "texture": "#0"},
				"south": {"uv": [7, 0, 8.5, 1.5], "texture": "#0"},
				"west": {"uv": [8.5, 2.5, 9, 4], "texture": "#0"},
				"up": {"uv": [9.5, 6.5, 8, 6], "texture": "#0"},
				"down": {"uv": [8, 8.5, 6.5, 9], "texture": "#0"}
			}
		},
		{
			"from": [11.12132, 9.5, 7.5],
			"to": [14.12132, 16.5, 8.5],
			"rotation": {"angle": -22.5, "axis": "z", "origin": [12.62132, 13, 8]},
			"faces": {
				"north": {"uv": [4, 0, 5.5, 3.5], "texture": "#0"},
				"east": {"uv": [7, 1.5, 7.5, 5], "texture": "#0"},
				"south": {"uv": [4, 3.5, 5.5, 7], "texture": "#0"},
				"west": {"uv": [4, 7, 4.5, 10.5], "texture": "#0"},
				"up": {"uv": [10, 7, 8.5, 6.5], "texture": "#0"},
				"down": {"uv": [10, 7, 8.5, 7.5], "texture": "#0"}
			}
		}
	],
	"gui_light": "front",
	"display": {
		"thirdperson_righthand": {
			"rotation": [0, 90, 0],
			"translation": [0, 2.5, 1.25],
			"scale": [0.7, 0.7, 0.7]
		},
		"thirdperson_lefthand": {
			"rotation": [0, -90, 0],
			"translation": [0, 2.5, 1.25],
			"scale": [0.7, 0.7, 0.7]
		},
		"firstperson_righthand": {
			"rotation": [0, 90, 9],
			"translation": [1.5, 4, 1.25],
			"scale": [0.7, 0.7, 0.7]
		},
		"firstperson_lefthand": {
			"rotation": [0, -90, -9],
			"translation": [1.5, 4, 1.25],
			"scale": [0.7, 0.7, 0.7]
		},
		"ground": {
			"translation": [0, 4.5, 0],
			"scale": [0.5, 0.5, 0.5]
		},
		"gui": {
			"rotation": [0, 0, -45],
			"translation": [-0.25, 0.75, 0],
			"scale": [0.8, 0.8, 0.8]
		},
		"fixed": {
			"translation": [0, 1, 0]
		}
	}
}