{
	"credit": "Made with Blockbench",
	"texture_size": [64, 64],
	"textures": {
		"0": "item/wardenmace",
		"particle": "wardenmace"
	},
	"elements": [
		{
			"from": [7.25, -10, 7.25],
			"to": [8.75, 2, 8.75],
			"rotation": {"angle": 0, "axis": "y", "origin": [7.25, 0, 7.25]},
			"faces": {
				"north": {"uv": [3.75, 2.5, 4.25, 5.5], "texture": "#0"},
				"east": {"uv": [4.25, 2.5, 4.75, 5.5], "texture": "#0"},
				"south": {"uv": [4.75, 2.5, 5.25, 5.5], "texture": "#0"},
				"west": {"uv": [0, 5, 0.5, 8], "texture": "#0"},
				"up": {"uv": [5, 6, 4.5, 5.5], "texture": "#0"},
				"down": {"uv": [3.25, 8.75, 2.75, 9.25], "texture": "#0"}
			}
		},
		{
			"from": [7, -7, 7],
			"to": [9, -5, 9],
			"rotation": {"angle": 0, "axis": "y", "origin": [7.25, -7, 7.25]},
			"faces": {
				"north": {"uv": [8.75, 4.25, 9.25, 4.75], "texture": "#0"},
				"east": {"uv": [8.75, 4.75, 9.25, 5.25], "texture": "#0"},
				"south": {"uv": [8.75, 5.25, 9.25, 5.75], "texture": "#0"},
				"west": {"uv": [7, 8.75, 7.5, 9.25], "texture": "#0"},
				"up": {"uv": [8, 9.25, 7.5, 8.75], "texture": "#0"},
				"down": {"uv": [9.25, 7.5, 8.75, 8], "texture": "#0"}
			}
		},
		{
			"from": [6.75, 2, 6.75],
			"to": [9.25, 5, 9.25],
			"rotation": {"angle": 0, "axis": "y", "origin": [7.25, 2, 7.25]},
			"faces": {
				"north": {"uv": [3.5, 7.5, 4.25, 8.25], "texture": "#0"},
				"east": {"uv": [7.5, 4.25, 8.25, 5], "texture": "#0"},
				"south": {"uv": [7.5, 5, 8.25, 5.75], "texture": "#0"},
				"west": {"uv": [7.25, 7.5, 8, 8.25], "texture": "#0"},
				"up": {"uv": [8.5, 0.75, 7.75, 0], "texture": "#0"},
				"down": {"uv": [8.5, 0.75, 7.75, 1.5], "texture": "#0"}
			}
		},
		{
			"from": [6.25, 5, 6.25],
			"to": [9.75, 7, 9.75],
			"rotation": {"angle": 0, "axis": "y", "origin": [7.25, 4, 7.25]},
			"faces": {
				"north": {"uv": [7.75, 1.5, 8.75, 2], "texture": "#0"},
				"east": {"uv": [4.25, 7.75, 5.25, 8.25], "texture": "#0"},
				"south": {"uv": [5.25, 7.75, 6.25, 8.25], "texture": "#0"},
				"west": {"uv": [6.25, 7.75, 7.25, 8.25], "texture": "#0"},
				"up": {"uv": [6, 2, 5, 1], "texture": "#0"},
				"down": {"uv": [2.5, 5, 1.5, 6], "texture": "#0"}
			}
		},
		{
			"from": [5.5, 7, 5.5],
			"to": [10.5, 12, 10.5],
			"rotation": {"angle": 0, "axis": "y", "origin": [7.25, 7, 7.25]},
			"faces": {
				"north": {"uv": [0, 0, 1.25, 1.25], "texture": "#0"},
				"east": {"uv": [0, 1.25, 1.25, 2.5], "texture": "#0"},
				"south": {"uv": [1.25, 0, 2.5, 1.25], "texture": "#0"},
				"west": {"uv": [1.25, 1.25, 2.5, 2.5], "texture": "#0"},
				"up": {"uv": [1.25, 3.75, 0, 2.5], "texture": "#0"},
				"down": {"uv": [3.75, 0, 2.5, 1.25], "texture": "#0"}
			}
		},
		{
			"from": [5.75, 12, 5.75],
			"to": [10.25, 15, 10.25],
			"rotation": {"angle": 0, "axis": "y", "origin": [7.25, 12, 7.25]},
			"faces": {
				"north": {"uv": [6.25, 3, 7.5, 3.75], "texture": "#0"},
				"east": {"uv": [6.25, 3.75, 7.5, 4.5], "texture": "#0"},
				"south": {"uv": [6.25, 4.5, 7.5, 5.25], "texture": "#0"},
				"west": {"uv": [6.25, 5.25, 7.5, 6], "texture": "#0"},
				"up": {"uv": [2.5, 3.75, 1.25, 2.5], "texture": "#0"},
				"down": {"uv": [3.75, 1.25, 2.5, 2.5], "texture": "#0"}
			}
		},
		{
			"from": [5.5, 15, 5.5],
			"to": [10.5, 20, 10.5],
			"rotation": {"angle": 0, "axis": "y", "origin": [7.25, 15, 7.25]},
			"faces": {
				"north": {"uv": [2.5, 2.5, 3.75, 3.75], "texture": "#0"},
				"east": {"uv": [0, 3.75, 1.25, 5], "texture": "#0"},
				"south": {"uv": [3.75, 0, 5, 1.25], "texture": "#0"},
				"west": {"uv": [1.25, 3.75, 2.5, 5], "texture": "#0"},
				"up": {"uv": [5, 2.5, 3.75, 1.25], "texture": "#0"},
				"down": {"uv": [3.75, 3.75, 2.5, 5], "texture": "#0"}
			}
		},
		{
			"from": [4.5, 15, 6.5],
			"to": [5.5, 19, 9.5],
			"rotation": {"angle": 0, "axis": "y", "origin": [2.25, 15, 7.25]},
			"faces": {
				"north": {"uv": [3.25, 8.75, 3.5, 9.75], "texture": "#0"},
				"east": {"uv": [3.5, 6.5, 4.25, 7.5], "texture": "#0"},
				"south": {"uv": [8, 8.75, 8.25, 9.75], "texture": "#0"},
				"west": {"uv": [6.5, 6, 7.25, 7], "texture": "#0"},
				"up": {"uv": [5.25, 9.75, 5, 9], "texture": "#0"},
				"down": {"uv": [5.5, 9, 5.25, 9.75], "texture": "#0"}
			}
		},
		{
			"from": [10.5, 15, 6.5],
			"to": [11.5, 19, 9.5],
			"rotation": {"angle": 0, "axis": "y", "origin": [8.25, 15, 7.25]},
			"faces": {
				"north": {"uv": [8.75, 8, 9, 9], "texture": "#0"},
				"east": {"uv": [7, 0, 7.75, 1], "texture": "#0"},
				"south": {"uv": [8.5, 8.75, 8.75, 9.75], "texture": "#0"},
				"west": {"uv": [0.5, 7, 1.25, 8], "texture": "#0"},
				"up": {"uv": [5.75, 9.75, 5.5, 9], "texture": "#0"},
				"down": {"uv": [6, 9, 5.75, 9.75], "texture": "#0"}
			}
		},
		{
			"from": [6.5, 15, 4.5],
			"to": [9.5, 19, 5.5],
			"rotation": {"angle": 0, "axis": "y", "origin": [8, 17, 5]},
			"faces": {
				"north": {"uv": [7, 1, 7.75, 2], "texture": "#0"},
				"east": {"uv": [0, 9, 0.25, 10], "texture": "#0"},
				"south": {"uv": [1.25, 7, 2, 8], "texture": "#0"},
				"west": {"uv": [0.25, 9, 0.5, 10], "texture": "#0"},
				"up": {"uv": [9.5, 6, 8.75, 5.75], "texture": "#0"},
				"down": {"uv": [9.75, 2.5, 9, 2.75], "texture": "#0"}
			}
		},
		{
			"from": [6.5, 15, 10.5],
			"to": [9.5, 19, 11.5],
			"rotation": {"angle": 0, "axis": "y", "origin": [8, 17, 11]},
			"faces": {
				"north": {"uv": [2, 7, 2.75, 8], "texture": "#0"},
				"east": {"uv": [0.5, 9, 0.75, 10], "texture": "#0"},
				"south": {"uv": [2.75, 7, 3.5, 8], "texture": "#0"},
				"west": {"uv": [0.75, 9, 1, 10], "texture": "#0"},
				"up": {"uv": [9.75, 8.25, 9, 8], "texture": "#0"},
				"down": {"uv": [9.75, 8.25, 9, 8.5], "texture": "#0"}
			}
		},
		{
			"from": [5.75, 20, 8.75],
			"to": [7.25, 23.25, 10.25],
			"rotation": {"angle": 0, "axis": "y", "origin": [7.5, 20, 7]},
			"faces": {
				"north": {"uv": [0, 8, 0.5, 8.75], "texture": "#0"},
				"east": {"uv": [0.5, 8, 1, 8.75], "texture": "#0"},
				"south": {"uv": [1, 8, 1.5, 8.75], "texture": "#0"},
				"west": {"uv": [1.5, 8, 2, 8.75], "texture": "#0"},
				"up": {"uv": [1.5, 9.5, 1, 9], "texture": "#0"},
				"down": {"uv": [2, 9, 1.5, 9.5], "texture": "#0"}
			}
		},
		{
			"from": [8.75, 20, 8.75],
			"to": [10.25, 23.25, 10.25],
			"rotation": {"angle": 0, "axis": "y", "origin": [10.25, 20, 7]},
			"faces": {
				"north": {"uv": [2, 8, 2.5, 8.75], "texture": "#0"},
				"east": {"uv": [2.5, 8, 3, 8.75], "texture": "#0"},
				"south": {"uv": [3, 8, 3.5, 8.75], "texture": "#0"},
				"west": {"uv": [8, 7.5, 8.5, 8.25], "texture": "#0"},
				"up": {"uv": [9.5, 2, 9, 1.5], "texture": "#0"},
				"down": {"uv": [2.5, 9, 2, 9.5], "texture": "#0"}
			}
		},
		{
			"from": [8.75, 23.25, 8.75],
			"to": [9.75, 24.25, 9.75],
			"rotation": {"angle": 0, "axis": "y", "origin": [10.25, 23.25, 7]},
			"faces": {
				"north": {"uv": [7.25, 2.75, 7.5, 3], "texture": "#0"},
				"east": {"uv": [9.5, 7.75, 9.75, 8], "texture": "#0"},
				"south": {"uv": [5.75, 9.75, 6, 10], "texture": "#0"},
				"west": {"uv": [6, 9.75, 6.25, 10], "texture": "#0"},
				"up": {"uv": [10, 6.25, 9.75, 6], "texture": "#0"},
				"down": {"uv": [6.5, 9.75, 6.25, 10], "texture": "#0"}
			}
		},
		{
			"from": [8.75, 23.25, 6.25],
			"to": [9.75, 24.25, 7.25],
			"rotation": {"angle": 0, "axis": "y", "origin": [10.25, 23.25, 4.5]},
			"faces": {
				"north": {"uv": [9.75, 6.25, 10, 6.5], "texture": "#0"},
				"east": {"uv": [6.5, 9.75, 6.75, 10], "texture": "#0"},
				"south": {"uv": [9.75, 6.5, 10, 6.75], "texture": "#0"},
				"west": {"uv": [6.75, 9.75, 7, 10], "texture": "#0"},
				"up": {"uv": [10, 7, 9.75, 6.75], "texture": "#0"},
				"down": {"uv": [7.25, 9.75, 7, 10], "texture": "#0"}
			}
		},
		{
			"from": [6.25, 23.25, 6.25],
			"to": [7.25, 24.25, 7.25],
			"rotation": {"angle": 0, "axis": "y", "origin": [7.75, 23.25, 4.5]},
			"faces": {
				"north": {"uv": [9.75, 7, 10, 7.25], "texture": "#0"},
				"east": {"uv": [7.25, 9.75, 7.5, 10], "texture": "#0"},
				"south": {"uv": [9.75, 7.25, 10, 7.5], "texture": "#0"},
				"west": {"uv": [7.5, 9.75, 7.75, 10], "texture": "#0"},
				"up": {"uv": [10, 7.75, 9.75, 7.5], "texture": "#0"},
				"down": {"uv": [8, 9.75, 7.75, 10], "texture": "#0"}
			}
		},
		{
			"from": [6.25, 23.25, 8.75],
			"to": [7.25, 24.25, 9.75],
			"rotation": {"angle": 0, "axis": "y", "origin": [7.75, 23.25, 7]},
			"faces": {
				"north": {"uv": [9.75, 7.75, 10, 8], "texture": "#0"},
				"east": {"uv": [8, 9.75, 8.25, 10], "texture": "#0"},
				"south": {"uv": [9.75, 8, 10, 8.25], "texture": "#0"},
				"west": {"uv": [8.25, 9.75, 8.5, 10], "texture": "#0"},
				"up": {"uv": [10, 8.5, 9.75, 8.25], "texture": "#0"},
				"down": {"uv": [8.75, 9.75, 8.5, 10], "texture": "#0"}
			}
		},
		{
			"from": [8.75, 20, 5.75],
			"to": [10.25, 23.25, 7.25],
			"rotation": {"angle": 0, "axis": "y", "origin": [10.25, 20, 4.25]},
			"faces": {
				"north": {"uv": [8.25, 2, 8.75, 2.75], "texture": "#0"},
				"east": {"uv": [3.5, 8.25, 4, 9], "texture": "#0"},
				"south": {"uv": [4, 8.25, 4.5, 9], "texture": "#0"},
				"west": {"uv": [8.25, 4.25, 8.75, 5], "texture": "#0"},
				"up": {"uv": [9.5, 2.5, 9, 2], "texture": "#0"},
				"down": {"uv": [4, 9, 3.5, 9.5], "texture": "#0"}
			}
		},
		{
			"from": [5.75, 20, 5.75],
			"to": [7.25, 23.25, 7.25],
			"rotation": {"angle": 0, "axis": "y", "origin": [7.5, 20, 4.25]},
			"faces": {
				"north": {"uv": [4.5, 8.25, 5, 9], "texture": "#0"},
				"east": {"uv": [5, 8.25, 5.5, 9], "texture": "#0"},
				"south": {"uv": [8.25, 5, 8.75, 5.75], "texture": "#0"},
				"west": {"uv": [5.5, 8.25, 6, 9], "texture": "#0"},
				"up": {"uv": [4.5, 9.5, 4, 9], "texture": "#0"},
				"down": {"uv": [5, 9, 4.5, 9.5], "texture": "#0"}
			}
		},
		{
			"from": [5.5, 8, 4.5],
			"to": [10.5, 9, 5.5],
			"rotation": {"angle": 0, "axis": "y", "origin": [7.25, 8, 2.25]},
			"faces": {
				"north": {"uv": [7.5, 5.75, 8.75, 6], "texture": "#0"},
				"east": {"uv": [9.75, 8.5, 10, 8.75], "texture": "#0"},
				"south": {"uv": [6, 8.25, 7.25, 8.5], "texture": "#0"},
				"west": {"uv": [9.75, 8.75, 10, 9], "texture": "#0"},
				"up": {"uv": [9.5, 6.25, 8.25, 6], "texture": "#0"},
				"down": {"uv": [9.5, 6.25, 8.25, 6.5], "texture": "#0"}
			}
		},
		{
			"from": [9.5, 9, 4.5],
			"to": [10.5, 10.5, 5.5],
			"rotation": {"angle": 0, "axis": "y", "origin": [7.25, 9, 2.25]},
			"faces": {
				"north": {"uv": [5, 2, 5.25, 2.5], "texture": "#0"},
				"east": {"uv": [3.5, 5, 3.75, 5.5], "texture": "#0"},
				"south": {"uv": [5, 5.5, 5.25, 6], "texture": "#0"},
				"west": {"uv": [4.25, 6.5, 4.5, 7], "texture": "#0"},
				"up": {"uv": [10, 9.25, 9.75, 9], "texture": "#0"},
				"down": {"uv": [10, 9.25, 9.75, 9.5], "texture": "#0"}
			}
		},
		{
			"from": [5.5, 9, 4.5],
			"to": [6.5, 10.5, 5.5],
			"rotation": {"angle": 0, "axis": "y", "origin": [3.25, 9, 2.25]},
			"faces": {
				"north": {"uv": [9, 8.5, 9.25, 9], "texture": "#0"},
				"east": {"uv": [8.75, 9, 9, 9.5], "texture": "#0"},
				"south": {"uv": [9, 9, 9.25, 9.5], "texture": "#0"},
				"west": {"uv": [2.75, 9.25, 3, 9.75], "texture": "#0"},
				"up": {"uv": [10, 9.75, 9.75, 9.5], "texture": "#0"},
				"down": {"uv": [10, 9.75, 9.75, 10], "texture": "#0"}
			}
		},
		{
			"from": [5.5, 10.5, 4.5],
			"to": [10.5, 11.5, 5.5],
			"rotation": {"angle": 0, "axis": "y", "origin": [7.25, 10.5, 2.25]},
			"faces": {
				"north": {"uv": [8.25, 6.5, 9.5, 6.75], "texture": "#0"},
				"east": {"uv": [0, 10, 0.25, 10.25], "texture": "#0"},
				"south": {"uv": [8.25, 6.75, 9.5, 7], "texture": "#0"},
				"west": {"uv": [10, 0, 10.25, 0.25], "texture": "#0"},
				"up": {"uv": [9.5, 7.25, 8.25, 7], "texture": "#0"},
				"down": {"uv": [8.5, 8.25, 7.25, 8.5], "texture": "#0"}
			}
		},
		{
			"from": [5.5, 9, 10.5],
			"to": [6.5, 10.5, 11.5],
			"rotation": {"angle": 0, "axis": "y", "origin": [3.25, 9, 8.25]},
			"faces": {
				"north": {"uv": [3, 9.25, 3.25, 9.75], "texture": "#0"},
				"east": {"uv": [9.25, 4.25, 9.5, 4.75], "texture": "#0"},
				"south": {"uv": [9.25, 4.75, 9.5, 5.25], "texture": "#0"},
				"west": {"uv": [9.25, 5.25, 9.5, 5.75], "texture": "#0"},
				"up": {"uv": [0.5, 10.25, 0.25, 10], "texture": "#0"},
				"down": {"uv": [10.25, 0.25, 10, 0.5], "texture": "#0"}
			}
		},
		{
			"from": [5.5, 10.5, 10.5],
			"to": [10.5, 11.5, 11.5],
			"rotation": {"angle": 0, "axis": "y", "origin": [7.25, 10.5, 8.25]},
			"faces": {
				"north": {"uv": [8.25, 7.25, 9.5, 7.5], "texture": "#0"},
				"east": {"uv": [0.5, 10, 0.75, 10.25], "texture": "#0"},
				"south": {"uv": [8.5, 0, 9.75, 0.25], "texture": "#0"},
				"west": {"uv": [10, 0.5, 10.25, 0.75], "texture": "#0"},
				"up": {"uv": [9.75, 0.5, 8.5, 0.25], "texture": "#0"},
				"down": {"uv": [9.75, 0.5, 8.5, 0.75], "texture": "#0"}
			}
		},
		{
			"from": [5.5, 8, 10.5],
			"to": [10.5, 9, 11.5],
			"rotation": {"angle": 0, "axis": "y", "origin": [7.25, 8, 8.25]},
			"faces": {
				"north": {"uv": [8.5, 0.75, 9.75, 1], "texture": "#0"},
				"east": {"uv": [0.75, 10, 1, 10.25], "texture": "#0"},
				"south": {"uv": [8.5, 1, 9.75, 1.25], "texture": "#0"},
				"west": {"uv": [10, 0.75, 10.25, 1], "texture": "#0"},
				"up": {"uv": [9.75, 1.5, 8.5, 1.25], "texture": "#0"},
				"down": {"uv": [9.75, 2.75, 8.5, 3], "texture": "#0"}
			}
		},
		{
			"from": [9.5, 9, 10.5],
			"to": [10.5, 10.5, 11.5],
			"rotation": {"angle": 0, "axis": "y", "origin": [7.25, 9, 8.25]},
			"faces": {
				"north": {"uv": [7, 9.25, 7.25, 9.75], "texture": "#0"},
				"east": {"uv": [7.25, 9.25, 7.5, 9.75], "texture": "#0"},
				"south": {"uv": [7.5, 9.25, 7.75, 9.75], "texture": "#0"},
				"west": {"uv": [9.25, 7.5, 9.5, 8], "texture": "#0"},
				"up": {"uv": [1.25, 10.25, 1, 10], "texture": "#0"},
				"down": {"uv": [10.25, 1, 10, 1.25], "texture": "#0"}
			}
		},
		{
			"from": [4.5, 9, 5.5],
			"to": [5.5, 10.5, 6.5],
			"rotation": {"angle": 0, "axis": "y", "origin": [5, 10, 8]},
			"faces": {
				"north": {"uv": [7.75, 9.25, 8, 9.75], "texture": "#0"},
				"east": {"uv": [9.25, 8.5, 9.5, 9], "texture": "#0"},
				"south": {"uv": [9.25, 9, 9.5, 9.5], "texture": "#0"},
				"west": {"uv": [1, 9.5, 1.25, 10], "texture": "#0"},
				"up": {"uv": [1.5, 10.25, 1.25, 10], "texture": "#0"},
				"down": {"uv": [10.25, 1.25, 10, 1.5], "texture": "#0"}
			}
		},
		{
			"from": [4.5, 8.75, 4.5],
			"to": [5.5, 10.75, 5.5],
			"rotation": {"angle": 0, "axis": "y", "origin": [5, 9.75, 7]},
			"faces": {
				"north": {"uv": [1.25, 9.5, 1.5, 10], "texture": "#0"},
				"east": {"uv": [1.5, 9.5, 1.75, 10], "texture": "#0"},
				"south": {"uv": [9.5, 1.5, 9.75, 2], "texture": "#0"},
				"west": {"uv": [1.75, 9.5, 2, 10], "texture": "#0"},
				"up": {"uv": [1.75, 10.25, 1.5, 10], "texture": "#0"},
				"down": {"uv": [10.25, 1.5, 10, 1.75], "texture": "#0"}
			}
		},
		{
			"from": [4.5, 10.5, 5.5],
			"to": [5.5, 11.5, 10.5],
			"rotation": {"angle": 0, "axis": "y", "origin": [5, 9.5, 8]},
			"faces": {
				"north": {"uv": [1.75, 10, 2, 10.25], "texture": "#0"},
				"east": {"uv": [8.5, 3, 9.75, 3.25], "texture": "#0"},
				"south": {"uv": [10, 1.75, 10.25, 2], "texture": "#0"},
				"west": {"uv": [8.5, 3.25, 9.75, 3.5], "texture": "#0"},
				"up": {"uv": [6.25, 9.75, 6, 8.5], "texture": "#0"},
				"down": {"uv": [6.5, 8.5, 6.25, 9.75], "texture": "#0"}
			}
		},
		{
			"from": [4.5, 8, 5.5],
			"to": [5.5, 9, 10.5],
			"rotation": {"angle": 0, "axis": "y", "origin": [5, 10, 8]},
			"faces": {
				"north": {"uv": [2, 10, 2.25, 10.25], "texture": "#0"},
				"east": {"uv": [8.5, 3.5, 9.75, 3.75], "texture": "#0"},
				"south": {"uv": [10, 2, 10.25, 2.25], "texture": "#0"},
				"west": {"uv": [8.5, 3.75, 9.75, 4], "texture": "#0"},
				"up": {"uv": [6.75, 9.75, 6.5, 8.5], "texture": "#0"},
				"down": {"uv": [7, 8.5, 6.75, 9.75], "texture": "#0"}
			}
		},
		{
			"from": [4.5, 9, 9.5],
			"to": [5.5, 10.5, 10.5],
			"rotation": {"angle": 0, "axis": "y", "origin": [5, 10, 8]},
			"faces": {
				"north": {"uv": [2, 9.5, 2.25, 10], "texture": "#0"},
				"east": {"uv": [9.5, 2, 9.75, 2.5], "texture": "#0"},
				"south": {"uv": [2.25, 9.5, 2.5, 10], "texture": "#0"},
				"west": {"uv": [3.5, 9.5, 3.75, 10], "texture": "#0"},
				"up": {"uv": [2.5, 10.25, 2.25, 10], "texture": "#0"},
				"down": {"uv": [10.25, 2.25, 10, 2.5], "texture": "#0"}
			}
		},
		{
			"from": [10.5, 10.5, 5.5],
			"to": [11.5, 11.5, 10.5],
			"rotation": {"angle": 0, "axis": "y", "origin": [11, 9.5, 8]},
			"faces": {
				"north": {"uv": [2.5, 10, 2.75, 10.25], "texture": "#0"},
				"east": {"uv": [8.5, 4, 9.75, 4.25], "texture": "#0"},
				"south": {"uv": [10, 2.5, 10.25, 2.75], "texture": "#0"},
				"west": {"uv": [7, 8.5, 8.25, 8.75], "texture": "#0"},
				"up": {"uv": [8.75, 8.75, 8.5, 7.5], "texture": "#0"},
				"down": {"uv": [8.5, 8.5, 8.25, 9.75], "texture": "#0"}
			}
		},
		{
			"from": [10.5, 9, 9.5],
			"to": [11.5, 10.5, 10.5],
			"rotation": {"angle": 0, "axis": "y", "origin": [11, 10, 8]},
			"faces": {
				"north": {"uv": [3.75, 9.5, 4, 10], "texture": "#0"},
				"east": {"uv": [4, 9.5, 4.25, 10], "texture": "#0"},
				"south": {"uv": [4.25, 9.5, 4.5, 10], "texture": "#0"},
				"west": {"uv": [9.5, 4.25, 9.75, 4.75], "texture": "#0"},
				"up": {"uv": [10.25, 3, 10, 2.75], "texture": "#0"},
				"down": {"uv": [10.25, 3, 10, 3.25], "texture": "#0"}
			}
		},
		{
			"from": [10.5, 8.75, 10.5],
			"to": [11.5, 10.75, 11.5],
			"rotation": {"angle": 0, "axis": "y", "origin": [11, 9.75, 9]},
			"faces": {
				"north": {"uv": [4.5, 9.5, 4.75, 10], "texture": "#0"},
				"east": {"uv": [4.75, 9.5, 5, 10], "texture": "#0"},
				"south": {"uv": [9.5, 4.75, 9.75, 5.25], "texture": "#0"},
				"west": {"uv": [9.5, 5.25, 9.75, 5.75], "texture": "#0"},
				"up": {"uv": [10.25, 3.5, 10, 3.25], "texture": "#0"},
				"down": {"uv": [3.75, 10, 3.5, 10.25], "texture": "#0"}
			}
		},
		{
			"from": [4.5, 8.75, 10.5],
			"to": [5.5, 10.75, 11.5],
			"rotation": {"angle": 0, "axis": "y", "origin": [5, 9.75, 9]},
			"faces": {
				"north": {"uv": [9.5, 5.75, 9.75, 6.25], "texture": "#0"},
				"east": {"uv": [9.5, 6.25, 9.75, 6.75], "texture": "#0"},
				"south": {"uv": [9.5, 6.75, 9.75, 7.25], "texture": "#0"},
				"west": {"uv": [9.5, 7.25, 9.75, 7.75], "texture": "#0"},
				"up": {"uv": [10.25, 3.75, 10, 3.5], "texture": "#0"},
				"down": {"uv": [4, 10, 3.75, 10.25], "texture": "#0"}
			}
		},
		{
			"from": [10.5, 8, 5.5],
			"to": [11.5, 9, 10.5],
			"rotation": {"angle": 0, "axis": "y", "origin": [11, 10, 8]},
			"faces": {
				"north": {"uv": [10, 3.75, 10.25, 4], "texture": "#0"},
				"east": {"uv": [0, 8.75, 1.25, 9], "texture": "#0"},
				"south": {"uv": [4, 10, 4.25, 10.25], "texture": "#0"},
				"west": {"uv": [1.25, 8.75, 2.5, 9], "texture": "#0"},
				"up": {"uv": [9, 2.75, 8.75, 1.5], "texture": "#0"},
				"down": {"uv": [2.75, 8.75, 2.5, 10], "texture": "#0"}
			}
		},
		{
			"from": [10.5, 9, 5.5],
			"to": [11.5, 10.5, 6.5],
			"rotation": {"angle": 0, "axis": "y", "origin": [11, 10, 8]},
			"faces": {
				"north": {"uv": [9.5, 8.5, 9.75, 9], "texture": "#0"},
				"east": {"uv": [8.75, 9.5, 9, 10], "texture": "#0"},
				"south": {"uv": [9, 9.5, 9.25, 10], "texture": "#0"},
				"west": {"uv": [9.5, 9, 9.75, 9.5], "texture": "#0"},
				"up": {"uv": [10.25, 4.25, 10, 4], "texture": "#0"},
				"down": {"uv": [4.5, 10, 4.25, 10.25], "texture": "#0"}
			}
		},
		{
			"from": [10.5, 8.75, 4.5],
			"to": [11.5, 10.75, 5.5],
			"rotation": {"angle": 0, "axis": "y", "origin": [11, 9.75, 7]},
			"faces": {
				"north": {"uv": [9.25, 9.5, 9.5, 10], "texture": "#0"},
				"east": {"uv": [9.5, 9.5, 9.75, 10], "texture": "#0"},
				"south": {"uv": [9.75, 0, 10, 0.5], "texture": "#0"},
				"west": {"uv": [9.75, 0.5, 10, 1], "texture": "#0"},
				"up": {"uv": [10.25, 4.5, 10, 4.25], "texture": "#0"},
				"down": {"uv": [4.75, 10, 4.5, 10.25], "texture": "#0"}
			}
		},
		{
			"from": [8.75, -7.5, 7.5],
			"to": [9.75, -5.5, 8.5],
			"rotation": {"angle": 45, "axis": "z", "origin": [9.25, -6.5, 8]},
			"faces": {
				"north": {"uv": [9.75, 1, 10, 1.5], "texture": "#0"},
				"east": {"uv": [9.75, 1.5, 10, 2], "texture": "#0"},
				"south": {"uv": [9.75, 2, 10, 2.5], "texture": "#0"},
				"west": {"uv": [9.75, 2.5, 10, 3], "texture": "#0"},
				"up": {"uv": [10.25, 4.75, 10, 4.5], "texture": "#0"},
				"down": {"uv": [5, 10, 4.75, 10.25], "texture": "#0"}
			}
		},
		{
			"from": [6.25, -7.5, 7.5],
			"to": [7.25, -5.5, 8.5],
			"rotation": {"angle": -45, "axis": "z", "origin": [6.75, -6.5, 8]},
			"faces": {
				"north": {"uv": [2.75, 9.75, 3, 10.25], "texture": "#0"},
				"east": {"uv": [3, 9.75, 3.25, 10.25], "texture": "#0"},
				"south": {"uv": [9.75, 3, 10, 3.5], "texture": "#0"},
				"west": {"uv": [3.25, 9.75, 3.5, 10.25], "texture": "#0"},
				"up": {"uv": [10.25, 5, 10, 4.75], "texture": "#0"},
				"down": {"uv": [10.25, 5, 10, 5.25], "texture": "#0"}
			}
		},
		{
			"from": [7.5, -7.5, 6.25],
			"to": [8.5, -5.5, 7.25],
			"rotation": {"angle": 45, "axis": "x", "origin": [8, -6.5, 6.75]},
			"faces": {
				"north": {"uv": [9.75, 3.5, 10, 4], "texture": "#0"},
				"east": {"uv": [9.75, 4, 10, 4.5], "texture": "#0"},
				"south": {"uv": [9.75, 4.5, 10, 5], "texture": "#0"},
				"west": {"uv": [5, 9.75, 5.25, 10.25], "texture": "#0"},
				"up": {"uv": [10.25, 5.5, 10, 5.25], "texture": "#0"},
				"down": {"uv": [10.25, 5.5, 10, 5.75], "texture": "#0"}
			}
		},
		{
			"from": [7.5, -7.5, 8.75],
			"to": [8.5, -5.5, 9.75],
			"rotation": {"angle": -45, "axis": "x", "origin": [8, -6.5, 9.25]},
			"faces": {
				"north": {"uv": [9.75, 5, 10, 5.5], "texture": "#0"},
				"east": {"uv": [5.25, 9.75, 5.5, 10.25], "texture": "#0"},
				"south": {"uv": [5.5, 9.75, 5.75, 10.25], "texture": "#0"},
				"west": {"uv": [9.75, 5.5, 10, 6], "texture": "#0"},
				"up": {"uv": [6, 10.25, 5.75, 10], "texture": "#0"},
				"down": {"uv": [10.25, 5.75, 10, 6], "texture": "#0"}
			}
		},
		{
			"from": [2, 8.85, 4],
			"to": [6, 11.85, 4],
			"rotation": {"angle": -45, "axis": "y", "origin": [4, 10.35, 4]},
			"faces": {
				"north": {"uv": [4.25, 7, 5.25, 7.75], "texture": "#0"},
				"east": {"uv": [0, 0, 0, 0.75], "texture": "#0"},
				"south": {"uv": [5.25, 7, 6.25, 7.75], "texture": "#0"},
				"west": {"uv": [0, 0, 0, 0.75], "texture": "#0"},
				"up": {"uv": [1, 0, 0, 0], "texture": "#0"},
				"down": {"uv": [1, 0, 0, 0], "texture": "#0"}
			}
		},
		{
			"from": [10, 8.85, 12],
			"to": [14, 11.85, 12],
			"rotation": {"angle": -45, "axis": "y", "origin": [12, 10.35, 12]},
			"faces": {
				"north": {"uv": [6.25, 7, 7.25, 7.75], "texture": "#0"},
				"east": {"uv": [0, 0, 0, 0.75], "texture": "#0"},
				"south": {"uv": [7.25, 2, 8.25, 2.75], "texture": "#0"},
				"west": {"uv": [0, 0, 0, 0.75], "texture": "#0"},
				"up": {"uv": [1, 0, 0, 0], "texture": "#0"},
				"down": {"uv": [1, 0, 0, 0], "texture": "#0"}
			}
		},
		{
			"from": [9, 15.85, 11],
			"to": [13, 19.85, 11],
			"rotation": {"angle": -45, "axis": "y", "origin": [11, 17.35, 11]},
			"faces": {
				"north": {"uv": [2.5, 5, 3.5, 6], "texture": "#0"},
				"east": {"uv": [0, 0, 0, 1], "texture": "#0"},
				"south": {"uv": [5.25, 2, 6.25, 3], "texture": "#0"},
				"west": {"uv": [0, 0, 0, 1], "texture": "#0"},
				"up": {"uv": [1, 0, 0, 0], "texture": "#0"},
				"down": {"uv": [1, 0, 0, 0], "texture": "#0"}
			}
		},
		{
			"from": [3, 15.85, 5],
			"to": [7, 19.85, 5],
			"rotation": {"angle": -45, "axis": "y", "origin": [5, 17.35, 5]},
			"faces": {
				"north": {"uv": [5.25, 3, 6.25, 4], "texture": "#0"},
				"east": {"uv": [0, 0, 0, 1], "texture": "#0"},
				"south": {"uv": [5.25, 4, 6.25, 5], "texture": "#0"},
				"west": {"uv": [0, 0, 0, 1], "texture": "#0"},
				"up": {"uv": [1, 0, 0, 0], "texture": "#0"},
				"down": {"uv": [1, 0, 0, 0], "texture": "#0"}
			}
		},
		{
			"from": [11, 15.85, 3],
			"to": [11, 19.85, 7],
			"rotation": {"angle": -45, "axis": "y", "origin": [11, 17.35, 5]},
			"faces": {
				"north": {"uv": [0, 0, 0, 1], "texture": "#0"},
				"east": {"uv": [5.25, 5, 6.25, 6], "texture": "#0"},
				"south": {"uv": [0, 0, 0, 1], "texture": "#0"},
				"west": {"uv": [3.5, 5.5, 4.5, 6.5], "texture": "#0"},
				"up": {"uv": [0, 1, 0, 0], "texture": "#0"},
				"down": {"uv": [0, 0, 0, 1], "texture": "#0"}
			}
		},
		{
			"from": [5, 15.85, 9],
			"to": [5, 19.85, 13],
			"rotation": {"angle": -45, "axis": "y", "origin": [5, 17.35, 11]},
			"faces": {
				"north": {"uv": [0, 0, 0, 1], "texture": "#0"},
				"east": {"uv": [6, 0, 7, 1], "texture": "#0"},
				"south": {"uv": [0, 0, 0, 1], "texture": "#0"},
				"west": {"uv": [0.5, 6, 1.5, 7], "texture": "#0"},
				"up": {"uv": [0, 1, 0, 0], "texture": "#0"},
				"down": {"uv": [0, 0, 0, 1], "texture": "#0"}
			}
		},
		{
			"from": [10, 8.85, 4],
			"to": [14, 11.85, 4],
			"rotation": {"angle": 45, "axis": "y", "origin": [12, 10.35, 4]},
			"faces": {
				"north": {"uv": [7.25, 6, 8.25, 6.75], "texture": "#0"},
				"east": {"uv": [0, 0, 0, 0.75], "texture": "#0"},
				"south": {"uv": [7.25, 6.75, 8.25, 7.5], "texture": "#0"},
				"west": {"uv": [0, 0, 0, 0.75], "texture": "#0"},
				"up": {"uv": [1, 0, 0, 0], "texture": "#0"},
				"down": {"uv": [1, 0, 0, 0], "texture": "#0"}
			}
		},
		{
			"from": [2, 8.85, 12],
			"to": [6, 11.85, 12],
			"rotation": {"angle": 45, "axis": "y", "origin": [4, 10.35, 12]},
			"faces": {
				"north": {"uv": [7.5, 2.75, 8.5, 3.5], "texture": "#0"},
				"east": {"uv": [0, 0, 0, 0.75], "texture": "#0"},
				"south": {"uv": [7.5, 3.5, 8.5, 4.25], "texture": "#0"},
				"west": {"uv": [0, 0, 0, 0.75], "texture": "#0"},
				"up": {"uv": [1, 0, 0, 0], "texture": "#0"},
				"down": {"uv": [1, 0, 0, 0], "texture": "#0"}
			}
		},
		{
			"from": [1, 16, 8],
			"to": [5, 20, 8],
			"rotation": {"angle": 0, "axis": "y", "origin": [3, 16, 7]},
			"faces": {
				"north": {"uv": [6, 1, 7, 2], "texture": "#0"},
				"east": {"uv": [0, 0, 0, 1], "texture": "#0"},
				"south": {"uv": [1.5, 6, 2.5, 7], "texture": "#0"},
				"west": {"uv": [0, 0, 0, 1], "texture": "#0"},
				"up": {"uv": [1, 0, 0, 0], "texture": "#0"},
				"down": {"uv": [1, 0, 0, 0], "texture": "#0"}
			}
		},
		{
			"from": [11, 16, 8],
			"to": [15, 20, 8],
			"rotation": {"angle": 0, "axis": "y", "origin": [13, 16, 7]},
			"faces": {
				"north": {"uv": [2.5, 6, 3.5, 7], "texture": "#0"},
				"east": {"uv": [0, 0, 0, 1], "texture": "#0"},
				"south": {"uv": [4.5, 6, 5.5, 7], "texture": "#0"},
				"west": {"uv": [0, 0, 0, 1], "texture": "#0"},
				"up": {"uv": [1, 0, 0, 0], "texture": "#0"},
				"down": {"uv": [1, 0, 0, 0], "texture": "#0"}
			}
		},
		{
			"from": [8, 16, 1],
			"to": [8, 20, 5],
			"rotation": {"angle": 0, "axis": "y", "origin": [8, 18, 3]},
			"faces": {
				"north": {"uv": [0, 0, 0, 1], "texture": "#0"},
				"east": {"uv": [5.5, 6, 6.5, 7], "texture": "#0"},
				"south": {"uv": [0, 0, 0, 1], "texture": "#0"},
				"west": {"uv": [6.25, 2, 7.25, 3], "texture": "#0"},
				"up": {"uv": [0, 1, 0, 0], "texture": "#0"},
				"down": {"uv": [0, 0, 0, 1], "texture": "#0"}
			}
		},
		{
			"from": [8, 16, 11],
			"to": [8, 20, 15],
			"rotation": {"angle": 0, "axis": "y", "origin": [8, 18, 13]},
			"faces": {
				"north": {"uv": [0, 0, 0, 1], "texture": "#0"},
				"east": {"uv": [5, 0, 6, 1], "texture": "#0"},
				"south": {"uv": [0, 0, 0, 1], "texture": "#0"},
				"west": {"uv": [0.5, 5, 1.5, 6], "texture": "#0"},
				"up": {"uv": [0, 1, 0, 0], "texture": "#0"},
				"down": {"uv": [0, 0, 0, 1], "texture": "#0"}
			}
		}
	],
	"gui_light": "front",
	"display": {
		"thirdperson_righthand": {
			"translation": [-0.5, 4.75, 1.25],
			"scale": [0.7, 0.7, 0.7]
		},
		"thirdperson_lefthand": {
			"translation": [-0.5, 4.75, 1.25],
			"scale": [0.7, 0.7, 0.7]
		},
		"firstperson_righthand": {
			"rotation": [9, 0, 0],
			"translation": [0.25, 2.5, 0],
			"scale": [0.7, 0.7, 0.7]
		},
		"firstperson_lefthand": {
			"rotation": [9, 0, 0],
			"translation": [0.25, 2.5, 0],
			"scale": [0.7, 0.7, 0.7]
		},
		"ground": {
			"translation": [0, 7, 0],
			"scale": [0.5, 0.5, 0.5]
		},
		"gui": {
			"rotation": [0, 0, -45],
			"scale": [0.6, 0.6, 1]
		},
		"fixed": {
			"translation": [0, 0, -0.25]
		}
	}
}