{
	"credit": "Made with Blockbench",
	"texture_size": [32, 32],
	"textures": {
		"0": "item/warpedsword",
		"particle": "warpedsword"
	},
	"elements": [
		{
			"from": [7, -14, 7],
			"to": [8.5, -6, 8.5],
			"faces": {
				"north": {"uv": [0, 0, 1, 4], "texture": "#0"},
				"east": {"uv": [1, 0, 2, 4], "texture": "#0"},
				"south": {"uv": [2, 0, 3, 4], "texture": "#0"},
				"west": {"uv": [3, 0, 4, 4], "texture": "#0"},
				"up": {"uv": [9, 1, 8, 0], "texture": "#0"},
				"down": {"uv": [2, 8, 1, 9], "texture": "#0"}
			}
		},
		{
			"from": [6.88, -16, 6.88],
			"to": [8.63, -14, 8.63],
			"faces": {
				"north": {"uv": [2, 8, 3, 9], "texture": "#0"},
				"east": {"uv": [3, 8, 4, 9], "texture": "#0"},
				"south": {"uv": [4, 8, 5, 9], "texture": "#0"},
				"west": {"uv": [5, 8, 6, 9], "texture": "#0"},
				"up": {"uv": [7, 9, 6, 8], "texture": "#0"},
				"down": {"uv": [8, 8, 7, 9], "texture": "#0"}
			}
		},
		{
			"from": [4, -6, 7],
			"to": [11.5, -5, 8.5],
			"faces": {
				"north": {"uv": [0, 5, 4, 5.5], "texture": "#0"},
				"east": {"uv": [4, 10, 5, 10.5], "texture": "#0"},
				"south": {"uv": [0, 5.5, 4, 6], "texture": "#0"},
				"west": {"uv": [5, 10, 6, 10.5], "texture": "#0"},
				"up": {"uv": [4, 5, 0, 4], "texture": "#0"},
				"down": {"uv": [8, 0, 4, 1], "texture": "#0"}
			}
		},
		{
			"from": [6.25, -5, 7.25],
			"to": [9.25, 0, 8.25],
			"faces": {
				"north": {"uv": [4, 1, 5.5, 3.5], "texture": "#0"},
				"east": {"uv": [0, 8, 0.5, 10.5], "texture": "#0"},
				"south": {"uv": [4, 3.5, 5.5, 6], "texture": "#0"},
				"west": {"uv": [0.5, 8, 1, 10.5], "texture": "#0"},
				"up": {"uv": [7.5, 9.5, 6, 9], "texture": "#0"},
				"down": {"uv": [9, 9, 7.5, 9.5], "texture": "#0"}
			}
		},
		{
			"from": [6.5, 1, 7.5],
			"to": [9, 3, 8],
			"faces": {
				"north": {"uv": [5.5, 1, 7, 2], "texture": "#0"},
				"east": {"uv": [6, 10, 6.5, 11], "texture": "#0"},
				"south": {"uv": [5.5, 2, 7, 3], "texture": "#0"},
				"west": {"uv": [6.5, 10, 7, 11], "texture": "#0"},
				"up": {"uv": [10.5, 8.5, 9, 8], "texture": "#0"},
				"down": {"uv": [10.5, 8.5, 9, 9], "texture": "#0"}
			}
		},
		{
			"from": [6.8, 3, 7.5],
			"to": [9.3, 5, 8],
			"faces": {
				"north": {"uv": [5.5, 3, 7, 4], "texture": "#0"},
				"east": {"uv": [7, 10, 7.5, 11], "texture": "#0"},
				"south": {"uv": [5.5, 4, 7, 5], "texture": "#0"},
				"west": {"uv": [7.5, 10, 8, 11], "texture": "#0"},
				"up": {"uv": [10.5, 9.5, 9, 9], "texture": "#0"},
				"down": {"uv": [11, 1, 9.5, 1.5], "texture": "#0"}
			}
		},
		{
			"from": [6.8, 11, 7.5],
			"to": [9.3, 13, 8],
			"faces": {
				"north": {"uv": [5.5, 5, 7, 6], "texture": "#0"},
				"east": {"uv": [8, 10, 8.5, 11], "texture": "#0"},
				"south": {"uv": [0, 6, 1.5, 7], "texture": "#0"},
				"west": {"uv": [8.5, 10, 9, 11], "texture": "#0"},
				"up": {"uv": [11, 2, 9.5, 1.5], "texture": "#0"},
				"down": {"uv": [11, 2, 9.5, 2.5], "texture": "#0"}
			}
		},
		{
			"from": [6.8, 19, 7.5],
			"to": [9.3, 21, 8],
			"faces": {
				"north": {"uv": [1.5, 6, 3, 7], "texture": "#0"},
				"east": {"uv": [9, 10, 9.5, 11], "texture": "#0"},
				"south": {"uv": [3, 6, 4.5, 7], "texture": "#0"},
				"west": {"uv": [9.5, 10, 10, 11], "texture": "#0"},
				"up": {"uv": [11, 3, 9.5, 2.5], "texture": "#0"},
				"down": {"uv": [11, 3, 9.5, 3.5], "texture": "#0"}
			}
		},
		{
			"from": [6.5, 5, 7.5],
			"to": [9, 7, 8],
			"faces": {
				"north": {"uv": [4.5, 6, 6, 7], "texture": "#0"},
				"east": {"uv": [10, 10, 10.5, 11], "texture": "#0"},
				"south": {"uv": [6, 6, 7.5, 7], "texture": "#0"},
				"west": {"uv": [0, 10.5, 0.5, 11.5], "texture": "#0"},
				"up": {"uv": [11, 4, 9.5, 3.5], "texture": "#0"},
				"down": {"uv": [11, 4, 9.5, 4.5], "texture": "#0"}
			}
		},
		{
			"from": [6.2, 7, 7.5],
			"to": [8.7, 9, 8],
			"faces": {
				"north": {"uv": [8, 8, 9.5, 9], "texture": "#0"},
				"east": {"uv": [0.5, 10.5, 1, 11.5], "texture": "#0"},
				"south": {"uv": [8.5, 1, 10, 2], "texture": "#0"},
				"west": {"uv": [1, 10.5, 1.5, 11.5], "texture": "#0"},
				"up": {"uv": [2.5, 11, 1.5, 10.5], "texture": "#0"},
				"down": {"uv": [3.5, 10.5, 2.5, 11], "texture": "#0"}
			}
		},
		{
			"from": [6.2, 15, 7.5],
			"to": [8.7, 17, 8],
			"faces": {
				"north": {"uv": [8.5, 2, 10, 3], "texture": "#0"},
				"east": {"uv": [3.5, 10.5, 4, 11.5], "texture": "#0"},
				"south": {"uv": [8.5, 3, 10, 4], "texture": "#0"},
				"west": {"uv": [4, 10.5, 4.5, 11.5], "texture": "#0"},
				"up": {"uv": [5.5, 11, 4.5, 10.5], "texture": "#0"},
				"down": {"uv": [11.5, 6, 10.5, 6.5], "texture": "#0"}
			}
		},
		{
			"from": [6.2, 23, 7.5],
			"to": [8.7, 25, 8],
			"faces": {
				"north": {"uv": [8.5, 4, 10, 5], "texture": "#0"},
				"east": {"uv": [5.5, 10.5, 6, 11.5], "texture": "#0"},
				"south": {"uv": [8.5, 5, 10, 6], "texture": "#0"},
				"west": {"uv": [10.5, 6.5, 11, 7.5], "texture": "#0"},
				"up": {"uv": [11.5, 8, 10.5, 7.5], "texture": "#0"},
				"down": {"uv": [11.5, 8, 10.5, 8.5], "texture": "#0"}
			}
		},
		{
			"from": [6.5, 9, 7.5],
			"to": [9, 11, 8],
			"faces": {
				"north": {"uv": [0, 7, 1.5, 8], "texture": "#0"},
				"east": {"uv": [10.5, 8.5, 11, 9.5], "texture": "#0"},
				"south": {"uv": [7, 1, 8.5, 2], "texture": "#0"},
				"west": {"uv": [10.5, 9.5, 11, 10.5], "texture": "#0"},
				"up": {"uv": [11, 5, 9.5, 4.5], "texture": "#0"},
				"down": {"uv": [11, 5, 9.5, 5.5], "texture": "#0"}
			}
		},
		{
			"from": [6.5, 13, 7.5],
			"to": [9, 15, 8],
			"faces": {
				"north": {"uv": [1.5, 7, 3, 8], "texture": "#0"},
				"east": {"uv": [10.5, 10.5, 11, 11.5], "texture": "#0"},
				"south": {"uv": [7, 2, 8.5, 3], "texture": "#0"},
				"west": {"uv": [11, 1, 11.5, 2], "texture": "#0"},
				"up": {"uv": [11, 6, 9.5, 5.5], "texture": "#0"},
				"down": {"uv": [7.5, 9.5, 6, 10], "texture": "#0"}
			}
		},
		{
			"from": [6.5, 17, 7.5],
			"to": [9, 19, 8],
			"faces": {
				"north": {"uv": [3, 7, 4.5, 8], "texture": "#0"},
				"east": {"uv": [1.5, 11, 2, 12], "texture": "#0"},
				"south": {"uv": [7, 3, 8.5, 4], "texture": "#0"},
				"west": {"uv": [2, 11, 2.5, 12], "texture": "#0"},
				"up": {"uv": [9, 10, 7.5, 9.5], "texture": "#0"},
				"down": {"uv": [10.5, 9.5, 9, 10], "texture": "#0"}
			}
		},
		{
			"from": [6.5, 21, 7.5],
			"to": [9, 23, 8],
			"faces": {
				"north": {"uv": [7, 4, 8.5, 5], "texture": "#0"},
				"east": {"uv": [11, 2, 11.5, 3], "texture": "#0"},
				"south": {"uv": [4.5, 7, 6, 8], "texture": "#0"},
				"west": {"uv": [2.5, 11, 3, 12], "texture": "#0"},
				"up": {"uv": [11.5, 0.5, 10, 0], "texture": "#0"},
				"down": {"uv": [11.5, 0.5, 10, 1], "texture": "#0"}
			}
		},
		{
			"from": [6.5, 25, 7.5],
			"to": [9, 27, 8],
			"faces": {
				"north": {"uv": [7, 5, 8.5, 6], "texture": "#0"},
				"east": {"uv": [3, 11, 3.5, 12], "texture": "#0"},
				"south": {"uv": [6, 7, 7.5, 8], "texture": "#0"},
				"west": {"uv": [11, 3, 11.5, 4], "texture": "#0"},
				"up": {"uv": [2.5, 10.5, 1, 10], "texture": "#0"},
				"down": {"uv": [4, 10, 2.5, 10.5], "texture": "#0"}
			}
		},
		{
			"from": [6.75, 27, 7.5],
			"to": [8.75, 29, 8],
			"faces": {
				"north": {"uv": [9, 0, 10, 1], "texture": "#0"},
				"east": {"uv": [11, 4, 11.5, 5], "texture": "#0"},
				"south": {"uv": [1, 9, 2, 10], "texture": "#0"},
				"west": {"uv": [4.5, 11, 5, 12], "texture": "#0"},
				"up": {"uv": [12, 5.5, 11, 5], "texture": "#0"},
				"down": {"uv": [12, 5.5, 11, 6], "texture": "#0"}
			}
		},
		{
			"from": [7, 29, 7.5],
			"to": [8.5, 30, 8],
			"faces": {
				"north": {"uv": [6, 11, 7, 11.5], "texture": "#0"},
				"east": {"uv": [5, 11, 5.5, 11.5], "texture": "#0"},
				"south": {"uv": [11, 6.5, 12, 7], "texture": "#0"},
				"west": {"uv": [10, 11, 10.5, 11.5], "texture": "#0"},
				"up": {"uv": [8, 11.5, 7, 11], "texture": "#0"},
				"down": {"uv": [12, 7, 11, 7.5], "texture": "#0"}
			}
		},
		{
			"from": [7.25, 30, 7.5],
			"to": [8.25, 31, 8],
			"faces": {
				"north": {"uv": [0, 11.5, 0.5, 12], "texture": "#0"},
				"east": {"uv": [11.5, 0, 12, 0.5], "texture": "#0"},
				"south": {"uv": [0.5, 11.5, 1, 12], "texture": "#0"},
				"west": {"uv": [11.5, 0.5, 12, 1], "texture": "#0"},
				"up": {"uv": [1.5, 12, 1, 11.5], "texture": "#0"},
				"down": {"uv": [12, 1, 11.5, 1.5], "texture": "#0"}
			}
		},
		{
			"from": [4.75, 0, 7.25],
			"to": [10.75, 1, 8.25],
			"faces": {
				"north": {"uv": [7.5, 6, 10.5, 6.5], "texture": "#0"},
				"east": {"uv": [11.5, 1.5, 12, 2], "texture": "#0"},
				"south": {"uv": [7.5, 6.5, 10.5, 7], "texture": "#0"},
				"west": {"uv": [11.5, 2, 12, 2.5], "texture": "#0"},
				"up": {"uv": [10.5, 7.5, 7.5, 7], "texture": "#0"},
				"down": {"uv": [10.5, 7.5, 7.5, 8], "texture": "#0"}
			}
		},
		{
			"from": [11.5, -6.1, 6.88],
			"to": [13, -4.85, 8.63],
			"faces": {
				"north": {"uv": [8, 11, 9, 11.5], "texture": "#0"},
				"east": {"uv": [11, 8.5, 12, 9], "texture": "#0"},
				"south": {"uv": [9, 11, 10, 11.5], "texture": "#0"},
				"west": {"uv": [11, 9, 12, 9.5], "texture": "#0"},
				"up": {"uv": [3, 10, 2, 9], "texture": "#0"},
				"down": {"uv": [4, 9, 3, 10], "texture": "#0"}
			}
		},
		{
			"from": [2.5, -6.1, 6.88],
			"to": [4, -4.85, 8.63],
			"faces": {
				"north": {"uv": [11, 9.5, 12, 10], "texture": "#0"},
				"east": {"uv": [11, 10, 12, 10.5], "texture": "#0"},
				"south": {"uv": [11, 10.5, 12, 11], "texture": "#0"},
				"west": {"uv": [11, 11, 12, 11.5], "texture": "#0"},
				"up": {"uv": [5, 10, 4, 9], "texture": "#0"},
				"down": {"uv": [6, 9, 5, 10], "texture": "#0"}
			}
		}
	],
	"gui_light": "front",
	"display": {
		"thirdperson_righthand": {
			"rotation": [0, 90, 0],
			"translation": [0, 10.5, 0.75],
			"scale": [0.7, 0.7, 0.7]
		},
		"thirdperson_lefthand": {
			"rotation": [0, 90, 0],
			"translation": [0, 10.5, 1],
			"scale": [0.7, 0.7, 0.7]
		},
		"firstperson_righthand": {
			"rotation": [13, 90, 0],
			"translation": [3.25, 5.5, -2]
		},
		"firstperson_lefthand": {
			"rotation": [13, 90, 0],
			"translation": [3.25, 5.5, -2]
		},
		"ground": {
			"translation": [0, 13, 0],
			"scale": [0.7, 0.7, 0.7]
		},
		"gui": {
			"rotation": [0, 0, -45],
			"translation": [0, 0.25, 0],
			"scale": [0.5, 0.5, 0.5]
		}
	}
}