{
	"credit": "Made with Blockbench",
	"texture_size": [32, 32],
	"textures": {
		"0": "item/withersword",
		"particle": "withersword"
	},
	"elements": [
		{
			"from": [7.25, -1, 7.25],
			"to": [8.75, 6, 8.75],
			"rotation": {"angle": 0, "axis": "y", "origin": [6.75, 0, 7.25]},
			"faces": {
				"north": {"uv": [10, 0, 11, 3.5], "texture": "#0"},
				"east": {"uv": [10, 3.5, 11, 7], "texture": "#0"},
				"south": {"uv": [10, 7, 11, 10.5], "texture": "#0"},
				"west": {"uv": [10, 10.5, 11, 14], "texture": "#0"},
				"up": {"uv": [5.5, 13.5, 4.5, 12.5], "texture": "#0"},
				"down": {"uv": [14, 8, 13, 9], "texture": "#0"}
			}
		},
		{
			"from": [7, 6, 7],
			"to": [9, 8, 9],
			"rotation": {"angle": 0, "axis": "y", "origin": [6.75, 7, 7.25]},
			"faces": {
				"north": {"uv": [13, 9, 14, 10], "texture": "#0"},
				"east": {"uv": [13, 10, 14, 11], "texture": "#0"},
				"south": {"uv": [13, 11, 14, 12], "texture": "#0"},
				"west": {"uv": [11.5, 13, 12.5, 14], "texture": "#0"},
				"up": {"uv": [14, 13, 13, 12], "texture": "#0"},
				"down": {"uv": [13.5, 13, 12.5, 14], "texture": "#0"}
			}
		},
		{
			"from": [7.2, 4.5, 7.2],
			"to": [8.8, 5.5, 8.8],
			"rotation": {"angle": 0, "axis": "y", "origin": [6.75, 4.5, 7.25]},
			"faces": {
				"north": {"uv": [14, 12, 15, 12.5], "texture": "#0"},
				"east": {"uv": [14, 12.5, 15, 13], "texture": "#0"},
				"south": {"uv": [13, 14, 14, 14.5], "texture": "#0"},
				"west": {"uv": [14, 14, 15, 14.5], "texture": "#0"},
				"up": {"uv": [14.5, 2, 13.5, 1], "texture": "#0"},
				"down": {"uv": [14.5, 2, 13.5, 3], "texture": "#0"}
			}
		},
		{
			"from": [7.2, 0, 7.2],
			"to": [8.8, 1, 8.8],
			"rotation": {"angle": 0, "axis": "y", "origin": [6.75, 0, 7.25]},
			"faces": {
				"north": {"uv": [14.5, 1, 15.5, 1.5], "texture": "#0"},
				"east": {"uv": [14.5, 1.5, 15.5, 2], "texture": "#0"},
				"south": {"uv": [14.5, 2, 15.5, 2.5], "texture": "#0"},
				"west": {"uv": [14.5, 2.5, 15.5, 3], "texture": "#0"},
				"up": {"uv": [4, 14.5, 3, 13.5], "texture": "#0"},
				"down": {"uv": [14.5, 3, 13.5, 4], "texture": "#0"}
			}
		},
		{
			"from": [2.9, 7.3, 7.15],
			"to": [4.9, 8.65, 8.85],
			"rotation": {"angle": 0, "axis": "y", "origin": [2.65, 8, 7.25]},
			"faces": {
				"north": {"uv": [3, 14.5, 4, 15], "texture": "#0"},
				"east": {"uv": [14.5, 3, 15.5, 3.5], "texture": "#0"},
				"south": {"uv": [14.5, 3.5, 15.5, 4], "texture": "#0"},
				"west": {"uv": [4, 14.5, 5, 15], "texture": "#0"},
				"up": {"uv": [5, 14.5, 4, 13.5], "texture": "#0"},
				"down": {"uv": [6, 13.5, 5, 14.5], "texture": "#0"}
			}
		},
		{
			"from": [4.5, 6.65, 7.25],
			"to": [7.5, 8.15, 8.75],
			"rotation": {"angle": -22.5, "axis": "z", "origin": [6, 7.4, 8]},
			"faces": {
				"north": {"uv": [3, 11.5, 4.5, 12.5], "texture": "#0"},
				"east": {"uv": [13.5, 13, 14.5, 14], "texture": "#0"},
				"south": {"uv": [4.5, 11.5, 6, 12.5], "texture": "#0"},
				"west": {"uv": [14, 0, 15, 1], "texture": "#0"},
				"up": {"uv": [13, 9, 11.5, 8], "texture": "#0"},
				"down": {"uv": [13, 9, 11.5, 10], "texture": "#0"}
			}
		},
		{
			"from": [11.1, 7.3, 7.15],
			"to": [13.1, 8.65, 8.85],
			"rotation": {"angle": 0, "axis": "y", "origin": [13.35, 8, 7.25]},
			"faces": {
				"north": {"uv": [5, 14.5, 6, 15], "texture": "#0"},
				"east": {"uv": [14.5, 10, 15.5, 10.5], "texture": "#0"},
				"south": {"uv": [14.5, 10.5, 15.5, 11], "texture": "#0"},
				"west": {"uv": [14.5, 11, 15.5, 11.5], "texture": "#0"},
				"up": {"uv": [15, 5, 14, 4], "texture": "#0"},
				"down": {"uv": [15, 8, 14, 9], "texture": "#0"}
			}
		},
		{
			"from": [8.5, 6.65, 7.25],
			"to": [11.5, 8.15, 8.75],
			"rotation": {"angle": 22.5, "axis": "z", "origin": [10, 7.4, 8]},
			"faces": {
				"north": {"uv": [11.5, 10, 13, 11], "texture": "#0"},
				"east": {"uv": [14, 9, 15, 10], "texture": "#0"},
				"south": {"uv": [11.5, 11, 13, 12], "texture": "#0"},
				"west": {"uv": [10, 14, 11, 15], "texture": "#0"},
				"up": {"uv": [13, 13, 11.5, 12], "texture": "#0"},
				"down": {"uv": [14, 0, 12.5, 1], "texture": "#0"}
			}
		},
		{
			"from": [6.75, -3, 7],
			"to": [9.25, -0.5, 9],
			"rotation": {"angle": 45, "axis": "z", "origin": [8, -1.75, 8]},
			"faces": {
				"north": {"uv": [11, 0, 12.5, 1.5], "texture": "#0"},
				"east": {"uv": [12.5, 1, 13.5, 2.5], "texture": "#0"},
				"south": {"uv": [11, 1.5, 12.5, 3], "texture": "#0"},
				"west": {"uv": [12.5, 2.5, 13.5, 4], "texture": "#0"},
				"up": {"uv": [4.5, 13.5, 3, 12.5], "texture": "#0"},
				"down": {"uv": [14, 4, 12.5, 5], "texture": "#0"}
			}
		},
		{
			"from": [5.5, 7.75, 7.7],
			"to": [10.5, 30.75, 8.3],
			"rotation": {"angle": 0, "axis": "y", "origin": [7, 7.75, 6.5]},
			"faces": {
				"north": {"uv": [0, 0, 2.5, 11.5], "texture": "#0"},
				"east": {"uv": [5, 0, 5.5, 11.5], "texture": "#0"},
				"south": {"uv": [2.5, 0, 5, 11.5], "texture": "#0"},
				"west": {"uv": [5.5, 0, 6, 11.5], "texture": "#0"},
				"up": {"uv": [15, 5.5, 12.5, 5], "texture": "#0"},
				"down": {"uv": [15, 5.5, 12.5, 6], "texture": "#0"}
			}
		},
		{
			"from": [10.5, 22.75, 7.5],
			"to": [11.5, 30.75, 8.5],
			"rotation": {"angle": 0, "axis": "y", "origin": [12, 7.75, 6.5]},
			"faces": {
				"north": {"uv": [11, 6, 11.5, 10], "texture": "#0"},
				"east": {"uv": [11, 10, 11.5, 14], "texture": "#0"},
				"south": {"uv": [0, 11.5, 0.5, 15.5], "texture": "#0"},
				"west": {"uv": [0.5, 11.5, 1, 15.5], "texture": "#0"},
				"up": {"uv": [6, 13, 5.5, 12.5], "texture": "#0"},
				"down": {"uv": [6, 13, 5.5, 13.5], "texture": "#0"}
			}
		},
		{
			"from": [4.5, 30.75, 7.5],
			"to": [11.5, 31.75, 8.5],
			"rotation": {"angle": 0, "axis": "y", "origin": [12, 8.75, 6.5]},
			"faces": {
				"north": {"uv": [11.5, 6, 15, 6.5], "texture": "#0"},
				"east": {"uv": [11.5, 14.5, 12, 15], "texture": "#0"},
				"south": {"uv": [11.5, 6.5, 15, 7], "texture": "#0"},
				"west": {"uv": [12, 14.5, 12.5, 15], "texture": "#0"},
				"up": {"uv": [15, 7.5, 11.5, 7], "texture": "#0"},
				"down": {"uv": [15, 7.5, 11.5, 8], "texture": "#0"}
			}
		},
		{
			"from": [6.5, 6.75, 7.4],
			"to": [9.5, 9.75, 8.6],
			"rotation": {"angle": -45, "axis": "z", "origin": [8, 8.25, 8]},
			"faces": {
				"north": {"uv": [11, 3, 12.5, 4.5], "texture": "#0"},
				"east": {"uv": [14, 10, 14.5, 11.5], "texture": "#0"},
				"south": {"uv": [11, 4.5, 12.5, 6], "texture": "#0"},
				"west": {"uv": [11, 14, 11.5, 15.5], "texture": "#0"},
				"up": {"uv": [13, 14.5, 11.5, 14], "texture": "#0"},
				"down": {"uv": [15.5, 11.5, 14, 12], "texture": "#0"}
			}
		},
		{
			"from": [9.5, 7.75, 8.3],
			"to": [10.5, 22.75, 8.5],
			"rotation": {"angle": 0, "axis": "y", "origin": [11, -0.25, 6.525]},
			"faces": {
				"north": {"uv": [6, 0, 6.5, 7.5], "texture": "#0"},
				"east": {"uv": [6.5, 0, 7, 7.5], "texture": "#0"},
				"south": {"uv": [7, 0, 7.5, 7.5], "texture": "#0"},
				"west": {"uv": [7.5, 0, 8, 7.5], "texture": "#0"},
				"up": {"uv": [13, 15, 12.5, 14.5], "texture": "#0"},
				"down": {"uv": [13.5, 14.5, 13, 15], "texture": "#0"}
			}
		},
		{
			"from": [5.5, 7.75, 8.3],
			"to": [6.5, 22.75, 8.5],
			"rotation": {"angle": 0, "axis": "y", "origin": [7, -0.25, 6.525]},
			"faces": {
				"north": {"uv": [6, 7.5, 6.5, 15], "texture": "#0"},
				"east": {"uv": [6.5, 7.5, 7, 15], "texture": "#0"},
				"south": {"uv": [7, 7.5, 7.5, 15], "texture": "#0"},
				"west": {"uv": [7.5, 7.5, 8, 15], "texture": "#0"},
				"up": {"uv": [15, 13.5, 14.5, 13], "texture": "#0"},
				"down": {"uv": [14, 14.5, 13.5, 15], "texture": "#0"}
			}
		},
		{
			"from": [5.5, 7.75, 7.5],
			"to": [6.5, 22.75, 7.7],
			"rotation": {"angle": 0, "axis": "y", "origin": [7, -0.25, 5.725]},
			"faces": {
				"north": {"uv": [8, 0, 8.5, 7.5], "texture": "#0"},
				"east": {"uv": [8, 7.5, 8.5, 15], "texture": "#0"},
				"south": {"uv": [8.5, 0, 9, 7.5], "texture": "#0"},
				"west": {"uv": [8.5, 7.5, 9, 15], "texture": "#0"},
				"up": {"uv": [15, 14, 14.5, 13.5], "texture": "#0"},
				"down": {"uv": [14.5, 14.5, 14, 15], "texture": "#0"}
			}
		},
		{
			"from": [9.5, 7.75, 7.5],
			"to": [10.5, 22.75, 7.7],
			"rotation": {"angle": 0, "axis": "y", "origin": [11, -0.25, 5.725]},
			"faces": {
				"north": {"uv": [9, 0, 9.5, 7.5], "texture": "#0"},
				"east": {"uv": [9, 7.5, 9.5, 15], "texture": "#0"},
				"south": {"uv": [9.5, 0, 10, 7.5], "texture": "#0"},
				"west": {"uv": [9.5, 7.5, 10, 15], "texture": "#0"},
				"up": {"uv": [15, 15, 14.5, 14.5], "texture": "#0"},
				"down": {"uv": [15.5, 0, 15, 0.5], "texture": "#0"}
			}
		},
		{
			"from": [4.5, 22.75, 7.5],
			"to": [5.5, 30.75, 8.5],
			"rotation": {"angle": 0, "axis": "y", "origin": [6, 7.75, 6.5]},
			"faces": {
				"north": {"uv": [1, 11.5, 1.5, 15.5], "texture": "#0"},
				"east": {"uv": [1.5, 11.5, 2, 15.5], "texture": "#0"},
				"south": {"uv": [2, 11.5, 2.5, 15.5], "texture": "#0"},
				"west": {"uv": [2.5, 11.5, 3, 15.5], "texture": "#0"},
				"up": {"uv": [15.5, 1, 15, 0.5], "texture": "#0"},
				"down": {"uv": [3.5, 15, 3, 15.5], "texture": "#0"}
			}
		}
	],
	"gui_light": "front",
	"display": {
		"thirdperson_righthand": {
			"rotation": [0, 90, 0],
			"translation": [-0.5, 1.5, 1.25],
			"scale": [0.7, 0.7, 0.7]
		},
		"thirdperson_lefthand": {
			"rotation": [0, 90, 0],
			"translation": [-0.5, 1.5, 1.25],
			"scale": [0.7, 0.7, 0.7]
		},
		"firstperson_righthand": {
			"rotation": [0, 90, 5],
			"translation": [0, 1.5, 1.25],
			"scale": [0.7, 0.7, 0.7]
		},
		"firstperson_lefthand": {
			"rotation": [0, 90, 5],
			"translation": [0, 1.5, 1.25],
			"scale": [0.7, 0.7, 0.7]
		},
		"ground": {
			"translation": [0, 4.5, 0],
			"scale": [0.5, 0.5, 0.5]
		},
		"gui": {
			"rotation": [0, 0, -45],
			"translation": [-3, -2.75, 0],
			"scale": [0.55, 0.55, 1]
		},
		"fixed": {
			"translation": [0, -4, 0]
		}
	}
}