{
  "model": {
    "type": "minecraft:select",
    "property": "minecraft:component",
    "component": "minecraft:custom_name",
    "cases": [
      {
        "when": "Socks",
        "model": { "type": "minecraft:model", "model": "minecraft:item/socks" }    
	  },
	  {
	"when": "Quartz Mace",
        "model": { "type": "minecraft:model", "model": "minecraft:item/quartzmace" }
	  },
	  {
        "when": "Maul",
        "model": { "type": "minecraft:model", "model": "minecraft:item/mauln" }
	  },
	  {
        "when": "Bludgeon",
        "model": { "type": "minecraft:model", "model": "minecraft:item/bludgeonn" }
	  },
	  {
        "when": "Pufferfish Mace",
        "model": { "type": "minecraft:model", "model": "minecraft:item/pufferfishmace" }
	  },
	  {
        "when": "Shiny Pufferfish Mace",
        "model": { "type": "minecraft:model", "model": "minecraft:item/shinypufferfishmace" }
	  },
	  {
        "when": "Dark Shovel",
        "model": { "type": "minecraft:model", "model": "minecraft:item/darkshovel" }
	  },
	  {
        "when": "Shiny Shovel",
        "model": { "type": "minecraft:model", "model": "minecraft:item/shinyshovel" }
	  },
	  {
        "when": "Forest Club",
        "model": { "type": "minecraft:model", "model": "minecraft:item/forestclub" }
	  },
	  {
        "when": "Mangrove Club",
        "model": { "type": "minecraft:model", "model": "minecraft:item/mangroveclub" }
	  },
	  {
        "when": "Cactus Club",
        "model": { "type": "minecraft:model", "model": "minecraft:item/cactusclub" }
	  },
	  {
        "when": "Warden Mace",
        "model": { "type": "minecraft:model", "model": "minecraft:item/wardenmace" }
	  },
	  {
	"when": "Sandstone Hammer",
        "model": { "type": "minecraft:model", "model": "minecraft:item/sandstonehammer" }
	  },
	  {
	"when": "Evoker Wheel",
        "model": { "type": "minecraft:model", "model": "minecraft:item/evokerwheel" }
	  },
	  {
	"when": "Soul Mace",
        "model": { "type": "minecraft:model", "model": "minecraft:item/soulmace" }
	  },
	  {
	"when": "Dark Club",
        "model": { "type": "minecraft:model", "model": "minecraft:item/darkclub" }
	  },
	  {
        "when": "Tuff Hammer",
        "model": { "type": "minecraft:model", "model": "minecraft:item/tuffhammer" }    
	  },
	  {
        "when": "Netherite Mace",
        "model": { "type": "minecraft:model", "model": "minecraft:item/netheritemace" }    
	  }
    ],
    "fallback": {
          "type": "minecraft:model",
          "model": "minecraft:item/mace"
    }
  }
}