{
  "model": {
    "type": "minecraft:select",
    "property": "minecraft:component",
    "component": "minecraft:custom_name",
    "cases": [
      {
        "when": "Goat Shield",
	"model": {
					"type": "minecraft:condition",
					"property": "minecraft:using_item",
					"on_true": {
						"type": "minecraft:model",
						"model": "minecraft:item/goatshieldblock"
					},
					"on_false": {
						"type": "minecraft:model",
						"model": "minecraft:item/goatshield"
					}
				}
			},
	{
        "when": "Heater Shield",
	"model": {
					"type": "minecraft:condition",
					"property": "minecraft:using_item",
					"on_true": {
						"type": "minecraft:model",
						"model": "minecraft:item/heatershieldblock"
					},
					"on_false": {
						"type": "minecraft:model",
						"model": "minecraft:item/heatershield"
					}
				}
			},
	{
        "when": "Round Shield",
	"model": {
					"type": "minecraft:condition",
					"property": "minecraft:using_item",
					"on_true": {
						"type": "minecraft:model",
						"model": "minecraft:item/roundshieldblock"
					},
					"on_false": {
						"type": "minecraft:model",
						"model": "minecraft:item/roundshield"
					}
				}
			},
	{
        "when": "Hoglin Shield",
	"model": {
					"type": "minecraft:condition",
					"property": "minecraft:using_item",
					"on_true": {
						"type": "minecraft:model",
						"model": "minecraft:item/hoglinshieldblock"
					},
					"on_false": {
						"type": "minecraft:model",
						"model": "minecraft:item/hoglinshield"
					}
				}
			},
	{
        "when": "Prismarine Shield",
	"model": {
					"type": "minecraft:condition",
					"property": "minecraft:using_item",
					"on_true": {
						"type": "minecraft:model",
						"model": "minecraft:item/prismarineshieldblock"
					},
					"on_false": {
						"type": "minecraft:model",
						"model": "minecraft:item/prismarineshield"
					}
				}
			},
	{
        "when": "Ghast Shield",
	"model": {
					"type": "minecraft:condition",
					"property": "minecraft:using_item",
					"on_true": {
						"type": "minecraft:model",
						"model": "minecraft:item/ghastshieldblock"
					},
					"on_false": {
						"type": "minecraft:model",
						"model": "minecraft:item/ghastshield"
					}
				}
			},
	{
	"when": "Bamboo Shield",
	"model": {
					"type": "minecraft:condition",
					"property": "minecraft:using_item",
					"on_true": {
						"type": "minecraft:model",
						"model": "minecraft:item/bambooshieldblock"
					},
					"on_false": {
						"type": "minecraft:model",
						"model": "minecraft:item/bambooshield"
					}
				}
			},
	{
	"when": "Tuff Shield",
	"model": {
					"type": "minecraft:condition",
					"property": "minecraft:using_item",
					"on_true": {
						"type": "minecraft:model",
						"model": "minecraft:item/tuffshieldblock"
					},
					"on_false": {
						"type": "minecraft:model",
						"model": "minecraft:item/tuffshield"
					}
				}
			},
	{
	"when": "End Shield",
	"model": {
					"type": "minecraft:condition",
					"property": "minecraft:using_item",
					"on_true": {
						"type": "minecraft:model",
						"model": "minecraft:item/endshieldblock"
					},
					"on_false": {
						"type": "minecraft:model",
						"model": "minecraft:item/endshield"
					}
				}

			}
	
		],
		"fallback": {
			"type": "minecraft:condition",
			"property": "minecraft:using_item",
			"on_true": {
				"type": "minecraft:special",
				"model": {
					"type": "minecraft:shield"
				},
				"base": "item/shield_blocking"
			},
			"on_false": {
				"type": "minecraft:special",
				"model": {
					"type": "minecraft:shield"
				},
				"base": "item/shield"
			}
		}
	}
}