{
  "model": {
    "type": "minecraft:select",
    "property": "minecraft:component",
    "component": "minecraft:custom_name",
    "cases": [
      {
        "when": "Ancient Sword",
        "model": { "type": "minecraft:model", "model": "minecraft:item/ancientsword" }
	  },
	  {
        "when": "Bamboo Sword",
        "model": { "type": "minecraft:model", "model": "minecraft:item/bamboosword" }
	  },
	  {
        "when": "Quartz Sword",
        "model": { "type": "minecraft:model", "model": "minecraft:item/quartzsword" }
	  },
	  {
        "when": "Dagger",
        "model": { "type": "minecraft:model", "model": "minecraft:item/daggers" }
	  },
	  {
        "when": "Maul",
        "model": { "type": "minecraft:model", "model": "minecraft:item/mauls" }
	  },
	  {
        "when": "Bludgeon",
        "model": { "type": "minecraft:model", "model": "minecraft:item/bludgeons" }
	  },
	  {
        "when": "War Axe",
        "model": { "type": "minecraft:model", "model": "minecraft:item/waraxes" }
	  },
	  {
        "when": "Battle Axe",
        "model": { "type": "minecraft:model", "model": "minecraft:item/battleaxes" }
	  },
	  {
        "when": "Greatsword",
        "model": { "type": "minecraft:model", "model": "minecraft:item/greatswords" }
	  },
	  {
        "when": "Sword",
        "model": { "type": "minecraft:model", "model": "minecraft:item/swords" }
	  },
	  {
        "when": "Andesite Sword",
        "model": { "type": "minecraft:model", "model": "minecraft:item/andesitesword" }
	  },
	  {
        "when": "Granite Sword",
        "model": { "type": "minecraft:model", "model": "minecraft:item/granitesword" }
	  },
	  {
        "when": "Diorite Sword",
        "model": { "type": "minecraft:model", "model": "minecraft:item/dioritesword" }
	  },
	  {
        "when": "Pufferfish Mace",
        "model": { "type": "minecraft:model", "model": "minecraft:item/pufferfishmace" }
	  },
	  {
 	"when": "Resin Axe",
        "model": { "type": "minecraft:model", "model": "minecraft:item/resinaxe" }    
	  },
	  {
        "when": "Steel Sword",
        "model": { "type": "minecraft:model", "model": "minecraft:item/steelsword" }
	  },
	  {
        "when": "Steel Axe",
        "model": { "type": "minecraft:model", "model": "minecraft:item/steelaxe" }
	  },
	  {
        "when": "Taiga Dagger",
        "model": { "type": "minecraft:model", "model": "minecraft:item/taigadagger" }
	  },
	  {
        "when": "Dark Shovel",
        "model": { "type": "minecraft:model", "model": "minecraft:item/darkshovel" }
	  },
	  {
        "when": "Wither Sword",
        "model": { "type": "minecraft:model", "model": "minecraft:item/withersword" }
	  },
	  {
        "when": "Cactus Club",
        "model": { "type": "minecraft:model", "model": "minecraft:item/cactusclub" }
	  },
	  {
        "when": "Blackstone Axe",
        "model": { "type": "minecraft:model", "model": "minecraft:item/blackstoneaxe" }    
	  },
	  {
        "when": "Bamboo Spear",
        "model": { "type": "minecraft:model", "model": "minecraft:item/bamboospear" }
	  },
	  {
        "when": "Warden Mace",
        "model": { "type": "minecraft:model", "model": "minecraft:item/wardenmace" }
	  },
	  {
	"when": "Sandstone Hammer",
        "model": { "type": "minecraft:model", "model": "minecraft:item/sandstonehammer" }
	  },
	  {
	"when": "Flint Axe",
        "model": { "type": "minecraft:model", "model": "minecraft:item/flintaxe" }    
	  },
	  {
	"when": "Evoker Wheel",
        "model": { "type": "minecraft:model", "model": "minecraft:item/evokerwheel" }
	  },
	  {
	"when": "Amethyst Sword",
        "model": { "type": "minecraft:model", "model": "minecraft:item/amethystsword" }
	  },
	  {
	"when": "Soul Mace",
        "model": { "type": "minecraft:model", "model": "minecraft:item/soulmace" }
	  },
	  {
	"when": "Ice Axe",
        "model": { "type": "minecraft:model", "model": "minecraft:item/iceaxe" }    
	  },
	  {
	"when": "Quartz Mace",
        "model": { "type": "minecraft:model", "model": "minecraft:item/quartzmace" }
	  },
	  {
	"when": "Dark Club",
        "model": { "type": "minecraft:model", "model": "minecraft:item/darkclub" }
	  },
	  {
	"when": "Breeze Sword",
        "model": { "type": "minecraft:model", "model": "minecraft:item/breezesword" }
	  },
	  {
	"when": "Mangrove Sword",
        "model": { "type": "minecraft:model", "model": "minecraft:item/mangrovesword" }
	  },
	  {
	"when": "Resin Sword",
        "model": { "type": "minecraft:model", "model": "minecraft:item/resinsword" }    
	  },
	  {
	"when": "Taiga Axe",
        "model": { "type": "minecraft:model", "model": "minecraft:item/taigaaxe" }    
	  },
	  {
	"when": "Pale Sword",
        "model": { "type": "minecraft:model", "model": "minecraft:item/palesword" }    
	  },
	  {
        "when": "Bastion Sword",
        "model": { "type": "minecraft:model", "model": "minecraft:item/bastionsword" }
	  },
	  {
        "when": "BMO",
        "model": { "type": "minecraft:model", "model": "minecraft:item/bmo" }
	  },
	  {
        "when": "Cave Sword",
        "model": { "type": "minecraft:model", "model": "minecraft:item/cavesword" }
	  },
	  {
        "when": "Cherry Sword",
        "model": { "type": "minecraft:model", "model": "minecraft:item/cherrysword" }
	  },
	  {
        "when": "Cigarette",
        "model": { "type": "minecraft:model", "model": "minecraft:item/cigarette" }    
	  },
	  {
        "when": "Cookie",
        "model": { "type": "minecraft:model", "model": "minecraft:item/bigcookie" }    
	  },
	  {
        "when": "Crimson Sword",
        "model": { "type": "minecraft:model", "model": "minecraft:item/crimsonsword" }    
	  },
	  {
        "when": "Crowbar",
        "model": { "type": "minecraft:model", "model": "minecraft:item/crowbar" }    
	  },
	  {
        "when": "Delta Sword",
        "model": { "type": "minecraft:model", "model": "minecraft:item/deltasword" }    
	  },
	  {
        "when": "Desert Sword",
        "model": { "type": "minecraft:model", "model": "minecraft:item/desertsword" }    
	  },
	  {
        "when": "Echo Sword",
        "model": { "type": "minecraft:model", "model": "minecraft:item/echosword" }    
	  },
	  {
        "when": "Emerald Sword",
        "model": { "type": "minecraft:model", "model": "minecraft:item/emeraldsword" }    
	  },
	  {
        "when": "Ender Dragon Slayer",
        "model": { "type": "minecraft:model", "model": "minecraft:item/enderdragonslayer" }    
	  },
	  {
        "when": "End Sword",
        "model": { "type": "minecraft:model", "model": "minecraft:item/endsword" }    
	  },
	  {
        "when": "Forest Club",
        "model": { "type": "minecraft:model", "model": "minecraft:item/forestclub" }    
	  },
	  {
        "when": "Fortress Sword",
        "model": { "type": "minecraft:model", "model": "minecraft:item/fortresssword" }    
	  },
	  {
        "when": "Frog Sword",
        "model": { "type": "minecraft:model", "model": "minecraft:item/frogsword" }    
	  },
	  {
        "when": "Gale Sword",
        "model": { "type": "minecraft:model", "model": "minecraft:item/galesword" }    
	  },
	  {
        "when": "Guardian Hook",
        "model": { "type": "minecraft:model", "model": "minecraft:item/guardianhook" }    
	  },
	  {
        "when": "Ice Sword",
        "model": { "type": "minecraft:model", "model": "minecraft:item/icesword" }    
	  },
	  {
        "when": "Mangrove Club",
        "model": { "type": "minecraft:model", "model": "minecraft:item/mangroveclub" }    
	  },
	  {
        "when": "Menord",
        "model": { "type": "minecraft:model", "model": "minecraft:item/menord" }    
	  },
	  {
        "when": "Merlin",
        "model": { "type": "minecraft:model", "model": "minecraft:item/merlin" }    
	  },
	  {
        "when": "Monument Sword",
        "model": { "type": "minecraft:model", "model": "minecraft:item/monumentsword" }    
	  },
	  {
        "when": "Mushroom Axe",
        "model": { "type": "minecraft:model", "model": "minecraft:item/mushroomaxe" }    
	  },
	  {
        "when": "Netherite Mace",
        "model": { "type": "minecraft:model", "model": "minecraft:item/netheritemace" }    
	  },
	  {
        "when": "Pigeon",
        "model": { "type": "minecraft:model", "model": "minecraft:item/pigeon" }    
	  },
	  {
        "when": "Plimus",
        "model": { "type": "minecraft:model", "model": "minecraft:item/plimus" }    
	  },
	  {
        "when": "Prismarine Sword",
        "model": { "type": "minecraft:model", "model": "minecraft:item/prismarinesword" }    
	  },
	  {
        "when": "Purpur Sword",
        "model": { "type": "minecraft:model", "model": "minecraft:item/purpursword" }    
	  },
	  {
        "when": "Sea Sword",
        "model": { "type": "minecraft:model", "model": "minecraft:item/seasword" }    
	  },
	  {
        "when": "Sniffer Axe",
        "model": { "type": "minecraft:model", "model": "minecraft:item/snifferaxe" }    
	  },
	  {
        "when": "Socks",
        "model": { "type": "minecraft:model", "model": "minecraft:item/socks" }    
	  },
	  {
        "when": "Soul Scythe",
        "model": { "type": "minecraft:model", "model": "minecraft:item/soulscythe" }    
	  },
	  {
        "when": "Tuff Hammer",
        "model": { "type": "minecraft:model", "model": "minecraft:item/tuffhammer" }    
	  },
	  {
        "when": "Tuff Sword",
        "model": { "type": "minecraft:model", "model": "minecraft:item/tuffsword" }    
	  },
	  {
        "when": "Warped Sword",
        "model": { "type": "minecraft:model", "model": "minecraft:item/warpedsword" }    
	  }
    ],
    "fallback": {
          "type": "minecraft:model",
          "model": "minecraft:item/stone_sword"
    }
  }
}