{
  "model": {
    "type": "minecraft:select",
    "property": "minecraft:component",
    "component": "minecraft:custom_name",
    "cases": [
      {
        "when": "Mushroom Axe",
        "model": { "type": "minecraft:model", "model": "minecraft:item/mushroomaxe" }    
	  },
	  {
        "when": "Blackstone Axe",
        "model": { "type": "minecraft:model", "model": "minecraft:item/blackstoneaxe" }    
	  },
	  {
        "when": "War Axe",
        "model": { "type": "minecraft:model", "model": "minecraft:item/waraxes" }
	  },
	  {
        "when": "Battle Axe",
        "model": { "type": "minecraft:model", "model": "minecraft:item/battleaxes" }
	  },
	  {
        "when": "Steel Axe",
        "model": { "type": "minecraft:model", "model": "minecraft:item/steelaxe" }
	  },
	  {
 	"when": "Resin Axe",
        "model": { "type": "minecraft:model", "model": "minecraft:item/resinaxe" }    
	  },
	  {
	"when": "Taiga Axe",
        "model": { "type": "minecraft:model", "model": "minecraft:item/taigaaxe" }    
	  },
	  {
	"when": "Flint Axe",
        "model": { "type": "minecraft:model", "model": "minecraft:item/flintaxe" }    
	  },
	  {
	"when": "Ice Axe",
        "model": { "type": "minecraft:model", "model": "minecraft:item/iceaxe" }    
	  },
	  {
        "when": "Sniffer Axe",
        "model": { "type": "minecraft:model", "model": "minecraft:item/snifferaxe" }    
	  }
    ],
    "fallback": {
          "type": "minecraft:model",
          "model": "minecraft:item/stone_axe"
    }
  }
}