{
  "model": {
    "type": "minecraft:select",
    "property": "minecraft:component",
    "component": "minecraft:custom_name",
    "cases": [
      {
        "when": "Socks",
        "model": { "type": "minecraft:model", "model": "minecraft:item/socks" }    
	  },
	  {
        "when": "Pigeon",
        "model": { "type": "minecraft:model", "model": "minecraft:item/pigeon" }    
	  },
	  {
        "when": "Merlin",
        "model": { "type": "minecraft:model", "model": "minecraft:item/merlin" }
  	  },
	  {
        "when": "BMO",
        "model": { "type": "minecraft:model", "model": "minecraft:item/bmo" }    
	  },
	  {
        "when": "Plimus",
        "model": { "type": "minecraft:model", "model": "minecraft:item/plimustotem" }    
	  },
	  {
        "when": "Amber",
        "model": { "type": "minecraft:model", "model": "minecraft:item/ambertotem" }      
	  }
    ],
    "fallback": {
          "type": "minecraft:model",
          "model": "minecraft:item/totem_of_undying"
    }
  }
}