{
	"model": {
		"type": "condition",
		"on_false": {
			"type": "select",
			"cases": [
				{
					"model": {
						"type": "select",
						"model": "item/crossbow_arrow",
						"property": "component",
						"component": "custom_name",
						"cases": [
							{
								"when": "Redlock Pistol",
								"model": {
									"type": "model",
									"model": "minecraft:item/redlockpistol3"
								}
							},
							{
								"when": "Redlock Rifle",
								"model": {
									"type": "model",
									"model": "minecraft:item/redlockrifle3"
								}
							},
							{
								"when": "Redstone Repeater",
								"model": {
									"type": "model",
									"model": "minecraft:item/redstonerepeater3"
								}
							}
						],
						"fallback": {
							"type": "model",
							"model": "item/crossbow_arrow"
						}
					},
					"when": "arrow"
				},
				{
					"model": {
						"type": "select",
						"model": "item/crossbow_firework",
						"property": "component",
						"component": "custom_name",
						"cases": [
							{
								"when": "Redlock Pistol",
								"model": {
									"type": "model",
									"model": "minecraft:item/redlockpistol3"
								}
							},
							{
								"when": "Redlock Rifle",
								"model": {
									"type": "model",
									"model": "minecraft:item/redlockrifle3"
								}
							},
							{
								"when": "Redstone Repeater",
								"model": {
									"type": "model",
									"model": "minecraft:item/redstonerepeater3"
								}
							}
						],
						"fallback": {
							"type": "model",
							"model": "item/crossbow_firework"
						}
					},
					"when": "rocket"
				}
			],
			"fallback": {
				"type": "select",
				"model": "item/crossbow",
				"property": "component",
				"component": "custom_name",
				"cases": [
					{
						"when": "Redlock Pistol",
						"model": {
							"type": "model",
							"model": "minecraft:item/redlockpistol"
						}
					},
					{
						"when": "Redlock Rifle",
						"model": {
							"type": "model",
							"model": "minecraft:item/redlockrifle"
						}
					},
					{
						"when": "Redstone Repeater",
						"model": {
							"type": "model",
							"model": "minecraft:item/redstonerepeater"
						}
					}
				],
				"fallback": {
					"type": "model",
					"model": "item/crossbow"
				}
			},
			"property": "charge_type"
		},
		"on_true": {
			"type": "range_dispatch",
			"entries": [
				{
					"model": {
						"type": "select",
						"model": "item/crossbow_pulling_0",
						"property": "component",
						"component": "custom_name",
						"cases": [
							{
								"when": "Redlock Pistol",
								"model": {
									"type": "model",
									"model": "minecraft:item/redlockpistol0"
								}
							},
							{
								"when": "Redlock Rifle",
								"model": {
									"type": "model",
									"model": "minecraft:item/redlockrifle0"
								}
							},
							{
								"when": "Redstone Repeater",
								"model": {
									"type": "model",
									"model": "minecraft:item/redstonerepeater0"
								}
							}
						],
						"fallback": {
							"type": "model",
							"model": "item/crossbow_pulling_0"
						}
					},
					"threshold": 0
				},
				{
					"model": {
						"type": "select",
						"model": "item/crossbow_pulling_1",
						"property": "component",
						"component": "custom_name",
						"cases": [
							{
								"when": "Redlock Pistol",
								"model": {
									"type": "model",
									"model": "minecraft:item/redlockpistol1"
								}
							},
							{
								"when": "Redlock Rifle",
								"model": {
									"type": "model",
									"model": "minecraft:item/redlockrifle1"
								}
							},
							{
								"when": "Redstone Repeater",
								"model": {
									"type": "model",
									"model": "minecraft:item/redstonerepeater1"
								}
							}
						],
						"fallback": {
							"type": "model",
							"model": "item/crossbow_pulling_1"
						}
					},
					"threshold": 0.58
				},
				{
					"model": {
						"type": "select",
						"model": "item/crossbow_pulling_2",
						"property": "component",
						"component": "custom_name",
						"cases": [
							{
								"when": "Redlock Pistol",
								"model": {
									"type": "model",
									"model": "minecraft:item/redlockpistol2"
								}
							},
							{
								"when": "Redlock Rifle",
								"model": {
									"type": "model",
									"model": "minecraft:item/redlockrifle2"
								}
							},
							{
								"when": "Redstone Repeater",
								"model": {
									"type": "model",
									"model": "minecraft:item/redstonerepeater2"
								}
							}
						],
						"fallback": {
							"type": "model",
							"model": "item/crossbow_pulling_2"
						}
					},
					"threshold": 1
				}
			],
			"fallback": {
				"type": "select",
				"model": "item/crossbow_pulling_2",
				"property": "component",
				"component": "custom_name",
				"cases": [
					{
						"when": "Redlock Pistol",
						"model": {
							"type": "model",
							"model": "minecraft:item/redlockpistol2"
						}
					},
					{
						"when": "Redlock Rifle",
						"model": {
							"type": "model",
							"model": "minecraft:item/redlockrifle2"
						}
					},
					{
						"when": "Redstone Repeater",
						"model": {
							"type": "model",
							"model": "minecraft:item/redstonerepeater2"
						}
					}
				],
				"fallback": {
					"type": "model",
					"model": "item/crossbow_pulling_2"
				}
			},
			"property": "crossbow/pull"
		},
		"property": "using_item"
	}
}