{
	"textures": {
		"0": "./item/phantomguard_partisan",
		"particle": "./item/phantomguard_partisan"
	},
	"elements": [
		{
			"name": "phantomguard_partisan_0",
			"from": [7.9375, 19.125, 7.96875],
			"to": [8.0625, 19.75, 8.03125],
			"rotation": {"angle": 0, "axis": "y", "origin": [-4.4375, 0, 7.9375]},
			"faces": {
				"north": {"uv": [4.625, 0.5, 4.5, 1.125], "texture": "#0"},
				"east": {"uv": [4.5, 0.5, 4.625, 1.125], "texture": "#0"},
				"south": {"uv": [4.5, 0.5, 4.625, 1.125], "texture": "#0"},
				"west": {"uv": [4.5, 0.5, 4.625, 1.125], "texture": "#0"},
				"up": {"uv": [4.5, 0.5, 4.625, 0.625], "texture": "#0"},
				"down": {"uv": [4.5, 1, 4.625, 1.125], "texture": "#0"}
			}
		},
		{
			"name": "phantomguard_partisan_1",
			"from": [7.8125, 2, 7.875],
			"to": [8.1875, 12.875, 8.125],
			"rotation": {"angle": 0, "axis": "y", "origin": [-4.4375, 0, 7.9375]},
			"faces": {
				"north": {"uv": [12.625, 0.5, 12.25, 11.375], "texture": "#0"},
				"east": {"uv": [12.5, 0.5, 12.625, 11.375], "texture": "#0"},
				"south": {"uv": [12.25, 0.5, 12.625, 11.375], "texture": "#0"},
				"west": {"uv": [12.25, 0.5, 12.375, 11.375], "texture": "#0"},
				"up": {"uv": [12.25, 0.5, 12.625, 0.625], "texture": "#0"},
				"down": {"uv": [12.25, 13.25, 12.625, 13.375], "texture": "#0"}
			}
		},
		{
			"name": "phantomguard_partisan_2",
			"from": [7.8125, 18.625, 7.96875],
			"to": [7.9375, 19.25, 8.03125],
			"rotation": {"angle": 0, "axis": "y", "origin": [-4.4375, 0, 7.9375]},
			"faces": {
				"north": {"uv": [4.5, 1, 4.375, 1.625], "texture": "#0"},
				"east": {"uv": [4.375, 1, 4.5, 1.625], "texture": "#0"},
				"south": {"uv": [4.375, 1, 4.5, 1.625], "texture": "#0"},
				"west": {"uv": [4.375, 1, 4.5, 1.625], "texture": "#0"},
				"up": {"uv": [4.375, 1, 4.5, 1.125], "texture": "#0"},
				"down": {"uv": [4.375, 1.5, 4.5, 1.625], "texture": "#0"}
			}
		},
		{
			"name": "phantomguard_partisan_3",
			"from": [8.0625, 18.625, 7.96875],
			"to": [8.1875, 19.25, 8.03125],
			"rotation": {"angle": 0, "axis": "y", "origin": [-4.4375, 0, 7.9375]},
			"faces": {
				"north": {"uv": [4.75, 1, 4.625, 1.625], "texture": "#0"},
				"east": {"uv": [4.625, 1, 4.75, 1.625], "texture": "#0"},
				"south": {"uv": [4.625, 1, 4.75, 1.625], "texture": "#0"},
				"west": {"uv": [4.625, 1, 4.75, 1.625], "texture": "#0"},
				"up": {"uv": [4.625, 1, 4.75, 1.125], "texture": "#0"},
				"down": {"uv": [4.625, 1.5, 4.75, 1.625], "texture": "#0"}
			}
		},
		{
			"name": "phantomguard_partisan_4",
			"from": [7.9375, 18.25, 7.9375],
			"to": [8.0625, 19.125, 8.0625],
			"rotation": {"angle": 0, "axis": "y", "origin": [-4.4375, 0, 7.9375]},
			"faces": {
				"north": {"uv": [2.75, 1.125, 2.625, 2], "texture": "#0"},
				"east": {"uv": [2.625, 1.125, 2.75, 2], "texture": "#0"},
				"south": {"uv": [2.625, 1.125, 2.75, 2], "texture": "#0"},
				"west": {"uv": [2.625, 1.125, 2.75, 2], "texture": "#0"},
				"up": {"uv": [2.625, 1.125, 2.75, 1.25], "texture": "#0"},
				"down": {"uv": [2.625, 1.875, 2.75, 2], "texture": "#0"}
			}
		},
		{
			"name": "phantomguard_partisan_5",
			"from": [7.6875, 18.125, 7.96875],
			"to": [7.8125, 18.75, 8.03125],
			"rotation": {"angle": 0, "axis": "y", "origin": [-4.4375, 0, 7.9375]},
			"faces": {
				"north": {"uv": [4.375, 1.5, 4.25, 2.125], "texture": "#0"},
				"east": {"uv": [4.25, 1.5, 4.375, 2.125], "texture": "#0"},
				"south": {"uv": [4.25, 1.5, 4.375, 2.125], "texture": "#0"},
				"west": {"uv": [4.25, 1.5, 4.375, 2.125], "texture": "#0"},
				"up": {"uv": [4.25, 1.5, 4.375, 1.625], "texture": "#0"},
				"down": {"uv": [4.25, 2, 4.375, 2.125], "texture": "#0"}
			}
		},
		{
			"name": "phantomguard_partisan_6",
			"from": [8.1875, 18.125, 7.96875],
			"to": [8.3125, 18.75, 8.03125],
			"rotation": {"angle": 0, "axis": "y", "origin": [-4.4375, 0, 7.9375]},
			"faces": {
				"north": {"uv": [4.875, 1.5, 4.75, 2.125], "texture": "#0"},
				"east": {"uv": [4.75, 1.5, 4.875, 2.125], "texture": "#0"},
				"south": {"uv": [4.75, 1.5, 4.875, 2.125], "texture": "#0"},
				"west": {"uv": [4.75, 1.5, 4.875, 2.125], "texture": "#0"},
				"up": {"uv": [4.75, 1.5, 4.875, 1.625], "texture": "#0"},
				"down": {"uv": [4.75, 2, 4.875, 2.125], "texture": "#0"}
			}
		},
		{
			"name": "phantomguard_partisan_7",
			"from": [7.8125, 17.875, 7.9375],
			"to": [7.9375, 18.625, 8.0625],
			"rotation": {"angle": 0, "axis": "y", "origin": [-4.4375, 0, 7.9375]},
			"faces": {
				"north": {"uv": [2.625, 1.625, 2.5, 2.375], "texture": "#0"},
				"east": {"uv": [2.5, 1.625, 2.625, 2.375], "texture": "#0"},
				"south": {"uv": [2.5, 1.625, 2.625, 2.375], "texture": "#0"},
				"west": {"uv": [2.5, 1.625, 2.625, 2.375], "texture": "#0"},
				"up": {"uv": [2.5, 1.625, 2.625, 1.75], "texture": "#0"},
				"down": {"uv": [2.5, 2.25, 2.625, 2.375], "texture": "#0"}
			}
		},
		{
			"name": "phantomguard_partisan_8",
			"from": [8.0625, 17.875, 7.9375],
			"to": [8.1875, 18.625, 8.0625],
			"rotation": {"angle": 0, "axis": "y", "origin": [-4.4375, 0, 7.9375]},
			"faces": {
				"north": {"uv": [2.875, 1.625, 2.75, 2.375], "texture": "#0"},
				"east": {"uv": [2.75, 1.625, 2.875, 2.375], "texture": "#0"},
				"south": {"uv": [2.75, 1.625, 2.875, 2.375], "texture": "#0"},
				"west": {"uv": [2.75, 1.625, 2.875, 2.375], "texture": "#0"},
				"up": {"uv": [2.75, 1.625, 2.875, 1.75], "texture": "#0"},
				"down": {"uv": [2.75, 2.25, 2.875, 2.375], "texture": "#0"}
			}
		},
		{
			"name": "phantomguard_partisan_9",
			"from": [7.6875, 14.875, 7.90625],
			"to": [8.3125, 15.125, 8.09375],
			"rotation": {"angle": 0, "axis": "y", "origin": [-4.4375, 0, 7.9375]},
			"faces": {
				"north": {"uv": [8.25, 1.625, 7.625, 1.875], "texture": "#0"},
				"east": {"uv": [8.125, 1.625, 8.25, 1.875], "texture": "#0"},
				"south": {"uv": [7.625, 1.625, 8.25, 1.875], "texture": "#0"},
				"west": {"uv": [7.625, 1.625, 7.75, 1.875], "texture": "#0"},
				"up": {"uv": [7.625, 1.625, 8.25, 1.75], "texture": "#0"},
				"down": {"uv": [7.625, 1.75, 8.25, 1.875], "texture": "#0"}
			}
		},
		{
			"name": "phantomguard_partisan_10",
			"from": [7.5625, 14.625, 7.90625],
			"to": [7.8125, 14.875, 8.09375],
			"rotation": {"angle": 0, "axis": "y", "origin": [-4.4375, 0, 7.9375]},
			"faces": {
				"north": {"uv": [7.75, 1.875, 7.5, 2.125], "texture": "#0"},
				"east": {"uv": [7.625, 1.875, 7.75, 2.125], "texture": "#0"},
				"south": {"uv": [7.5, 1.875, 7.75, 2.125], "texture": "#0"},
				"west": {"uv": [7.5, 1.875, 7.625, 2.125], "texture": "#0"},
				"up": {"uv": [7.5, 1.875, 7.75, 2], "texture": "#0"},
				"down": {"uv": [7.5, 2, 7.75, 2.125], "texture": "#0"}
			}
		},
		{
			"name": "phantomguard_partisan_11",
			"from": [7.8125, 14.75, 7.90625],
			"to": [7.9375, 14.875, 8.09375],
			"rotation": {"angle": 0, "axis": "y", "origin": [-4.4375, 0, 7.9375]},
			"faces": {
				"north": {"uv": [7.875, 1.875, 7.75, 2], "texture": "#0"},
				"east": {"uv": [7.75, 1.875, 7.875, 2], "texture": "#0"},
				"south": {"uv": [7.75, 1.875, 7.875, 2], "texture": "#0"},
				"west": {"uv": [7.75, 1.875, 7.875, 2], "texture": "#0"},
				"up": {"uv": [7.75, 1.875, 7.875, 2], "texture": "#0"},
				"down": {"uv": [7.75, 1.875, 7.875, 2], "texture": "#0"}
			}
		},
		{
			"name": "phantomguard_partisan_12",
			"from": [8.0625, 14.75, 7.90625],
			"to": [8.4375, 14.875, 8.09375],
			"rotation": {"angle": 0, "axis": "y", "origin": [-4.4375, 0, 7.9375]},
			"faces": {
				"north": {"uv": [8.375, 1.875, 8, 2], "texture": "#0"},
				"east": {"uv": [8.25, 1.875, 8.375, 2], "texture": "#0"},
				"south": {"uv": [8, 1.875, 8.375, 2], "texture": "#0"},
				"west": {"uv": [8, 1.875, 8.125, 2], "texture": "#0"},
				"up": {"uv": [8, 1.875, 8.375, 2], "texture": "#0"},
				"down": {"uv": [8, 1.875, 8.375, 2], "texture": "#0"}
			}
		},
		{
			"name": "phantomguard_partisan_13",
			"from": [7.5625, 17.625, 7.96875],
			"to": [7.6875, 18.25, 8.03125],
			"rotation": {"angle": 0, "axis": "y", "origin": [-4.4375, 0, 7.9375]},
			"faces": {
				"north": {"uv": [4.25, 2, 4.125, 2.625], "texture": "#0"},
				"east": {"uv": [4.125, 2, 4.25, 2.625], "texture": "#0"},
				"south": {"uv": [4.125, 2, 4.25, 2.625], "texture": "#0"},
				"west": {"uv": [4.125, 2, 4.25, 2.625], "texture": "#0"},
				"up": {"uv": [4.125, 2, 4.25, 2.125], "texture": "#0"},
				"down": {"uv": [4.125, 2.5, 4.25, 2.625], "texture": "#0"}
			}
		},
		{
			"name": "phantomguard_partisan_14",
			"from": [8.3125, 17.625, 7.96875],
			"to": [8.4375, 18.25, 8.03125],
			"rotation": {"angle": 0, "axis": "y", "origin": [-4.4375, 0, 7.9375]},
			"faces": {
				"north": {"uv": [5, 2, 4.875, 2.625], "texture": "#0"},
				"east": {"uv": [4.875, 2, 5, 2.625], "texture": "#0"},
				"south": {"uv": [4.875, 2, 5, 2.625], "texture": "#0"},
				"west": {"uv": [4.875, 2, 5, 2.625], "texture": "#0"},
				"up": {"uv": [4.875, 2, 5, 2.125], "texture": "#0"},
				"down": {"uv": [4.875, 2.5, 5, 2.625], "texture": "#0"}
			}
		},
		{
			"name": "phantomguard_partisan_15",
			"from": [7.4375, 14.25, 7.90625],
			"to": [7.5625, 14.75, 8.09375],
			"rotation": {"angle": 0, "axis": "y", "origin": [-4.4375, 0, 7.9375]},
			"faces": {
				"north": {"uv": [7.5, 2, 7.375, 2.5], "texture": "#0"},
				"east": {"uv": [7.375, 2, 7.5, 2.5], "texture": "#0"},
				"south": {"uv": [7.375, 2, 7.5, 2.5], "texture": "#0"},
				"west": {"uv": [7.375, 2, 7.5, 2.5], "texture": "#0"},
				"up": {"uv": [7.375, 2, 7.5, 2.125], "texture": "#0"},
				"down": {"uv": [7.375, 2.375, 7.5, 2.5], "texture": "#0"}
			}
		},
		{
			"name": "phantomguard_partisan_16",
			"from": [8.1875, 14.625, 7.90625],
			"to": [8.5625, 14.75, 8.09375],
			"rotation": {"angle": 0, "axis": "y", "origin": [-4.4375, 0, 7.9375]},
			"faces": {
				"north": {"uv": [8.5, 2, 8.125, 2.125], "texture": "#0"},
				"east": {"uv": [8.375, 2, 8.5, 2.125], "texture": "#0"},
				"south": {"uv": [8.125, 2, 8.5, 2.125], "texture": "#0"},
				"west": {"uv": [8.125, 2, 8.25, 2.125], "texture": "#0"},
				"up": {"uv": [8.125, 2, 8.5, 2.125], "texture": "#0"},
				"down": {"uv": [8.125, 2, 8.5, 2.125], "texture": "#0"}
			}
		},
		{
			"name": "phantomguard_partisan_17",
			"from": [7.6875, 17.5, 7.9375],
			"to": [7.8125, 18.125, 8.0625],
			"rotation": {"angle": 0, "axis": "y", "origin": [-4.4375, 0, 7.9375]},
			"faces": {
				"north": {"uv": [2.5, 2.125, 2.375, 2.75], "texture": "#0"},
				"east": {"uv": [2.375, 2.125, 2.5, 2.75], "texture": "#0"},
				"south": {"uv": [2.375, 2.125, 2.5, 2.75], "texture": "#0"},
				"west": {"uv": [2.375, 2.125, 2.5, 2.75], "texture": "#0"},
				"up": {"uv": [2.375, 2.125, 2.5, 2.25], "texture": "#0"},
				"down": {"uv": [2.375, 2.625, 2.5, 2.75], "texture": "#0"}
			}
		},
		{
			"name": "phantomguard_partisan_18",
			"from": [8.1875, 17.5, 7.9375],
			"to": [8.3125, 18.125, 8.0625],
			"rotation": {"angle": 0, "axis": "y", "origin": [-4.4375, 0, 7.9375]},
			"faces": {
				"north": {"uv": [3, 2.125, 2.875, 2.75], "texture": "#0"},
				"east": {"uv": [2.875, 2.125, 3, 2.75], "texture": "#0"},
				"south": {"uv": [2.875, 2.125, 3, 2.75], "texture": "#0"},
				"west": {"uv": [2.875, 2.125, 3, 2.75], "texture": "#0"},
				"up": {"uv": [2.875, 2.125, 3, 2.25], "texture": "#0"},
				"down": {"uv": [2.875, 2.625, 3, 2.75], "texture": "#0"}
			}
		},
		{
			"name": "phantomguard_partisan_19",
			"from": [7.1875, 14.25, 7.90625],
			"to": [7.4375, 14.625, 8.09375],
			"rotation": {"angle": 0, "axis": "y", "origin": [-4.4375, 0, 7.9375]},
			"faces": {
				"north": {"uv": [7.375, 2.125, 7.125, 2.5], "texture": "#0"},
				"east": {"uv": [7.25, 2.125, 7.375, 2.5], "texture": "#0"},
				"south": {"uv": [7.125, 2.125, 7.375, 2.5], "texture": "#0"},
				"west": {"uv": [7.125, 2.125, 7.25, 2.5], "texture": "#0"},
				"up": {"uv": [7.125, 2.125, 7.375, 2.25], "texture": "#0"},
				"down": {"uv": [7.125, 2.375, 7.375, 2.5], "texture": "#0"}
			}
		},
		{
			"name": "phantomguard_partisan_20",
			"from": [7.5625, 14.25, 7.90625],
			"to": [7.6875, 14.625, 8.09375],
			"rotation": {"angle": 0, "axis": "y", "origin": [-4.4375, 0, 7.9375]},
			"faces": {
				"north": {"uv": [7.625, 2.125, 7.5, 2.5], "texture": "#0"},
				"east": {"uv": [7.5, 2.125, 7.625, 2.5], "texture": "#0"},
				"south": {"uv": [7.5, 2.125, 7.625, 2.5], "texture": "#0"},
				"west": {"uv": [7.5, 2.125, 7.625, 2.5], "texture": "#0"},
				"up": {"uv": [7.5, 2.125, 7.625, 2.25], "texture": "#0"},
				"down": {"uv": [7.5, 2.375, 7.625, 2.5], "texture": "#0"}
			}
		},
		{
			"name": "phantomguard_partisan_21",
			"from": [8.3125, 14.25, 7.90625],
			"to": [8.8125, 14.625, 8.09375],
			"rotation": {"angle": 0, "axis": "y", "origin": [-4.4375, 0, 7.9375]},
			"faces": {
				"north": {"uv": [8.75, 2.125, 8.25, 2.5], "texture": "#0"},
				"east": {"uv": [8.625, 2.125, 8.75, 2.5], "texture": "#0"},
				"south": {"uv": [8.25, 2.125, 8.75, 2.5], "texture": "#0"},
				"west": {"uv": [8.25, 2.125, 8.375, 2.5], "texture": "#0"},
				"up": {"uv": [8.25, 2.125, 8.75, 2.25], "texture": "#0"},
				"down": {"uv": [8.25, 2.375, 8.75, 2.5], "texture": "#0"}
			}
		},
		{
			"name": "phantomguard_partisan_22",
			"from": [7.4375, 17.25, 7.96875],
			"to": [7.5625, 17.75, 8.03125],
			"rotation": {"angle": 0, "axis": "y", "origin": [-4.4375, 0, 7.9375]},
			"faces": {
				"north": {"uv": [4.125, 2.5, 4, 3], "texture": "#0"},
				"east": {"uv": [4, 2.5, 4.125, 3], "texture": "#0"},
				"south": {"uv": [4, 2.5, 4.125, 3], "texture": "#0"},
				"west": {"uv": [4, 2.5, 4.125, 3], "texture": "#0"},
				"up": {"uv": [4, 2.5, 4.125, 2.625], "texture": "#0"},
				"down": {"uv": [4, 2.875, 4.125, 3], "texture": "#0"}
			}
		},
		{
			"name": "phantomguard_partisan_23",
			"from": [8.4375, 17.25, 7.96875],
			"to": [8.5625, 17.75, 8.03125],
			"rotation": {"angle": 0, "axis": "y", "origin": [-4.4375, 0, 7.9375]},
			"faces": {
				"north": {"uv": [5.125, 2.5, 5, 3], "texture": "#0"},
				"east": {"uv": [5, 2.5, 5.125, 3], "texture": "#0"},
				"south": {"uv": [5, 2.5, 5.125, 3], "texture": "#0"},
				"west": {"uv": [5, 2.5, 5.125, 3], "texture": "#0"},
				"up": {"uv": [5, 2.5, 5.125, 2.625], "texture": "#0"},
				"down": {"uv": [5, 2.875, 5.125, 3], "texture": "#0"}
			}
		},
		{
			"name": "phantomguard_partisan_24",
			"from": [7.5625, 17.25, 7.9375],
			"to": [7.6875, 17.625, 8.0625],
			"rotation": {"angle": 0, "axis": "y", "origin": [-4.4375, 0, 7.9375]},
			"faces": {
				"north": {"uv": [2.375, 2.625, 2.25, 3], "texture": "#0"},
				"east": {"uv": [2.25, 2.625, 2.375, 3], "texture": "#0"},
				"south": {"uv": [2.25, 2.625, 2.375, 3], "texture": "#0"},
				"west": {"uv": [2.25, 2.625, 2.375, 3], "texture": "#0"},
				"up": {"uv": [2.25, 2.625, 2.375, 2.75], "texture": "#0"},
				"down": {"uv": [2.25, 2.875, 2.375, 3], "texture": "#0"}
			}
		},
		{
			"name": "phantomguard_partisan_25",
			"from": [8.3125, 17.25, 7.9375],
			"to": [8.4375, 17.625, 8.0625],
			"rotation": {"angle": 0, "axis": "y", "origin": [-4.4375, 0, 7.9375]},
			"faces": {
				"north": {"uv": [3.125, 2.625, 3, 3], "texture": "#0"},
				"east": {"uv": [3, 2.625, 3.125, 3], "texture": "#0"},
				"south": {"uv": [3, 2.625, 3.125, 3], "texture": "#0"},
				"west": {"uv": [3, 2.625, 3.125, 3], "texture": "#0"},
				"up": {"uv": [3, 2.625, 3.125, 2.75], "texture": "#0"},
				"down": {"uv": [3, 2.875, 3.125, 3], "texture": "#0"}
			}
		},
		{
			"name": "phantomguard_partisan_26",
			"from": [7.4375, 17.125, 7.9375],
			"to": [7.5625, 17.25, 8.0625],
			"rotation": {"angle": 0, "axis": "y", "origin": [-4.4375, 0, 7.9375]},
			"faces": {
				"north": {"uv": [2.25, 3, 2.125, 3.125], "texture": "#0"},
				"east": {"uv": [2.125, 3, 2.25, 3.125], "texture": "#0"},
				"south": {"uv": [2.125, 3, 2.25, 3.125], "texture": "#0"},
				"west": {"uv": [2.125, 3, 2.25, 3.125], "texture": "#0"},
				"up": {"uv": [2.125, 3, 2.25, 3.125], "texture": "#0"},
				"down": {"uv": [2.125, 3, 2.25, 3.125], "texture": "#0"}
			}
		},
		{
			"name": "phantomguard_partisan_27",
			"from": [8.4375, 17.125, 7.9375],
			"to": [8.5625, 17.25, 8.0625],
			"rotation": {"angle": 0, "axis": "y", "origin": [-4.4375, 0, 7.9375]},
			"faces": {
				"north": {"uv": [3.25, 3, 3.125, 3.125], "texture": "#0"},
				"east": {"uv": [3.125, 3, 3.25, 3.125], "texture": "#0"},
				"south": {"uv": [3.125, 3, 3.25, 3.125], "texture": "#0"},
				"west": {"uv": [3.125, 3, 3.25, 3.125], "texture": "#0"},
				"up": {"uv": [3.125, 3, 3.25, 3.125], "texture": "#0"},
				"down": {"uv": [3.125, 3, 3.25, 3.125], "texture": "#0"}
			}
		},
		{
			"name": "phantomguard_partisan_28",
			"from": [7.3125, 17, 7.96875],
			"to": [7.4375, 17.25, 8.03125],
			"rotation": {"angle": 0, "axis": "y", "origin": [-4.4375, 0, 7.9375]},
			"faces": {
				"north": {"uv": [4, 3, 3.875, 3.25], "texture": "#0"},
				"east": {"uv": [3.875, 3, 4, 3.25], "texture": "#0"},
				"south": {"uv": [3.875, 3, 4, 3.25], "texture": "#0"},
				"west": {"uv": [3.875, 3, 4, 3.25], "texture": "#0"},
				"up": {"uv": [3.875, 3, 4, 3.125], "texture": "#0"},
				"down": {"uv": [3.875, 3.125, 4, 3.25], "texture": "#0"}
			}
		},
		{
			"name": "phantomguard_partisan_29",
			"from": [8.5625, 17, 7.96875],
			"to": [8.6875, 17.25, 8.03125],
			"rotation": {"angle": 0, "axis": "y", "origin": [-4.4375, 0, 7.9375]},
			"faces": {
				"north": {"uv": [5.25, 3, 5.125, 3.25], "texture": "#0"},
				"east": {"uv": [5.125, 3, 5.25, 3.25], "texture": "#0"},
				"south": {"uv": [5.125, 3, 5.25, 3.25], "texture": "#0"},
				"west": {"uv": [5.125, 3, 5.25, 3.25], "texture": "#0"},
				"up": {"uv": [5.125, 3, 5.25, 3.125], "texture": "#0"},
				"down": {"uv": [5.125, 3.125, 5.25, 3.25], "texture": "#0"}
			}
		},
		{
			"name": "phantomguard_partisan_30",
			"from": [7.5625, 17, 7.9375],
			"to": [7.6875, 17.125, 8.0625],
			"rotation": {"angle": 0, "axis": "y", "origin": [-4.4375, 0, 7.9375]},
			"faces": {
				"north": {"uv": [2.375, 3.125, 2.25, 3.25], "texture": "#0"},
				"east": {"uv": [2.25, 3.125, 2.375, 3.25], "texture": "#0"},
				"south": {"uv": [2.25, 3.125, 2.375, 3.25], "texture": "#0"},
				"west": {"uv": [2.25, 3.125, 2.375, 3.25], "texture": "#0"},
				"up": {"uv": [2.25, 3.125, 2.375, 3.25], "texture": "#0"},
				"down": {"uv": [2.25, 3.125, 2.375, 3.25], "texture": "#0"}
			}
		},
		{
			"name": "phantomguard_partisan_31",
			"from": [8.3125, 17, 7.9375],
			"to": [8.4375, 17.125, 8.0625],
			"rotation": {"angle": 0, "axis": "y", "origin": [-4.4375, 0, 7.9375]},
			"faces": {
				"north": {"uv": [3.125, 3.125, 3, 3.25], "texture": "#0"},
				"east": {"uv": [3, 3.125, 3.125, 3.25], "texture": "#0"},
				"south": {"uv": [3, 3.125, 3.125, 3.25], "texture": "#0"},
				"west": {"uv": [3, 3.125, 3.125, 3.25], "texture": "#0"},
				"up": {"uv": [3, 3.125, 3.125, 3.25], "texture": "#0"},
				"down": {"uv": [3, 3.125, 3.125, 3.25], "texture": "#0"}
			}
		},
		{
			"name": "phantomguard_partisan_32",
			"from": [7.4375, 16.875, 7.96875],
			"to": [7.5625, 17.125, 8.03125],
			"rotation": {"angle": 0, "axis": "y", "origin": [-4.4375, 0, 7.9375]},
			"faces": {
				"north": {"uv": [4.125, 3.125, 4, 3.375], "texture": "#0"},
				"east": {"uv": [4, 3.125, 4.125, 3.375], "texture": "#0"},
				"south": {"uv": [4, 3.125, 4.125, 3.375], "texture": "#0"},
				"west": {"uv": [4, 3.125, 4.125, 3.375], "texture": "#0"},
				"up": {"uv": [4, 3.125, 4.125, 3.25], "texture": "#0"},
				"down": {"uv": [4, 3.25, 4.125, 3.375], "texture": "#0"}
			}
		},
		{
			"name": "phantomguard_partisan_33",
			"from": [8.4375, 16.875, 7.96875],
			"to": [8.5625, 17.125, 8.03125],
			"rotation": {"angle": 0, "axis": "y", "origin": [-4.4375, 0, 7.9375]},
			"faces": {
				"north": {"uv": [5.125, 3.125, 5, 3.375], "texture": "#0"},
				"east": {"uv": [5, 3.125, 5.125, 3.375], "texture": "#0"},
				"south": {"uv": [5, 3.125, 5.125, 3.375], "texture": "#0"},
				"west": {"uv": [5, 3.125, 5.125, 3.375], "texture": "#0"},
				"up": {"uv": [5, 3.125, 5.125, 3.25], "texture": "#0"},
				"down": {"uv": [5, 3.25, 5.125, 3.375], "texture": "#0"}
			}
		},
		{
			"name": "phantomguard_partisan_34",
			"from": [6.6875, 14.625, 7.96875],
			"to": [7.0625, 14.875, 8.03125],
			"rotation": {"angle": 0, "axis": "y", "origin": [-4.4375, 0, 7.9375]},
			"faces": {
				"north": {"uv": [7, 3.125, 6.625, 3.375], "texture": "#0"},
				"east": {"uv": [6.875, 3.125, 7, 3.375], "texture": "#0"},
				"south": {"uv": [6.625, 3.125, 7, 3.375], "texture": "#0"},
				"west": {"uv": [6.625, 3.125, 6.75, 3.375], "texture": "#0"},
				"up": {"uv": [6.625, 3.125, 7, 3.25], "texture": "#0"},
				"down": {"uv": [6.625, 3.25, 7, 3.375], "texture": "#0"}
			}
		},
		{
			"name": "phantomguard_partisan_35",
			"from": [8.9375, 14.625, 7.96875],
			"to": [9.3125, 14.875, 8.03125],
			"rotation": {"angle": 0, "axis": "y", "origin": [-4.4375, 0, 7.9375]},
			"faces": {
				"north": {"uv": [9.25, 3.125, 8.875, 3.375], "texture": "#0"},
				"east": {"uv": [9.125, 3.125, 9.25, 3.375], "texture": "#0"},
				"south": {"uv": [8.875, 3.125, 9.25, 3.375], "texture": "#0"},
				"west": {"uv": [8.875, 3.125, 9, 3.375], "texture": "#0"},
				"up": {"uv": [8.875, 3.125, 9.25, 3.25], "texture": "#0"},
				"down": {"uv": [8.875, 3.25, 9.25, 3.375], "texture": "#0"}
			}
		},
		{
			"name": "phantomguard_partisan_36",
			"from": [7.6875, 16.125, 7.9375],
			"to": [7.8125, 17, 8.0625],
			"rotation": {"angle": 0, "axis": "y", "origin": [-4.4375, 0, 7.9375]},
			"faces": {
				"north": {"uv": [2.5, 3.25, 2.375, 4.125], "texture": "#0"},
				"east": {"uv": [2.375, 3.25, 2.5, 4.125], "texture": "#0"},
				"south": {"uv": [2.375, 3.25, 2.5, 4.125], "texture": "#0"},
				"west": {"uv": [2.375, 3.25, 2.5, 4.125], "texture": "#0"},
				"up": {"uv": [2.375, 3.25, 2.5, 3.375], "texture": "#0"},
				"down": {"uv": [2.375, 4, 2.5, 4.125], "texture": "#0"}
			}
		},
		{
			"name": "phantomguard_partisan_37",
			"from": [8.1875, 16.125, 7.9375],
			"to": [8.3125, 17, 8.0625],
			"rotation": {"angle": 0, "axis": "y", "origin": [-4.4375, 0, 7.9375]},
			"faces": {
				"north": {"uv": [3, 3.25, 2.875, 4.125], "texture": "#0"},
				"east": {"uv": [2.875, 3.25, 3, 4.125], "texture": "#0"},
				"south": {"uv": [2.875, 3.25, 3, 4.125], "texture": "#0"},
				"west": {"uv": [2.875, 3.25, 3, 4.125], "texture": "#0"},
				"up": {"uv": [2.875, 3.25, 3, 3.375], "texture": "#0"},
				"down": {"uv": [2.875, 4, 3, 4.125], "texture": "#0"}
			}
		},
		{
			"name": "phantomguard_partisan_38",
			"from": [7.5625, 16.25, 7.96875],
			"to": [7.6875, 17, 8.03125],
			"rotation": {"angle": 0, "axis": "y", "origin": [-4.4375, 0, 7.9375]},
			"faces": {
				"north": {"uv": [4.25, 3.25, 4.125, 4], "texture": "#0"},
				"east": {"uv": [4.125, 3.25, 4.25, 4], "texture": "#0"},
				"south": {"uv": [4.125, 3.25, 4.25, 4], "texture": "#0"},
				"west": {"uv": [4.125, 3.25, 4.25, 4], "texture": "#0"},
				"up": {"uv": [4.125, 3.25, 4.25, 3.375], "texture": "#0"},
				"down": {"uv": [4.125, 3.875, 4.25, 4], "texture": "#0"}
			}
		},
		{
			"name": "phantomguard_partisan_39",
			"from": [8.3125, 16.25, 7.96875],
			"to": [8.4375, 17, 8.03125],
			"rotation": {"angle": 0, "axis": "y", "origin": [-4.4375, 0, 7.9375]},
			"faces": {
				"north": {"uv": [5, 3.25, 4.875, 4], "texture": "#0"},
				"east": {"uv": [4.875, 3.25, 5, 4], "texture": "#0"},
				"south": {"uv": [4.875, 3.25, 5, 4], "texture": "#0"},
				"west": {"uv": [4.875, 3.25, 5, 4], "texture": "#0"},
				"up": {"uv": [4.875, 3.25, 5, 3.375], "texture": "#0"},
				"down": {"uv": [4.875, 3.875, 5, 4], "texture": "#0"}
			}
		},
		{
			"name": "phantomguard_partisan_40",
			"from": [6.4375, 14.5, 7.96875],
			"to": [6.6875, 14.75, 8.03125],
			"rotation": {"angle": 0, "axis": "y", "origin": [-4.4375, 0, 7.9375]},
			"faces": {
				"north": {"uv": [6.625, 3.25, 6.375, 3.5], "texture": "#0"},
				"east": {"uv": [6.5, 3.25, 6.625, 3.5], "texture": "#0"},
				"south": {"uv": [6.375, 3.25, 6.625, 3.5], "texture": "#0"},
				"west": {"uv": [6.375, 3.25, 6.5, 3.5], "texture": "#0"},
				"up": {"uv": [6.375, 3.25, 6.625, 3.375], "texture": "#0"},
				"down": {"uv": [6.375, 3.375, 6.625, 3.5], "texture": "#0"}
			}
		},
		{
			"name": "phantomguard_partisan_41",
			"from": [9.3125, 14.5, 7.96875],
			"to": [9.5625, 14.75, 8.03125],
			"rotation": {"angle": 0, "axis": "y", "origin": [-4.4375, 0, 7.9375]},
			"faces": {
				"north": {"uv": [9.5, 3.25, 9.25, 3.5], "texture": "#0"},
				"east": {"uv": [9.375, 3.25, 9.5, 3.5], "texture": "#0"},
				"south": {"uv": [9.25, 3.25, 9.5, 3.5], "texture": "#0"},
				"west": {"uv": [9.25, 3.25, 9.375, 3.5], "texture": "#0"},
				"up": {"uv": [9.25, 3.25, 9.5, 3.375], "texture": "#0"},
				"down": {"uv": [9.25, 3.375, 9.5, 3.5], "texture": "#0"}
			}
		},
		{
			"name": "phantomguard_partisan_42",
			"from": [6.1875, 14.25, 7.96875],
			"to": [6.4375, 14.625, 8.03125],
			"rotation": {"angle": 0, "axis": "y", "origin": [-4.4375, 0, 7.9375]},
			"faces": {
				"north": {"uv": [6.375, 3.375, 6.125, 3.75], "texture": "#0"},
				"east": {"uv": [6.25, 3.375, 6.375, 3.75], "texture": "#0"},
				"south": {"uv": [6.125, 3.375, 6.375, 3.75], "texture": "#0"},
				"west": {"uv": [6.125, 3.375, 6.25, 3.75], "texture": "#0"},
				"up": {"uv": [6.125, 3.375, 6.375, 3.5], "texture": "#0"},
				"down": {"uv": [6.125, 3.625, 6.375, 3.75], "texture": "#0"}
			}
		},
		{
			"name": "phantomguard_partisan_43",
			"from": [9.5625, 14.25, 7.96875],
			"to": [9.8125, 14.625, 8.03125],
			"rotation": {"angle": 0, "axis": "y", "origin": [-4.4375, 0, 7.9375]},
			"faces": {
				"north": {"uv": [9.75, 3.375, 9.5, 3.75], "texture": "#0"},
				"east": {"uv": [9.625, 3.375, 9.75, 3.75], "texture": "#0"},
				"south": {"uv": [9.5, 3.375, 9.75, 3.75], "texture": "#0"},
				"west": {"uv": [9.5, 3.375, 9.625, 3.75], "texture": "#0"},
				"up": {"uv": [9.5, 3.375, 9.75, 3.5], "texture": "#0"},
				"down": {"uv": [9.5, 3.625, 9.75, 3.75], "texture": "#0"}
			}
		},
		{
			"name": "phantomguard_partisan_44",
			"from": [5.9375, 14.375, 7.96875],
			"to": [6.1875, 14.5, 8.03125],
			"rotation": {"angle": 0, "axis": "y", "origin": [-4.4375, 0, 7.9375]},
			"faces": {
				"north": {"uv": [6.125, 3.5, 5.875, 3.625], "texture": "#0"},
				"east": {"uv": [6, 3.5, 6.125, 3.625], "texture": "#0"},
				"south": {"uv": [5.875, 3.5, 6.125, 3.625], "texture": "#0"},
				"west": {"uv": [5.875, 3.5, 6, 3.625], "texture": "#0"},
				"up": {"uv": [5.875, 3.5, 6.125, 3.625], "texture": "#0"},
				"down": {"uv": [5.875, 3.5, 6.125, 3.625], "texture": "#0"}
			}
		},
		{
			"name": "phantomguard_partisan_45",
			"from": [9.8125, 14.375, 7.96875],
			"to": [10.0625, 14.5, 8.03125],
			"rotation": {"angle": 0, "axis": "y", "origin": [-4.4375, 0, 7.9375]},
			"faces": {
				"north": {"uv": [10, 3.5, 9.75, 3.625], "texture": "#0"},
				"east": {"uv": [9.875, 3.5, 10, 3.625], "texture": "#0"},
				"south": {"uv": [9.75, 3.5, 10, 3.625], "texture": "#0"},
				"west": {"uv": [9.75, 3.5, 9.875, 3.625], "texture": "#0"},
				"up": {"uv": [9.75, 3.5, 10, 3.625], "texture": "#0"},
				"down": {"uv": [9.75, 3.5, 10, 3.625], "texture": "#0"}
			}
		},
		{
			"name": "phantomguard_partisan_46",
			"from": [6.4375, 14.125, 7.96875],
			"to": [6.6875, 14.375, 8.03125],
			"rotation": {"angle": 0, "axis": "y", "origin": [-4.4375, 0, 7.9375]},
			"faces": {
				"north": {"uv": [6.625, 3.625, 6.375, 3.875], "texture": "#0"},
				"east": {"uv": [6.5, 3.625, 6.625, 3.875], "texture": "#0"},
				"south": {"uv": [6.375, 3.625, 6.625, 3.875], "texture": "#0"},
				"west": {"uv": [6.375, 3.625, 6.5, 3.875], "texture": "#0"},
				"up": {"uv": [6.375, 3.625, 6.625, 3.75], "texture": "#0"},
				"down": {"uv": [6.375, 3.75, 6.625, 3.875], "texture": "#0"}
			}
		},
		{
			"name": "phantomguard_partisan_47",
			"from": [9.3125, 14.125, 7.96875],
			"to": [9.5625, 14.375, 8.03125],
			"rotation": {"angle": 0, "axis": "y", "origin": [-4.4375, 0, 7.9375]},
			"faces": {
				"north": {"uv": [9.5, 3.625, 9.25, 3.875], "texture": "#0"},
				"east": {"uv": [9.375, 3.625, 9.5, 3.875], "texture": "#0"},
				"south": {"uv": [9.25, 3.625, 9.5, 3.875], "texture": "#0"},
				"west": {"uv": [9.25, 3.625, 9.375, 3.875], "texture": "#0"},
				"up": {"uv": [9.25, 3.625, 9.5, 3.75], "texture": "#0"},
				"down": {"uv": [9.25, 3.75, 9.5, 3.875], "texture": "#0"}
			}
		},
		{
			"name": "phantomguard_partisan_48",
			"from": [6.6875, 14, 7.96875],
			"to": [7.0625, 14.25, 8.03125],
			"rotation": {"angle": 0, "axis": "y", "origin": [-4.4375, 0, 7.9375]},
			"faces": {
				"north": {"uv": [7, 3.75, 6.625, 4], "texture": "#0"},
				"east": {"uv": [6.875, 3.75, 7, 4], "texture": "#0"},
				"south": {"uv": [6.625, 3.75, 7, 4], "texture": "#0"},
				"west": {"uv": [6.625, 3.75, 6.75, 4], "texture": "#0"},
				"up": {"uv": [6.625, 3.75, 7, 3.875], "texture": "#0"},
				"down": {"uv": [6.625, 3.875, 7, 4], "texture": "#0"}
			}
		},
		{
			"name": "phantomguard_partisan_49",
			"from": [8.9375, 14, 7.96875],
			"to": [9.3125, 14.25, 8.03125],
			"rotation": {"angle": 0, "axis": "y", "origin": [-4.4375, 0, 7.9375]},
			"faces": {
				"north": {"uv": [9.25, 3.75, 8.875, 4], "texture": "#0"},
				"east": {"uv": [9.125, 3.75, 9.25, 4], "texture": "#0"},
				"south": {"uv": [8.875, 3.75, 9.25, 4], "texture": "#0"},
				"west": {"uv": [8.875, 3.75, 9, 4], "texture": "#0"},
				"up": {"uv": [8.875, 3.75, 9.25, 3.875], "texture": "#0"},
				"down": {"uv": [8.875, 3.875, 9.25, 4], "texture": "#0"}
			}
		},
		{
			"name": "phantomguard_partisan_50",
			"from": [7.4375, 16.125, 7.96875],
			"to": [7.5625, 16.375, 8.03125],
			"rotation": {"angle": 0, "axis": "y", "origin": [-4.4375, 0, 7.9375]},
			"faces": {
				"north": {"uv": [4.125, 3.875, 4, 4.125], "texture": "#0"},
				"east": {"uv": [4, 3.875, 4.125, 4.125], "texture": "#0"},
				"south": {"uv": [4, 3.875, 4.125, 4.125], "texture": "#0"},
				"west": {"uv": [4, 3.875, 4.125, 4.125], "texture": "#0"},
				"up": {"uv": [4, 3.875, 4.125, 4], "texture": "#0"},
				"down": {"uv": [4, 4, 4.125, 4.125], "texture": "#0"}
			}
		},
		{
			"name": "phantomguard_partisan_51",
			"from": [8.4375, 16.125, 7.96875],
			"to": [8.5625, 16.375, 8.03125],
			"rotation": {"angle": 0, "axis": "y", "origin": [-4.4375, 0, 7.9375]},
			"faces": {
				"north": {"uv": [5.125, 3.875, 5, 4.125], "texture": "#0"},
				"east": {"uv": [5, 3.875, 5.125, 4.125], "texture": "#0"},
				"south": {"uv": [5, 3.875, 5.125, 4.125], "texture": "#0"},
				"west": {"uv": [5, 3.875, 5.125, 4.125], "texture": "#0"},
				"up": {"uv": [5, 3.875, 5.125, 4], "texture": "#0"},
				"down": {"uv": [5, 4, 5.125, 4.125], "texture": "#0"}
			}
		},
		{
			"name": "phantomguard_partisan_52",
			"from": [7.5625, 16, 7.9375],
			"to": [7.6875, 16.25, 8.0625],
			"rotation": {"angle": 0, "axis": "y", "origin": [-4.4375, 0, 7.9375]},
			"faces": {
				"north": {"uv": [2.375, 4, 2.25, 4.25], "texture": "#0"},
				"east": {"uv": [2.25, 4, 2.375, 4.25], "texture": "#0"},
				"south": {"uv": [2.25, 4, 2.375, 4.25], "texture": "#0"},
				"west": {"uv": [2.25, 4, 2.375, 4.25], "texture": "#0"},
				"up": {"uv": [2.25, 4, 2.375, 4.125], "texture": "#0"},
				"down": {"uv": [2.25, 4.125, 2.375, 4.25], "texture": "#0"}
			}
		},
		{
			"name": "phantomguard_partisan_53",
			"from": [8.3125, 16, 7.9375],
			"to": [8.4375, 16.25, 8.0625],
			"rotation": {"angle": 0, "axis": "y", "origin": [-4.4375, 0, 7.9375]},
			"faces": {
				"north": {"uv": [3.125, 4, 3, 4.25], "texture": "#0"},
				"east": {"uv": [3, 4, 3.125, 4.25], "texture": "#0"},
				"south": {"uv": [3, 4, 3.125, 4.25], "texture": "#0"},
				"west": {"uv": [3, 4, 3.125, 4.25], "texture": "#0"},
				"up": {"uv": [3, 4, 3.125, 4.125], "texture": "#0"},
				"down": {"uv": [3, 4.125, 3.125, 4.25], "texture": "#0"}
			}
		},
		{
			"name": "phantomguard_partisan_54",
			"from": [7.3125, 16, 7.96875],
			"to": [7.4375, 16.25, 8.03125],
			"rotation": {"angle": 0, "axis": "y", "origin": [-4.4375, 0, 7.9375]},
			"faces": {
				"north": {"uv": [4, 4, 3.875, 4.25], "texture": "#0"},
				"east": {"uv": [3.875, 4, 4, 4.25], "texture": "#0"},
				"south": {"uv": [3.875, 4, 4, 4.25], "texture": "#0"},
				"west": {"uv": [3.875, 4, 4, 4.25], "texture": "#0"},
				"up": {"uv": [3.875, 4, 4, 4.125], "texture": "#0"},
				"down": {"uv": [3.875, 4.125, 4, 4.25], "texture": "#0"}
			}
		},
		{
			"name": "phantomguard_partisan_55",
			"from": [8.5625, 16, 7.96875],
			"to": [8.6875, 16.25, 8.03125],
			"rotation": {"angle": 0, "axis": "y", "origin": [-4.4375, 0, 7.9375]},
			"faces": {
				"north": {"uv": [5.25, 4, 5.125, 4.25], "texture": "#0"},
				"east": {"uv": [5.125, 4, 5.25, 4.25], "texture": "#0"},
				"south": {"uv": [5.125, 4, 5.25, 4.25], "texture": "#0"},
				"west": {"uv": [5.125, 4, 5.25, 4.25], "texture": "#0"},
				"up": {"uv": [5.125, 4, 5.25, 4.125], "texture": "#0"},
				"down": {"uv": [5.125, 4.125, 5.25, 4.25], "texture": "#0"}
			}
		},
		{
			"name": "phantomguard_partisan_56",
			"from": [7.4375, 16, 7.9375],
			"to": [7.5625, 16.125, 8.0625],
			"rotation": {"angle": 0, "axis": "y", "origin": [-4.4375, 0, 7.9375]},
			"faces": {
				"north": {"uv": [2.25, 4.125, 2.125, 4.25], "texture": "#0"},
				"east": {"uv": [2.125, 4.125, 2.25, 4.25], "texture": "#0"},
				"south": {"uv": [2.125, 4.125, 2.25, 4.25], "texture": "#0"},
				"west": {"uv": [2.125, 4.125, 2.25, 4.25], "texture": "#0"},
				"up": {"uv": [2.125, 4.125, 2.25, 4.25], "texture": "#0"},
				"down": {"uv": [2.125, 4.125, 2.25, 4.25], "texture": "#0"}
			}
		},
		{
			"name": "phantomguard_partisan_57",
			"from": [8.4375, 16, 7.9375],
			"to": [8.5625, 16.125, 8.0625],
			"rotation": {"angle": 0, "axis": "y", "origin": [-4.4375, 0, 7.9375]},
			"faces": {
				"north": {"uv": [3.25, 4.125, 3.125, 4.25], "texture": "#0"},
				"east": {"uv": [3.125, 4.125, 3.25, 4.25], "texture": "#0"},
				"south": {"uv": [3.125, 4.125, 3.25, 4.25], "texture": "#0"},
				"west": {"uv": [3.125, 4.125, 3.25, 4.25], "texture": "#0"},
				"up": {"uv": [3.125, 4.125, 3.25, 4.25], "texture": "#0"},
				"down": {"uv": [3.125, 4.125, 3.25, 4.25], "texture": "#0"}
			}
		},
		{
			"name": "phantomguard_partisan_58",
			"from": [7.0625, 16, 7.96875],
			"to": [7.3125, 16.125, 8.03125],
			"rotation": {"angle": 0, "axis": "y", "origin": [-4.4375, 0, 7.9375]},
			"faces": {
				"north": {"uv": [3.875, 4.125, 3.625, 4.25], "texture": "#0"},
				"east": {"uv": [3.75, 4.125, 3.875, 4.25], "texture": "#0"},
				"south": {"uv": [3.625, 4.125, 3.875, 4.25], "texture": "#0"},
				"west": {"uv": [3.625, 4.125, 3.75, 4.25], "texture": "#0"},
				"up": {"uv": [3.625, 4.125, 3.875, 4.25], "texture": "#0"},
				"down": {"uv": [3.625, 4.125, 3.875, 4.25], "texture": "#0"}
			}
		},
		{
			"name": "phantomguard_partisan_59",
			"from": [8.6875, 16, 7.96875],
			"to": [8.9375, 16.125, 8.03125],
			"rotation": {"angle": 0, "axis": "y", "origin": [-4.4375, 0, 7.9375]},
			"faces": {
				"north": {"uv": [5.5, 4.125, 5.25, 4.25], "texture": "#0"},
				"east": {"uv": [5.375, 4.125, 5.5, 4.25], "texture": "#0"},
				"south": {"uv": [5.25, 4.125, 5.5, 4.25], "texture": "#0"},
				"west": {"uv": [5.25, 4.125, 5.375, 4.25], "texture": "#0"},
				"up": {"uv": [5.25, 4.125, 5.5, 4.25], "texture": "#0"},
				"down": {"uv": [5.25, 4.125, 5.5, 4.25], "texture": "#0"}
			}
		},
		{
			"name": "phantomguard_partisan_60",
			"from": [7.1875, 15.875, 7.9375],
			"to": [7.4375, 16, 8.0625],
			"rotation": {"angle": 0, "axis": "y", "origin": [-4.4375, 0, 7.9375]},
			"faces": {
				"north": {"uv": [2.125, 4.25, 1.875, 4.375], "texture": "#0"},
				"east": {"uv": [2, 4.25, 2.125, 4.375], "texture": "#0"},
				"south": {"uv": [1.875, 4.25, 2.125, 4.375], "texture": "#0"},
				"west": {"uv": [1.875, 4.25, 2, 4.375], "texture": "#0"},
				"up": {"uv": [1.875, 4.25, 2.125, 4.375], "texture": "#0"},
				"down": {"uv": [1.875, 4.25, 2.125, 4.375], "texture": "#0"}
			}
		},
		{
			"name": "phantomguard_partisan_61",
			"from": [8.5625, 15.875, 7.9375],
			"to": [8.8125, 16, 8.0625],
			"rotation": {"angle": 0, "axis": "y", "origin": [-4.4375, 0, 7.9375]},
			"faces": {
				"north": {"uv": [3.5, 4.25, 3.25, 4.375], "texture": "#0"},
				"east": {"uv": [3.375, 4.25, 3.5, 4.375], "texture": "#0"},
				"south": {"uv": [3.25, 4.25, 3.5, 4.375], "texture": "#0"},
				"west": {"uv": [3.25, 4.25, 3.375, 4.375], "texture": "#0"},
				"up": {"uv": [3.25, 4.25, 3.5, 4.375], "texture": "#0"},
				"down": {"uv": [3.25, 4.25, 3.5, 4.375], "texture": "#0"}
			}
		},
		{
			"name": "phantomguard_partisan_62",
			"from": [7.0625, 15.75, 7.96875],
			"to": [7.1875, 16, 8.03125],
			"rotation": {"angle": 0, "axis": "y", "origin": [-4.4375, 0, 7.9375]},
			"faces": {
				"north": {"uv": [3.75, 4.25, 3.625, 4.5], "texture": "#0"},
				"east": {"uv": [3.625, 4.25, 3.75, 4.5], "texture": "#0"},
				"south": {"uv": [3.625, 4.25, 3.75, 4.5], "texture": "#0"},
				"west": {"uv": [3.625, 4.25, 3.75, 4.5], "texture": "#0"},
				"up": {"uv": [3.625, 4.25, 3.75, 4.375], "texture": "#0"},
				"down": {"uv": [3.625, 4.375, 3.75, 4.5], "texture": "#0"}
			}
		},
		{
			"name": "phantomguard_partisan_63",
			"from": [8.8125, 15.75, 7.96875],
			"to": [8.9375, 16, 8.03125],
			"rotation": {"angle": 0, "axis": "y", "origin": [-4.4375, 0, 7.9375]},
			"faces": {
				"north": {"uv": [5.5, 4.25, 5.375, 4.5], "texture": "#0"},
				"east": {"uv": [5.375, 4.25, 5.5, 4.5], "texture": "#0"},
				"south": {"uv": [5.375, 4.25, 5.5, 4.5], "texture": "#0"},
				"west": {"uv": [5.375, 4.25, 5.5, 4.5], "texture": "#0"},
				"up": {"uv": [5.375, 4.25, 5.5, 4.375], "texture": "#0"},
				"down": {"uv": [5.375, 4.375, 5.5, 4.5], "texture": "#0"}
			}
		},
		{
			"name": "phantomguard_partisan_64",
			"from": [7.3125, 15.625, 7.9375],
			"to": [7.5625, 15.875, 8.0625],
			"rotation": {"angle": 0, "axis": "y", "origin": [-4.4375, 0, 7.9375]},
			"faces": {
				"north": {"uv": [2.25, 4.375, 2, 4.625], "texture": "#0"},
				"east": {"uv": [2.125, 4.375, 2.25, 4.625], "texture": "#0"},
				"south": {"uv": [2, 4.375, 2.25, 4.625], "texture": "#0"},
				"west": {"uv": [2, 4.375, 2.125, 4.625], "texture": "#0"},
				"up": {"uv": [2, 4.375, 2.25, 4.5], "texture": "#0"},
				"down": {"uv": [2, 4.5, 2.25, 4.625], "texture": "#0"}
			}
		},
		{
			"name": "phantomguard_partisan_65",
			"from": [8.4375, 15.625, 7.9375],
			"to": [8.6875, 15.875, 8.0625],
			"rotation": {"angle": 0, "axis": "y", "origin": [-4.4375, 0, 7.9375]},
			"faces": {
				"north": {"uv": [3.375, 4.375, 3.125, 4.625], "texture": "#0"},
				"east": {"uv": [3.25, 4.375, 3.375, 4.625], "texture": "#0"},
				"south": {"uv": [3.125, 4.375, 3.375, 4.625], "texture": "#0"},
				"west": {"uv": [3.125, 4.375, 3.25, 4.625], "texture": "#0"},
				"up": {"uv": [3.125, 4.375, 3.375, 4.5], "texture": "#0"},
				"down": {"uv": [3.125, 4.5, 3.375, 4.625], "texture": "#0"}
			}
		},
		{
			"name": "phantomguard_partisan_66",
			"from": [7.1875, 15.5, 7.96875],
			"to": [7.3125, 15.875, 8.03125],
			"rotation": {"angle": 0, "axis": "y", "origin": [-4.4375, 0, 7.9375]},
			"faces": {
				"north": {"uv": [3.875, 4.375, 3.75, 4.75], "texture": "#0"},
				"east": {"uv": [3.75, 4.375, 3.875, 4.75], "texture": "#0"},
				"south": {"uv": [3.75, 4.375, 3.875, 4.75], "texture": "#0"},
				"west": {"uv": [3.75, 4.375, 3.875, 4.75], "texture": "#0"},
				"up": {"uv": [3.75, 4.375, 3.875, 4.5], "texture": "#0"},
				"down": {"uv": [3.75, 4.625, 3.875, 4.75], "texture": "#0"}
			}
		},
		{
			"name": "phantomguard_partisan_67",
			"from": [8.6875, 15.5, 7.96875],
			"to": [8.8125, 15.875, 8.03125],
			"rotation": {"angle": 0, "axis": "y", "origin": [-4.4375, 0, 7.9375]},
			"faces": {
				"north": {"uv": [5.375, 4.375, 5.25, 4.75], "texture": "#0"},
				"east": {"uv": [5.25, 4.375, 5.375, 4.75], "texture": "#0"},
				"south": {"uv": [5.25, 4.375, 5.375, 4.75], "texture": "#0"},
				"west": {"uv": [5.25, 4.375, 5.375, 4.75], "texture": "#0"},
				"up": {"uv": [5.25, 4.375, 5.375, 4.5], "texture": "#0"},
				"down": {"uv": [5.25, 4.625, 5.375, 4.75], "texture": "#0"}
			}
		},
		{
			"name": "phantomguard_partisan_68",
			"from": [7.9375, 15.125, 7.875],
			"to": [8.0625, 15.875, 8.125],
			"rotation": {"angle": 0, "axis": "y", "origin": [-4.4375, 0, 7.9375]},
			"faces": {
				"north": {"uv": [8, 4.375, 7.875, 5.125], "texture": "#0"},
				"east": {"uv": [7.875, 4.375, 8, 5.125], "texture": "#0"},
				"south": {"uv": [7.875, 4.375, 8, 5.125], "texture": "#0"},
				"west": {"uv": [7.875, 4.375, 8, 5.125], "texture": "#0"},
				"up": {"uv": [7.875, 4.375, 8, 4.5], "texture": "#0"},
				"down": {"uv": [7.875, 5, 8, 5.125], "texture": "#0"}
			}
		},
		{
			"name": "phantomguard_partisan_69",
			"from": [7.5625, 15.5, 7.9375],
			"to": [7.6875, 15.75, 8.0625],
			"rotation": {"angle": 0, "axis": "y", "origin": [-4.4375, 0, 7.9375]},
			"faces": {
				"north": {"uv": [2.375, 4.5, 2.25, 4.75], "texture": "#0"},
				"east": {"uv": [2.25, 4.5, 2.375, 4.75], "texture": "#0"},
				"south": {"uv": [2.25, 4.5, 2.375, 4.75], "texture": "#0"},
				"west": {"uv": [2.25, 4.5, 2.375, 4.75], "texture": "#0"},
				"up": {"uv": [2.25, 4.5, 2.375, 4.625], "texture": "#0"},
				"down": {"uv": [2.25, 4.625, 2.375, 4.75], "texture": "#0"}
			}
		},
		{
			"name": "phantomguard_partisan_70",
			"from": [8.3125, 15.5, 7.9375],
			"to": [8.4375, 15.75, 8.0625],
			"rotation": {"angle": 0, "axis": "y", "origin": [-4.4375, 0, 7.9375]},
			"faces": {
				"north": {"uv": [3.125, 4.5, 3, 4.75], "texture": "#0"},
				"east": {"uv": [3, 4.5, 3.125, 4.75], "texture": "#0"},
				"south": {"uv": [3, 4.5, 3.125, 4.75], "texture": "#0"},
				"west": {"uv": [3, 4.5, 3.125, 4.75], "texture": "#0"},
				"up": {"uv": [3, 4.5, 3.125, 4.625], "texture": "#0"},
				"down": {"uv": [3, 4.625, 3.125, 4.75], "texture": "#0"}
			}
		},
		{
			"name": "phantomguard_partisan_71",
			"from": [7.8125, 15.125, 7.875],
			"to": [7.9375, 15.75, 8.125],
			"rotation": {"angle": 0, "axis": "y", "origin": [-4.4375, 0, 7.9375]},
			"faces": {
				"north": {"uv": [7.875, 4.5, 7.75, 5.125], "texture": "#0"},
				"east": {"uv": [7.75, 4.5, 7.875, 5.125], "texture": "#0"},
				"south": {"uv": [7.75, 4.5, 7.875, 5.125], "texture": "#0"},
				"west": {"uv": [7.75, 4.5, 7.875, 5.125], "texture": "#0"},
				"up": {"uv": [7.75, 4.5, 7.875, 4.625], "texture": "#0"},
				"down": {"uv": [7.75, 5, 7.875, 5.125], "texture": "#0"}
			}
		},
		{
			"name": "phantomguard_partisan_72",
			"from": [8.0625, 15.125, 7.875],
			"to": [8.1875, 15.75, 8.125],
			"rotation": {"angle": 0, "axis": "y", "origin": [-4.4375, 0, 7.9375]},
			"faces": {
				"north": {"uv": [8.125, 4.5, 8, 5.125], "texture": "#0"},
				"east": {"uv": [8, 4.5, 8.125, 5.125], "texture": "#0"},
				"south": {"uv": [8, 4.5, 8.125, 5.125], "texture": "#0"},
				"west": {"uv": [8, 4.5, 8.125, 5.125], "texture": "#0"},
				"up": {"uv": [8, 4.5, 8.125, 4.625], "texture": "#0"},
				"down": {"uv": [8, 5, 8.125, 5.125], "texture": "#0"}
			}
		},
		{
			"name": "phantomguard_partisan_73",
			"from": [7.4375, 15.375, 7.9375],
			"to": [7.5625, 15.625, 8.0625],
			"rotation": {"angle": 0, "axis": "y", "origin": [-4.4375, 0, 7.9375]},
			"faces": {
				"north": {"uv": [2.25, 4.625, 2.125, 4.875], "texture": "#0"},
				"east": {"uv": [2.125, 4.625, 2.25, 4.875], "texture": "#0"},
				"south": {"uv": [2.125, 4.625, 2.25, 4.875], "texture": "#0"},
				"west": {"uv": [2.125, 4.625, 2.25, 4.875], "texture": "#0"},
				"up": {"uv": [2.125, 4.625, 2.25, 4.75], "texture": "#0"},
				"down": {"uv": [2.125, 4.75, 2.25, 4.875], "texture": "#0"}
			}
		},
		{
			"name": "phantomguard_partisan_74",
			"from": [8.4375, 15.375, 7.9375],
			"to": [8.5625, 15.625, 8.0625],
			"rotation": {"angle": 0, "axis": "y", "origin": [-4.4375, 0, 7.9375]},
			"faces": {
				"north": {"uv": [3.25, 4.625, 3.125, 4.875], "texture": "#0"},
				"east": {"uv": [3.125, 4.625, 3.25, 4.875], "texture": "#0"},
				"south": {"uv": [3.125, 4.625, 3.25, 4.875], "texture": "#0"},
				"west": {"uv": [3.125, 4.625, 3.25, 4.875], "texture": "#0"},
				"up": {"uv": [3.125, 4.625, 3.25, 4.75], "texture": "#0"},
				"down": {"uv": [3.125, 4.75, 3.25, 4.875], "texture": "#0"}
			}
		},
		{
			"name": "phantomguard_partisan_75",
			"from": [7.3125, 15.375, 7.96875],
			"to": [7.4375, 15.625, 8.03125],
			"rotation": {"angle": 0, "axis": "y", "origin": [-4.4375, 0, 7.9375]},
			"faces": {
				"north": {"uv": [4, 4.625, 3.875, 4.875], "texture": "#0"},
				"east": {"uv": [3.875, 4.625, 4, 4.875], "texture": "#0"},
				"south": {"uv": [3.875, 4.625, 4, 4.875], "texture": "#0"},
				"west": {"uv": [3.875, 4.625, 4, 4.875], "texture": "#0"},
				"up": {"uv": [3.875, 4.625, 4, 4.75], "texture": "#0"},
				"down": {"uv": [3.875, 4.75, 4, 4.875], "texture": "#0"}
			}
		},
		{
			"name": "phantomguard_partisan_76",
			"from": [8.5625, 15.375, 7.96875],
			"to": [8.6875, 15.625, 8.03125],
			"rotation": {"angle": 0, "axis": "y", "origin": [-4.4375, 0, 7.9375]},
			"faces": {
				"north": {"uv": [5.25, 4.625, 5.125, 4.875], "texture": "#0"},
				"east": {"uv": [5.125, 4.625, 5.25, 4.875], "texture": "#0"},
				"south": {"uv": [5.125, 4.625, 5.25, 4.875], "texture": "#0"},
				"west": {"uv": [5.125, 4.625, 5.25, 4.875], "texture": "#0"},
				"up": {"uv": [5.125, 4.625, 5.25, 4.75], "texture": "#0"},
				"down": {"uv": [5.125, 4.75, 5.25, 4.875], "texture": "#0"}
			}
		},
		{
			"name": "phantomguard_partisan_77",
			"from": [7.6875, 15.125, 7.875],
			"to": [7.8125, 15.625, 8.125],
			"rotation": {"angle": 0, "axis": "y", "origin": [-4.4375, 0, 7.9375]},
			"faces": {
				"north": {"uv": [7.75, 4.625, 7.625, 5.125], "texture": "#0"},
				"east": {"uv": [7.625, 4.625, 7.75, 5.125], "texture": "#0"},
				"south": {"uv": [7.625, 4.625, 7.75, 5.125], "texture": "#0"},
				"west": {"uv": [7.625, 4.625, 7.75, 5.125], "texture": "#0"},
				"up": {"uv": [7.625, 4.625, 7.75, 4.75], "texture": "#0"},
				"down": {"uv": [7.625, 5, 7.75, 5.125], "texture": "#0"}
			}
		},
		{
			"name": "phantomguard_partisan_78",
			"from": [8.1875, 15.125, 7.875],
			"to": [8.3125, 15.625, 8.125],
			"rotation": {"angle": 0, "axis": "y", "origin": [-4.4375, 0, 7.9375]},
			"faces": {
				"north": {"uv": [8.25, 4.625, 8.125, 5.125], "texture": "#0"},
				"east": {"uv": [8.125, 4.625, 8.25, 5.125], "texture": "#0"},
				"south": {"uv": [8.125, 4.625, 8.25, 5.125], "texture": "#0"},
				"west": {"uv": [8.125, 4.625, 8.25, 5.125], "texture": "#0"},
				"up": {"uv": [8.125, 4.625, 8.25, 4.75], "texture": "#0"},
				"down": {"uv": [8.125, 5, 8.25, 5.125], "texture": "#0"}
			}
		},
		{
			"name": "phantomguard_partisan_79",
			"from": [7.5625, 15.125, 7.875],
			"to": [7.6875, 15.5, 8.125],
			"rotation": {"angle": 0, "axis": "y", "origin": [-4.4375, 0, 7.9375]},
			"faces": {
				"north": {"uv": [7.625, 4.75, 7.5, 5.125], "texture": "#0"},
				"east": {"uv": [7.5, 4.75, 7.625, 5.125], "texture": "#0"},
				"south": {"uv": [7.5, 4.75, 7.625, 5.125], "texture": "#0"},
				"west": {"uv": [7.5, 4.75, 7.625, 5.125], "texture": "#0"},
				"up": {"uv": [7.5, 4.75, 7.625, 4.875], "texture": "#0"},
				"down": {"uv": [7.5, 5, 7.625, 5.125], "texture": "#0"}
			}
		},
		{
			"name": "phantomguard_partisan_80",
			"from": [8.3125, 15.125, 7.875],
			"to": [8.4375, 15.5, 8.125],
			"rotation": {"angle": 0, "axis": "y", "origin": [-4.4375, 0, 7.9375]},
			"faces": {
				"north": {"uv": [8.375, 4.75, 8.25, 5.125], "texture": "#0"},
				"east": {"uv": [8.25, 4.75, 8.375, 5.125], "texture": "#0"},
				"south": {"uv": [8.25, 4.75, 8.375, 5.125], "texture": "#0"},
				"west": {"uv": [8.25, 4.75, 8.375, 5.125], "texture": "#0"},
				"up": {"uv": [8.25, 4.75, 8.375, 4.875], "texture": "#0"},
				"down": {"uv": [8.25, 5, 8.375, 5.125], "texture": "#0"}
			}
		},
		{
			"name": "phantomguard_partisan_81",
			"from": [7.9375, 14.125, 7.8125],
			"to": [8.0625, 14.875, 8.1875],
			"rotation": {"angle": 0, "axis": "y", "origin": [-4.4375, 0, 7.9375]},
			"faces": {
				"north": {"uv": [8, 5.375, 7.875, 6.125], "texture": "#0"},
				"east": {"uv": [7.875, 5.375, 8, 6.125], "texture": "#0"},
				"south": {"uv": [7.875, 5.375, 8, 6.125], "texture": "#0"},
				"west": {"uv": [7.875, 5.375, 8, 6.125], "texture": "#0"},
				"up": {"uv": [7.875, 5.375, 8, 5.5], "texture": "#0"},
				"down": {"uv": [7.875, 6, 8, 6.125], "texture": "#0"}
			}
		},
		{
			"name": "phantomguard_partisan_82",
			"from": [7.0625, 14.125, 7.875],
			"to": [7.1875, 14.75, 8.125],
			"rotation": {"angle": 0, "axis": "y", "origin": [-4.4375, 0, 7.9375]},
			"faces": {
				"north": {"uv": [7.125, 5.5, 7, 6.125], "texture": "#0"},
				"east": {"uv": [7, 5.5, 7.125, 6.125], "texture": "#0"},
				"south": {"uv": [7, 5.5, 7.125, 6.125], "texture": "#0"},
				"west": {"uv": [7, 5.5, 7.125, 6.125], "texture": "#0"},
				"up": {"uv": [7, 5.5, 7.125, 5.625], "texture": "#0"},
				"down": {"uv": [7, 6, 7.125, 6.125], "texture": "#0"}
			}
		},
		{
			"name": "phantomguard_partisan_83",
			"from": [7.8125, 14.125, 7.8125],
			"to": [7.9375, 14.75, 8.1875],
			"rotation": {"angle": 0, "axis": "y", "origin": [-4.4375, 0, 7.9375]},
			"faces": {
				"north": {"uv": [7.875, 5.5, 7.75, 6.125], "texture": "#0"},
				"east": {"uv": [7.75, 5.5, 7.875, 6.125], "texture": "#0"},
				"south": {"uv": [7.75, 5.5, 7.875, 6.125], "texture": "#0"},
				"west": {"uv": [7.75, 5.5, 7.875, 6.125], "texture": "#0"},
				"up": {"uv": [7.75, 5.5, 7.875, 5.625], "texture": "#0"},
				"down": {"uv": [7.75, 6, 7.875, 6.125], "texture": "#0"}
			}
		},
		{
			"name": "phantomguard_partisan_84",
			"from": [8.0625, 14.125, 7.8125],
			"to": [8.1875, 14.75, 8.1875],
			"rotation": {"angle": 0, "axis": "y", "origin": [-4.4375, 0, 7.9375]},
			"faces": {
				"north": {"uv": [8.125, 5.5, 8, 6.125], "texture": "#0"},
				"east": {"uv": [8, 5.5, 8.125, 6.125], "texture": "#0"},
				"south": {"uv": [8, 5.5, 8.125, 6.125], "texture": "#0"},
				"west": {"uv": [8, 5.5, 8.125, 6.125], "texture": "#0"},
				"up": {"uv": [8, 5.5, 8.125, 5.625], "texture": "#0"},
				"down": {"uv": [8, 6, 8.125, 6.125], "texture": "#0"}
			}
		},
		{
			"name": "phantomguard_partisan_85",
			"from": [8.8125, 14.125, 7.875],
			"to": [8.9375, 14.75, 8.125],
			"rotation": {"angle": 0, "axis": "y", "origin": [-4.4375, 0, 7.9375]},
			"faces": {
				"north": {"uv": [8.875, 5.5, 8.75, 6.125], "texture": "#0"},
				"east": {"uv": [8.75, 5.5, 8.875, 6.125], "texture": "#0"},
				"south": {"uv": [8.75, 5.5, 8.875, 6.125], "texture": "#0"},
				"west": {"uv": [8.75, 5.5, 8.875, 6.125], "texture": "#0"},
				"up": {"uv": [8.75, 5.5, 8.875, 5.625], "texture": "#0"},
				"down": {"uv": [8.75, 6, 8.875, 6.125], "texture": "#0"}
			}
		},
		{
			"name": "phantomguard_partisan_86",
			"from": [6.9375, 14.25, 7.875],
			"to": [7.0625, 14.625, 8.125],
			"rotation": {"angle": 0, "axis": "y", "origin": [-4.4375, 0, 7.9375]},
			"faces": {
				"north": {"uv": [7, 5.625, 6.875, 6], "texture": "#0"},
				"east": {"uv": [6.875, 5.625, 7, 6], "texture": "#0"},
				"south": {"uv": [6.875, 5.625, 7, 6], "texture": "#0"},
				"west": {"uv": [6.875, 5.625, 7, 6], "texture": "#0"},
				"up": {"uv": [6.875, 5.625, 7, 5.75], "texture": "#0"},
				"down": {"uv": [6.875, 5.875, 7, 6], "texture": "#0"}
			}
		},
		{
			"name": "phantomguard_partisan_87",
			"from": [7.6875, 14.125, 7.8125],
			"to": [7.8125, 14.625, 8.1875],
			"rotation": {"angle": 0, "axis": "y", "origin": [-4.4375, 0, 7.9375]},
			"faces": {
				"north": {"uv": [7.75, 5.625, 7.625, 6.125], "texture": "#0"},
				"east": {"uv": [7.625, 5.625, 7.75, 6.125], "texture": "#0"},
				"south": {"uv": [7.625, 5.625, 7.75, 6.125], "texture": "#0"},
				"west": {"uv": [7.625, 5.625, 7.75, 6.125], "texture": "#0"},
				"up": {"uv": [7.625, 5.625, 7.75, 5.75], "texture": "#0"},
				"down": {"uv": [7.625, 6, 7.75, 6.125], "texture": "#0"}
			}
		},
		{
			"name": "phantomguard_partisan_88",
			"from": [8.1875, 14.125, 7.8125],
			"to": [8.3125, 14.625, 8.1875],
			"rotation": {"angle": 0, "axis": "y", "origin": [-4.4375, 0, 7.9375]},
			"faces": {
				"north": {"uv": [8.25, 5.625, 8.125, 6.125], "texture": "#0"},
				"east": {"uv": [8.125, 5.625, 8.25, 6.125], "texture": "#0"},
				"south": {"uv": [8.125, 5.625, 8.25, 6.125], "texture": "#0"},
				"west": {"uv": [8.125, 5.625, 8.25, 6.125], "texture": "#0"},
				"up": {"uv": [8.125, 5.625, 8.25, 5.75], "texture": "#0"},
				"down": {"uv": [8.125, 6, 8.25, 6.125], "texture": "#0"}
			}
		},
		{
			"name": "phantomguard_partisan_89",
			"from": [8.9375, 14.25, 7.875],
			"to": [9.0625, 14.625, 8.125],
			"rotation": {"angle": 0, "axis": "y", "origin": [-4.4375, 0, 7.9375]},
			"faces": {
				"north": {"uv": [9, 5.625, 8.875, 6], "texture": "#0"},
				"east": {"uv": [8.875, 5.625, 9, 6], "texture": "#0"},
				"south": {"uv": [8.875, 5.625, 9, 6], "texture": "#0"},
				"west": {"uv": [8.875, 5.625, 9, 6], "texture": "#0"},
				"up": {"uv": [8.875, 5.625, 9, 5.75], "texture": "#0"},
				"down": {"uv": [8.875, 5.875, 9, 6], "texture": "#0"}
			}
		},
		{
			"name": "phantomguard_partisan_90",
			"from": [6.8125, 14.375, 7.875],
			"to": [6.9375, 14.5, 8.125],
			"rotation": {"angle": 0, "axis": "y", "origin": [-4.4375, 0, 7.9375]},
			"faces": {
				"north": {"uv": [6.875, 5.75, 6.75, 5.875], "texture": "#0"},
				"east": {"uv": [6.75, 5.75, 6.875, 5.875], "texture": "#0"},
				"south": {"uv": [6.75, 5.75, 6.875, 5.875], "texture": "#0"},
				"west": {"uv": [6.75, 5.75, 6.875, 5.875], "texture": "#0"},
				"up": {"uv": [6.75, 5.75, 6.875, 5.875], "texture": "#0"},
				"down": {"uv": [6.75, 5.75, 6.875, 5.875], "texture": "#0"}
			}
		},
		{
			"name": "phantomguard_partisan_91",
			"from": [9.0625, 14.375, 7.875],
			"to": [9.1875, 14.5, 8.125],
			"rotation": {"angle": 0, "axis": "y", "origin": [-4.4375, 0, 7.9375]},
			"faces": {
				"north": {"uv": [9.125, 5.75, 9, 5.875], "texture": "#0"},
				"east": {"uv": [9, 5.75, 9.125, 5.875], "texture": "#0"},
				"south": {"uv": [9, 5.75, 9.125, 5.875], "texture": "#0"},
				"west": {"uv": [9, 5.75, 9.125, 5.875], "texture": "#0"},
				"up": {"uv": [9, 5.75, 9.125, 5.875], "texture": "#0"},
				"down": {"uv": [9, 5.75, 9.125, 5.875], "texture": "#0"}
			}
		},
		{
			"name": "phantomguard_partisan_92",
			"from": [7.8125, 13.875, 7.875],
			"to": [8.1875, 14.125, 8.125],
			"rotation": {"angle": 0, "axis": "y", "origin": [-4.4375, 0, 7.9375]},
			"faces": {
				"north": {"uv": [6.625, 6.125, 6.25, 6.375], "texture": "#0"},
				"east": {"uv": [6.5, 6.125, 6.625, 6.375], "texture": "#0"},
				"south": {"uv": [6.25, 6.125, 6.625, 6.375], "texture": "#0"},
				"west": {"uv": [6.25, 6.125, 6.375, 6.375], "texture": "#0"},
				"up": {"uv": [6.25, 6.125, 6.625, 6.25], "texture": "#0"},
				"down": {"uv": [6.25, 6.25, 6.625, 6.375], "texture": "#0"}
			}
		},
		{
			"name": "phantomguard_partisan_93",
			"from": [7.6875, 13.625, 7.75],
			"to": [8.3125, 13.875, 8.25],
			"rotation": {"angle": 0, "axis": "y", "origin": [-4.4375, 0, 7.9375]},
			"faces": {
				"north": {"uv": [8.25, 6.375, 7.625, 6.625], "texture": "#0"},
				"east": {"uv": [8.125, 6.375, 8.25, 6.625], "texture": "#0"},
				"south": {"uv": [7.625, 6.375, 8.25, 6.625], "texture": "#0"},
				"west": {"uv": [7.625, 6.375, 7.75, 6.625], "texture": "#0"},
				"up": {"uv": [7.625, 6.375, 8.25, 6.5], "texture": "#0"},
				"down": {"uv": [7.625, 6.5, 8.25, 6.625], "texture": "#0"}
			}
		},
		{
			"name": "phantomguard_partisan_94",
			"from": [7.8125, 13.125, 7.875],
			"to": [8.1875, 13.625, 8.125],
			"rotation": {"angle": 0, "axis": "y", "origin": [-4.4375, 0, 7.9375]},
			"faces": {
				"north": {"uv": [6.625, 6.625, 6.25, 7.125], "texture": "#0"},
				"east": {"uv": [6.5, 6.625, 6.625, 7.125], "texture": "#0"},
				"south": {"uv": [6.25, 6.625, 6.625, 7.125], "texture": "#0"},
				"west": {"uv": [6.25, 6.625, 6.375, 7.125], "texture": "#0"},
				"up": {"uv": [6.25, 6.625, 6.625, 6.75], "texture": "#0"},
				"down": {"uv": [6.25, 7, 6.625, 7.125], "texture": "#0"}
			}
		},
		{
			"name": "phantomguard_partisan_95",
			"from": [7.6875, 12.875, 7.75],
			"to": [8.3125, 13.125, 8.25],
			"rotation": {"angle": 0, "axis": "y", "origin": [-4.4375, 0, 7.9375]},
			"faces": {
				"north": {"uv": [8.25, 7.125, 7.625, 7.375], "texture": "#0"},
				"east": {"uv": [8.125, 7.125, 8.25, 7.375], "texture": "#0"},
				"south": {"uv": [7.625, 7.125, 8.25, 7.375], "texture": "#0"},
				"west": {"uv": [7.625, 7.125, 7.75, 7.375], "texture": "#0"},
				"up": {"uv": [7.625, 7.125, 8.25, 7.25], "texture": "#0"},
				"down": {"uv": [7.625, 7.25, 8.25, 7.375], "texture": "#0"}
			}
		},
		{
			"name": "phantomguard_partisan_96",
			"from": [7.6875, 1.75, 7.75],
			"to": [8.3125, 2, 8.25],
			"rotation": {"angle": 0, "axis": "y", "origin": [-4.4375, 0, 7.9375]},
			"faces": {
				"north": {"uv": [9, 12.75, 8.375, 13], "texture": "#0"},
				"east": {"uv": [8.875, 12.75, 9, 13], "texture": "#0"},
				"south": {"uv": [8.375, 12.75, 9, 13], "texture": "#0"},
				"west": {"uv": [8.375, 12.75, 8.5, 13], "texture": "#0"},
				"up": {"uv": [8.375, 12.75, 9, 12.875], "texture": "#0"},
				"down": {"uv": [8.375, 12.875, 9, 13], "texture": "#0"}
			}
		},
		{
			"name": "phantomguard_partisan_97",
			"from": [7.8125, 1.375, 7.875],
			"to": [8.1875, 1.75, 8.125],
			"rotation": {"angle": 0, "axis": "y", "origin": [-4.4375, 0, 7.9375]},
			"faces": {
				"north": {"uv": [6.625, 13, 6.25, 13.375], "texture": "#0"},
				"east": {"uv": [6.5, 13, 6.625, 13.375], "texture": "#0"},
				"south": {"uv": [6.25, 13, 6.625, 13.375], "texture": "#0"},
				"west": {"uv": [6.25, 13, 6.375, 13.375], "texture": "#0"},
				"up": {"uv": [6.25, 13, 6.625, 13.125], "texture": "#0"},
				"down": {"uv": [6.25, 13.25, 6.625, 13.375], "texture": "#0"}
			}
		},
		{
			"name": "phantomguard_partisan_98",
			"from": [7.6875, 1.125, 7.75],
			"to": [8.3125, 1.375, 8.25],
			"rotation": {"angle": 0, "axis": "y", "origin": [-4.4375, 0, 7.9375]},
			"faces": {
				"north": {"uv": [9, 13.375, 8.375, 13.625], "texture": "#0"},
				"east": {"uv": [8.875, 13.375, 9, 13.625], "texture": "#0"},
				"south": {"uv": [8.375, 13.375, 9, 13.625], "texture": "#0"},
				"west": {"uv": [8.375, 13.375, 8.5, 13.625], "texture": "#0"},
				"up": {"uv": [8.375, 13.375, 9, 13.5], "texture": "#0"},
				"down": {"uv": [8.375, 13.5, 9, 13.625], "texture": "#0"}
			}
		},
		{
			"name": "phantomguard_partisan_99",
			"from": [7.8125, 1, 7.875],
			"to": [8.1875, 1.125, 8.125],
			"rotation": {"angle": 0, "axis": "y", "origin": [-4.4375, 0, 7.9375]},
			"faces": {
				"north": {"uv": [8.125, 13.625, 7.75, 13.75], "texture": "#0"},
				"east": {"uv": [8, 13.625, 8.125, 13.75], "texture": "#0"},
				"south": {"uv": [7.75, 13.625, 8.125, 13.75], "texture": "#0"},
				"west": {"uv": [7.75, 13.625, 7.875, 13.75], "texture": "#0"},
				"up": {"uv": [7.75, 13.625, 8.125, 13.75], "texture": "#0"},
				"down": {"uv": [7.75, 13.625, 8.125, 13.75], "texture": "#0"}
			}
		},
		{
			"name": "phantomguard_partisan_100",
			"from": [7.4375, 0.375, 7.875],
			"to": [7.5625, 1, 8.125],
			"rotation": {"angle": 0, "axis": "y", "origin": [-4.4375, 0, 7.9375]},
			"faces": {
				"north": {"uv": [4.5, 13.75, 4.375, 14.375], "texture": "#0"},
				"east": {"uv": [4.375, 13.75, 4.5, 14.375], "texture": "#0"},
				"south": {"uv": [4.375, 13.75, 4.5, 14.375], "texture": "#0"},
				"west": {"uv": [4.375, 13.75, 4.5, 14.375], "texture": "#0"},
				"up": {"uv": [4.375, 13.75, 4.5, 13.875], "texture": "#0"},
				"down": {"uv": [4.375, 14.25, 4.5, 14.375], "texture": "#0"}
			}
		},
		{
			"name": "phantomguard_partisan_101",
			"from": [8.4375, 0.375, 7.875],
			"to": [8.5625, 1, 8.125],
			"rotation": {"angle": 0, "axis": "y", "origin": [-4.4375, 0, 7.9375]},
			"faces": {
				"north": {"uv": [5.5, 13.75, 5.375, 14.375], "texture": "#0"},
				"east": {"uv": [5.375, 13.75, 5.5, 14.375], "texture": "#0"},
				"south": {"uv": [5.375, 13.75, 5.5, 14.375], "texture": "#0"},
				"west": {"uv": [5.375, 13.75, 5.5, 14.375], "texture": "#0"},
				"up": {"uv": [5.375, 13.75, 5.5, 13.875], "texture": "#0"},
				"down": {"uv": [5.375, 14.25, 5.5, 14.375], "texture": "#0"}
			}
		},
		{
			"name": "phantomguard_partisan_102",
			"from": [7.9375, 0.375, 7.9375],
			"to": [8.0625, 1, 8.0625],
			"rotation": {"angle": 0, "axis": "y", "origin": [-4.4375, 0, 7.9375]},
			"faces": {
				"north": {"uv": [6.5, 13.75, 6.375, 14.375], "texture": "#0"},
				"east": {"uv": [6.375, 13.75, 6.5, 14.375], "texture": "#0"},
				"south": {"uv": [6.375, 13.75, 6.5, 14.375], "texture": "#0"},
				"west": {"uv": [6.375, 13.75, 6.5, 14.375], "texture": "#0"},
				"up": {"uv": [6.375, 13.75, 6.5, 13.875], "texture": "#0"},
				"down": {"uv": [6.375, 14.25, 6.5, 14.375], "texture": "#0"}
			}
		},
		{
			"name": "phantomguard_partisan_103",
			"from": [7.8125, 0.875, 7.875],
			"to": [7.9375, 1, 8.125],
			"rotation": {"angle": 0, "axis": "y", "origin": [-4.4375, 0, 7.9375]},
			"faces": {
				"north": {"uv": [7.875, 13.75, 7.75, 13.875], "texture": "#0"},
				"east": {"uv": [7.75, 13.75, 7.875, 13.875], "texture": "#0"},
				"south": {"uv": [7.75, 13.75, 7.875, 13.875], "texture": "#0"},
				"west": {"uv": [7.75, 13.75, 7.875, 13.875], "texture": "#0"},
				"up": {"uv": [7.75, 13.75, 7.875, 13.875], "texture": "#0"},
				"down": {"uv": [7.75, 13.75, 7.875, 13.875], "texture": "#0"}
			}
		},
		{
			"name": "phantomguard_partisan_104",
			"from": [8.0625, 0.875, 7.875],
			"to": [8.1875, 1, 8.125],
			"rotation": {"angle": 0, "axis": "y", "origin": [-4.4375, 0, 7.9375]},
			"faces": {
				"north": {"uv": [8.125, 13.75, 8, 13.875], "texture": "#0"},
				"east": {"uv": [8, 13.75, 8.125, 13.875], "texture": "#0"},
				"south": {"uv": [8, 13.75, 8.125, 13.875], "texture": "#0"},
				"west": {"uv": [8, 13.75, 8.125, 13.875], "texture": "#0"},
				"up": {"uv": [8, 13.75, 8.125, 13.875], "texture": "#0"},
				"down": {"uv": [8, 13.75, 8.125, 13.875], "texture": "#0"}
			}
		},
		{
			"name": "phantomguard_partisan_105",
			"from": [7.3125, 0.5, 7.875],
			"to": [7.4375, 0.875, 8.125],
			"rotation": {"angle": 0, "axis": "y", "origin": [-4.4375, 0, 7.9375]},
			"faces": {
				"north": {"uv": [4.375, 13.875, 4.25, 14.25], "texture": "#0"},
				"east": {"uv": [4.25, 13.875, 4.375, 14.25], "texture": "#0"},
				"south": {"uv": [4.25, 13.875, 4.375, 14.25], "texture": "#0"},
				"west": {"uv": [4.25, 13.875, 4.375, 14.25], "texture": "#0"},
				"up": {"uv": [4.25, 13.875, 4.375, 14], "texture": "#0"},
				"down": {"uv": [4.25, 14.125, 4.375, 14.25], "texture": "#0"}
			}
		},
		{
			"name": "phantomguard_partisan_106",
			"from": [8.5625, 0.5, 7.875],
			"to": [8.6875, 0.875, 8.125],
			"rotation": {"angle": 0, "axis": "y", "origin": [-4.4375, 0, 7.9375]},
			"faces": {
				"north": {"uv": [5.625, 13.875, 5.5, 14.25], "texture": "#0"},
				"east": {"uv": [5.5, 13.875, 5.625, 14.25], "texture": "#0"},
				"south": {"uv": [5.5, 13.875, 5.625, 14.25], "texture": "#0"},
				"west": {"uv": [5.5, 13.875, 5.625, 14.25], "texture": "#0"},
				"up": {"uv": [5.5, 13.875, 5.625, 14], "texture": "#0"},
				"down": {"uv": [5.5, 14.125, 5.625, 14.25], "texture": "#0"}
			}
		},
		{
			"name": "phantomguard_partisan_107",
			"from": [7.8125, 0.5, 7.9375],
			"to": [7.9375, 0.875, 8.0625],
			"rotation": {"angle": 0, "axis": "y", "origin": [-4.4375, 0, 7.9375]},
			"faces": {
				"north": {"uv": [6.375, 13.875, 6.25, 14.25], "texture": "#0"},
				"east": {"uv": [6.25, 13.875, 6.375, 14.25], "texture": "#0"},
				"south": {"uv": [6.25, 13.875, 6.375, 14.25], "texture": "#0"},
				"west": {"uv": [6.25, 13.875, 6.375, 14.25], "texture": "#0"},
				"up": {"uv": [6.25, 13.875, 6.375, 14], "texture": "#0"},
				"down": {"uv": [6.25, 14.125, 6.375, 14.25], "texture": "#0"}
			}
		},
		{
			"name": "phantomguard_partisan_108",
			"from": [8.0625, 0.5, 7.9375],
			"to": [8.1875, 0.875, 8.0625],
			"rotation": {"angle": 0, "axis": "y", "origin": [-4.4375, 0, 7.9375]},
			"faces": {
				"north": {"uv": [6.625, 13.875, 6.5, 14.25], "texture": "#0"},
				"east": {"uv": [6.5, 13.875, 6.625, 14.25], "texture": "#0"},
				"south": {"uv": [6.5, 13.875, 6.625, 14.25], "texture": "#0"},
				"west": {"uv": [6.5, 13.875, 6.625, 14.25], "texture": "#0"},
				"up": {"uv": [6.5, 13.875, 6.625, 14], "texture": "#0"},
				"down": {"uv": [6.5, 14.125, 6.625, 14.25], "texture": "#0"}
			}
		},
		{
			"name": "phantomguard_partisan_109",
			"from": [7.5625, 0.75, 7.875],
			"to": [7.8125, 0.875, 8.125],
			"rotation": {"angle": 0, "axis": "y", "origin": [-4.4375, 0, 7.9375]},
			"faces": {
				"north": {"uv": [7.75, 13.875, 7.5, 14], "texture": "#0"},
				"east": {"uv": [7.625, 13.875, 7.75, 14], "texture": "#0"},
				"south": {"uv": [7.5, 13.875, 7.75, 14], "texture": "#0"},
				"west": {"uv": [7.5, 13.875, 7.625, 14], "texture": "#0"},
				"up": {"uv": [7.5, 13.875, 7.75, 14], "texture": "#0"},
				"down": {"uv": [7.5, 13.875, 7.75, 14], "texture": "#0"}
			}
		},
		{
			"name": "phantomguard_partisan_110",
			"from": [8.1875, 0.75, 7.875],
			"to": [8.4375, 0.875, 8.125],
			"rotation": {"angle": 0, "axis": "y", "origin": [-4.4375, 0, 7.9375]},
			"faces": {
				"north": {"uv": [8.375, 13.875, 8.125, 14], "texture": "#0"},
				"east": {"uv": [8.25, 13.875, 8.375, 14], "texture": "#0"},
				"south": {"uv": [8.125, 13.875, 8.375, 14], "texture": "#0"},
				"west": {"uv": [8.125, 13.875, 8.25, 14], "texture": "#0"},
				"up": {"uv": [8.125, 13.875, 8.375, 14], "texture": "#0"},
				"down": {"uv": [8.125, 13.875, 8.375, 14], "texture": "#0"}
			}
		},
		{
			"name": "phantomguard_partisan_111",
			"from": [7.1875, 0.625, 7.875],
			"to": [7.3125, 0.75, 8.125],
			"rotation": {"angle": 0, "axis": "y", "origin": [-4.4375, 0, 7.9375]},
			"faces": {
				"north": {"uv": [4.25, 14, 4.125, 14.125], "texture": "#0"},
				"east": {"uv": [4.125, 14, 4.25, 14.125], "texture": "#0"},
				"south": {"uv": [4.125, 14, 4.25, 14.125], "texture": "#0"},
				"west": {"uv": [4.125, 14, 4.25, 14.125], "texture": "#0"},
				"up": {"uv": [4.125, 14, 4.25, 14.125], "texture": "#0"},
				"down": {"uv": [4.125, 14, 4.25, 14.125], "texture": "#0"}
			}
		},
		{
			"name": "phantomguard_partisan_112",
			"from": [8.6875, 0.625, 7.875],
			"to": [8.8125, 0.75, 8.125],
			"rotation": {"angle": 0, "axis": "y", "origin": [-4.4375, 0, 7.9375]},
			"faces": {
				"north": {"uv": [5.75, 14, 5.625, 14.125], "texture": "#0"},
				"east": {"uv": [5.625, 14, 5.75, 14.125], "texture": "#0"},
				"south": {"uv": [5.625, 14, 5.75, 14.125], "texture": "#0"},
				"west": {"uv": [5.625, 14, 5.75, 14.125], "texture": "#0"},
				"up": {"uv": [5.625, 14, 5.75, 14.125], "texture": "#0"},
				"down": {"uv": [5.625, 14, 5.75, 14.125], "texture": "#0"}
			}
		},
		{
			"name": "phantomguard_partisan_113",
			"from": [7.6875, 0.625, 7.9375],
			"to": [7.8125, 0.75, 8.0625],
			"rotation": {"angle": 0, "axis": "y", "origin": [-4.4375, 0, 7.9375]},
			"faces": {
				"north": {"uv": [6.25, 14, 6.125, 14.125], "texture": "#0"},
				"east": {"uv": [6.125, 14, 6.25, 14.125], "texture": "#0"},
				"south": {"uv": [6.125, 14, 6.25, 14.125], "texture": "#0"},
				"west": {"uv": [6.125, 14, 6.25, 14.125], "texture": "#0"},
				"up": {"uv": [6.125, 14, 6.25, 14.125], "texture": "#0"},
				"down": {"uv": [6.125, 14, 6.25, 14.125], "texture": "#0"}
			}
		},
		{
			"name": "phantomguard_partisan_114",
			"from": [8.1875, 0.625, 7.9375],
			"to": [8.3125, 0.75, 8.0625],
			"rotation": {"angle": 0, "axis": "y", "origin": [-4.4375, 0, 7.9375]},
			"faces": {
				"north": {"uv": [6.75, 14, 6.625, 14.125], "texture": "#0"},
				"east": {"uv": [6.625, 14, 6.75, 14.125], "texture": "#0"},
				"south": {"uv": [6.625, 14, 6.75, 14.125], "texture": "#0"},
				"west": {"uv": [6.625, 14, 6.75, 14.125], "texture": "#0"},
				"up": {"uv": [6.625, 14, 6.75, 14.125], "texture": "#0"},
				"down": {"uv": [6.625, 14, 6.75, 14.125], "texture": "#0"}
			}
		},
		{
			"name": "phantomguard_partisan_115",
			"from": [7.5625, 0.5, 7.875],
			"to": [7.6875, 0.75, 8.125],
			"rotation": {"angle": 0, "axis": "y", "origin": [-4.4375, 0, 7.9375]},
			"faces": {
				"north": {"uv": [7.625, 14, 7.5, 14.25], "texture": "#0"},
				"east": {"uv": [7.5, 14, 7.625, 14.25], "texture": "#0"},
				"south": {"uv": [7.5, 14, 7.625, 14.25], "texture": "#0"},
				"west": {"uv": [7.5, 14, 7.625, 14.25], "texture": "#0"},
				"up": {"uv": [7.5, 14, 7.625, 14.125], "texture": "#0"},
				"down": {"uv": [7.5, 14.125, 7.625, 14.25], "texture": "#0"}
			}
		},
		{
			"name": "phantomguard_partisan_116",
			"from": [8.3125, 0.5, 7.875],
			"to": [8.4375, 0.75, 8.125],
			"rotation": {"angle": 0, "axis": "y", "origin": [-4.4375, 0, 7.9375]},
			"faces": {
				"north": {"uv": [8.375, 14, 8.25, 14.25], "texture": "#0"},
				"east": {"uv": [8.25, 14, 8.375, 14.25], "texture": "#0"},
				"south": {"uv": [8.25, 14, 8.375, 14.25], "texture": "#0"},
				"west": {"uv": [8.25, 14, 8.375, 14.25], "texture": "#0"},
				"up": {"uv": [8.25, 14, 8.375, 14.125], "texture": "#0"},
				"down": {"uv": [8.25, 14.125, 8.375, 14.25], "texture": "#0"}
			}
		},
		{
			"name": "phantomguard_partisan_117",
			"from": [7.6875, 0.5, 7.875],
			"to": [7.8125, 0.625, 8.125],
			"rotation": {"angle": 0, "axis": "y", "origin": [-4.4375, 0, 7.9375]},
			"faces": {
				"north": {"uv": [7.75, 14.125, 7.625, 14.25], "texture": "#0"},
				"east": {"uv": [7.625, 14.125, 7.75, 14.25], "texture": "#0"},
				"south": {"uv": [7.625, 14.125, 7.75, 14.25], "texture": "#0"},
				"west": {"uv": [7.625, 14.125, 7.75, 14.25], "texture": "#0"},
				"up": {"uv": [7.625, 14.125, 7.75, 14.25], "texture": "#0"},
				"down": {"uv": [7.625, 14.125, 7.75, 14.25], "texture": "#0"}
			}
		},
		{
			"name": "phantomguard_partisan_118",
			"from": [8.1875, 0.5, 7.875],
			"to": [8.3125, 0.625, 8.125],
			"rotation": {"angle": 0, "axis": "y", "origin": [-4.4375, 0, 7.9375]},
			"faces": {
				"north": {"uv": [8.25, 14.125, 8.125, 14.25], "texture": "#0"},
				"east": {"uv": [8.125, 14.125, 8.25, 14.25], "texture": "#0"},
				"south": {"uv": [8.125, 14.125, 8.25, 14.25], "texture": "#0"},
				"west": {"uv": [8.125, 14.125, 8.25, 14.25], "texture": "#0"},
				"up": {"uv": [8.125, 14.125, 8.25, 14.25], "texture": "#0"},
				"down": {"uv": [8.125, 14.125, 8.25, 14.25], "texture": "#0"}
			}
		},
		{
			"name": "phantomguard_partisan_119",
			"from": [7.8125, 0.25, 7.875],
			"to": [7.9375, 0.5, 8.125],
			"rotation": {"angle": 0, "axis": "y", "origin": [-4.4375, 0, 7.9375]},
			"faces": {
				"north": {"uv": [7.875, 14.25, 7.75, 14.5], "texture": "#0"},
				"east": {"uv": [7.75, 14.25, 7.875, 14.5], "texture": "#0"},
				"south": {"uv": [7.75, 14.25, 7.875, 14.5], "texture": "#0"},
				"west": {"uv": [7.75, 14.25, 7.875, 14.5], "texture": "#0"},
				"up": {"uv": [7.75, 14.25, 7.875, 14.375], "texture": "#0"},
				"down": {"uv": [7.75, 14.375, 7.875, 14.5], "texture": "#0"}
			}
		},
		{
			"name": "phantomguard_partisan_120",
			"from": [8.0625, 0.25, 7.875],
			"to": [8.1875, 0.5, 8.125],
			"rotation": {"angle": 0, "axis": "y", "origin": [-4.4375, 0, 7.9375]},
			"faces": {
				"north": {"uv": [8.125, 14.25, 8, 14.5], "texture": "#0"},
				"east": {"uv": [8, 14.25, 8.125, 14.5], "texture": "#0"},
				"south": {"uv": [8, 14.25, 8.125, 14.5], "texture": "#0"},
				"west": {"uv": [8, 14.25, 8.125, 14.5], "texture": "#0"},
				"up": {"uv": [8, 14.25, 8.125, 14.375], "texture": "#0"},
				"down": {"uv": [8, 14.375, 8.125, 14.5], "texture": "#0"}
			}
		},
		{
			"name": "phantomguard_partisan_121",
			"from": [7.9375, 0.25, 7.875],
			"to": [8.0625, 0.375, 8.125],
			"rotation": {"angle": 0, "axis": "y", "origin": [-4.4375, 0, 7.9375]},
			"faces": {
				"north": {"uv": [8, 14.375, 7.875, 14.5], "texture": "#0"},
				"east": {"uv": [7.875, 14.375, 8, 14.5], "texture": "#0"},
				"south": {"uv": [7.875, 14.375, 8, 14.5], "texture": "#0"},
				"west": {"uv": [7.875, 14.375, 8, 14.5], "texture": "#0"},
				"up": {"uv": [7.875, 14.375, 8, 14.5], "texture": "#0"},
				"down": {"uv": [7.875, 14.375, 8, 14.5], "texture": "#0"}
			}
		},
		{
			"name": "phantomguard_partisan_122",
			"from": [7.6875, 0.125, 7.875],
			"to": [8.3125, 0.25, 8.125],
			"rotation": {"angle": 0, "axis": "y", "origin": [-4.4375, 0, 7.9375]},
			"faces": {
				"north": {"uv": [6.75, 14.5, 6.125, 14.625], "texture": "#0"},
				"east": {"uv": [6.625, 14.5, 6.75, 14.625], "texture": "#0"},
				"south": {"uv": [6.125, 14.5, 6.75, 14.625], "texture": "#0"},
				"west": {"uv": [6.125, 14.5, 6.25, 14.625], "texture": "#0"},
				"up": {"uv": [6.125, 14.5, 6.75, 14.625], "texture": "#0"},
				"down": {"uv": [6.125, 14.5, 6.75, 14.625], "texture": "#0"}
			}
		},
		{
			"name": "phantomguard_partisan_123",
			"from": [7.5625, -0.25, 7.96875],
			"to": [7.8125, 0.125, 8.03125],
			"rotation": {"angle": 0, "axis": "y", "origin": [-4.4375, 0, 7.9375]},
			"faces": {
				"north": {"uv": [4.75, 14.625, 4.5, 15], "texture": "#0"},
				"east": {"uv": [4.625, 14.625, 4.75, 15], "texture": "#0"},
				"south": {"uv": [4.5, 14.625, 4.75, 15], "texture": "#0"},
				"west": {"uv": [4.5, 14.625, 4.625, 15], "texture": "#0"},
				"up": {"uv": [4.5, 14.625, 4.75, 14.75], "texture": "#0"},
				"down": {"uv": [4.5, 14.875, 4.75, 15], "texture": "#0"}
			}
		},
		{
			"name": "phantomguard_partisan_124",
			"from": [8.1875, -0.25, 7.96875],
			"to": [8.4375, 0.125, 8.03125],
			"rotation": {"angle": 0, "axis": "y", "origin": [-4.4375, 0, 7.9375]},
			"faces": {
				"north": {"uv": [5.375, 14.625, 5.125, 15], "texture": "#0"},
				"east": {"uv": [5.25, 14.625, 5.375, 15], "texture": "#0"},
				"south": {"uv": [5.125, 14.625, 5.375, 15], "texture": "#0"},
				"west": {"uv": [5.125, 14.625, 5.25, 15], "texture": "#0"},
				"up": {"uv": [5.125, 14.625, 5.375, 14.75], "texture": "#0"},
				"down": {"uv": [5.125, 14.875, 5.375, 15], "texture": "#0"}
			}
		},
		{
			"name": "phantomguard_partisan_125",
			"from": [7.8125, 0, 7.875],
			"to": [8.1875, 0.125, 8.125],
			"rotation": {"angle": 0, "axis": "y", "origin": [-4.4375, 0, 7.9375]},
			"faces": {
				"north": {"uv": [6.625, 14.625, 6.25, 14.75], "texture": "#0"},
				"east": {"uv": [6.5, 14.625, 6.625, 14.75], "texture": "#0"},
				"south": {"uv": [6.25, 14.625, 6.625, 14.75], "texture": "#0"},
				"west": {"uv": [6.25, 14.625, 6.375, 14.75], "texture": "#0"},
				"up": {"uv": [6.25, 14.625, 6.625, 14.75], "texture": "#0"},
				"down": {"uv": [6.25, 14.625, 6.625, 14.75], "texture": "#0"}
			}
		},
		{
			"name": "phantomguard_partisan_126",
			"from": [7.9375, -0.125, 7.875],
			"to": [8.0625, 0, 8.125],
			"rotation": {"angle": 0, "axis": "y", "origin": [-4.4375, 0, 7.9375]},
			"faces": {
				"north": {"uv": [6.5, 14.75, 6.375, 14.875], "texture": "#0"},
				"east": {"uv": [6.375, 14.75, 6.5, 14.875], "texture": "#0"},
				"south": {"uv": [6.375, 14.75, 6.5, 14.875], "texture": "#0"},
				"west": {"uv": [6.375, 14.75, 6.5, 14.875], "texture": "#0"},
				"up": {"uv": [6.375, 14.75, 6.5, 14.875], "texture": "#0"},
				"down": {"uv": [6.375, 14.75, 6.5, 14.875], "texture": "#0"}
			}
		},
		{
			"name": "phantomguard_partisan_127",
			"from": [7.6875, -0.5, 7.96875],
			"to": [7.9375, -0.25, 8.03125],
			"rotation": {"angle": 0, "axis": "y", "origin": [-4.4375, 0, 7.9375]},
			"faces": {
				"north": {"uv": [4.875, 15, 4.625, 15.25], "texture": "#0"},
				"east": {"uv": [4.75, 15, 4.875, 15.25], "texture": "#0"},
				"south": {"uv": [4.625, 15, 4.875, 15.25], "texture": "#0"},
				"west": {"uv": [4.625, 15, 4.75, 15.25], "texture": "#0"},
				"up": {"uv": [4.625, 15, 4.875, 15.125], "texture": "#0"},
				"down": {"uv": [4.625, 15.125, 4.875, 15.25], "texture": "#0"}
			}
		},
		{
			"name": "phantomguard_partisan_128",
			"from": [8.0625, -0.5, 7.96875],
			"to": [8.3125, -0.25, 8.03125],
			"rotation": {"angle": 0, "axis": "y", "origin": [-4.4375, 0, 7.9375]},
			"faces": {
				"north": {"uv": [5.25, 15, 5, 15.25], "texture": "#0"},
				"east": {"uv": [5.125, 15, 5.25, 15.25], "texture": "#0"},
				"south": {"uv": [5, 15, 5.25, 15.25], "texture": "#0"},
				"west": {"uv": [5, 15, 5.125, 15.25], "texture": "#0"},
				"up": {"uv": [5, 15, 5.25, 15.125], "texture": "#0"},
				"down": {"uv": [5, 15.125, 5.25, 15.25], "texture": "#0"}
			}
		},
		{
			"name": "phantomguard_partisan_129",
			"from": [7.8125, -0.75, 7.96875],
			"to": [8.1875, -0.5, 8.03125],
			"rotation": {"angle": 0, "axis": "y", "origin": [-4.4375, 0, 7.9375]},
			"faces": {
				"north": {"uv": [5.125, 15.25, 4.75, 15.5], "texture": "#0"},
				"east": {"uv": [5, 15.25, 5.125, 15.5], "texture": "#0"},
				"south": {"uv": [4.75, 15.25, 5.125, 15.5], "texture": "#0"},
				"west": {"uv": [4.75, 15.25, 4.875, 15.5], "texture": "#0"},
				"up": {"uv": [4.75, 15.25, 5.125, 15.375], "texture": "#0"},
				"down": {"uv": [4.75, 15.375, 5.125, 15.5], "texture": "#0"}
			}
		},
		{
			"name": "phantomguard_partisan_130",
			"from": [7.9375, -1, 7.96875],
			"to": [8.0625, -0.75, 8.03125],
			"rotation": {"angle": 0, "axis": "y", "origin": [-4.4375, 0, 7.9375]},
			"faces": {
				"north": {"uv": [5, 15.5, 4.875, 15.75], "texture": "#0"},
				"east": {"uv": [4.875, 15.5, 5, 15.75], "texture": "#0"},
				"south": {"uv": [4.875, 15.5, 5, 15.75], "texture": "#0"},
				"west": {"uv": [4.875, 15.5, 5, 15.75], "texture": "#0"},
				"up": {"uv": [4.875, 15.5, 5, 15.625], "texture": "#0"},
				"down": {"uv": [4.875, 15.625, 5, 15.75], "texture": "#0"}
			}
		}
	],
	"gui_light": "front",
	"display": {
		"thirdperson_righthand": {
			"rotation": [0, -90, 30],
			"translation": [0, -3.75, 2.5],
			"scale": [2.8, 2.8, 2.8]
		},
		"thirdperson_lefthand": {
			"rotation": [0, 90, -30],
			"translation": [0, -3.75, 2.5],
			"scale": [2.8, 2.8, 2.8]
		},
		"firstperson_righthand": {
			"rotation": [-15, -90, 0],
			"translation": [-1.5, 0.75, 6.75],
			"scale": [1.4, 1.4, 1.4]
		},
		"firstperson_lefthand": {
			"rotation": [-15, 90, 0],
			"translation": [-1.5, 0.75, 6.75],
			"scale": [1.4, 1.4, 1.4]
		},
		"ground": {
			"rotation": [0, 0, 45],
			"translation": [0.75, 2.5, 0.25]
		},
		"gui": {
			"rotation": [0, 0, -45],
			"translation": [-1.75, -1.75, 0],
			"scale": [1.4, 1.4, 1]
		},
		"head": {
			"rotation": [0, 0, 45],
			"translation": [2, 15, 0],
			"scale": [2, 2, 2]
		},
		"fixed": {
			"rotation": [0, 0, 90],
			"translation": [1.75, 0, -0.75],
			"scale": [4, 4, 4]
		}
	},
	"groups": [
		{
			"name": "black_iron_greataxe",
			"origin": [8, 8, 8],
			"color": 0,
			"children": []
		},
		{
			"name": "black_iron_greataxe",
			"origin": [8, 8, 8],
			"color": 0,
			"children": []
		},
		{
			"name": "berserkers_greataxe",
			"origin": [8, 8, 8],
			"color": 0,
			"children": []
		},
		{
			"name": "phantomguard_partisan",
			"origin": [8, 8, 8],
			"color": 0,
			"children": [
				0,
				1,
				2,
				3,
				4,
				5,
				6,
				7,
				8,
				9,
				10,
				11,
				12,
				13,
				14,
				15,
				16,
				17,
				18,
				19,
				20,
				21,
				22,
				23,
				24,
				25,
				26,
				27,
				28,
				29,
				30,
				31,
				32,
				33,
				34,
				35,
				36,
				37,
				38,
				39,
				40,
				41,
				42,
				43,
				44,
				45,
				46,
				47,
				48,
				49,
				50,
				51,
				52,
				53,
				54,
				55,
				56,
				57,
				58,
				59,
				60,
				61,
				62,
				63,
				64,
				65,
				66,
				67,
				68,
				69,
				70,
				71,
				72,
				73,
				74,
				75,
				76,
				77,
				78,
				79,
				80,
				81,
				82,
				83,
				84,
				85,
				86,
				87,
				88,
				89,
				90,
				91,
				92,
				93,
				94,
				95,
				96,
				97,
				98,
				99,
				100,
				101,
				102,
				103,
				104,
				105,
				106,
				107,
				108,
				109,
				110,
				111,
				112,
				113,
				114,
				115,
				116,
				117,
				118,
				119,
				120,
				121,
				122,
				123,
				124,
				125,
				126,
				127,
				128,
				129,
				130
			]
		}
	]
}