{
	"textures": {
		"0": "./item/winterthorn",
		"particle": "./item/winterthorn"
	},
	"elements": [
		{
			"name": "winterthorn_0",
			"from": [7.6875, 15, 7.96875],
			"to": [7.8125, 15.5, 8.03125],
			"rotation": {"angle": 0, "axis": "y", "origin": [-0.1875, 0, 7.9375]},
			"faces": {
				"north": {"uv": [3.75, 0, 3.625, 0.5], "texture": "#0"},
				"east": {"uv": [3.625, 0, 3.75, 0.5], "texture": "#0"},
				"south": {"uv": [3.625, 0, 3.75, 0.5], "texture": "#0"},
				"west": {"uv": [3.625, 0, 3.75, 0.5], "texture": "#0"},
				"up": {"uv": [3.625, 0, 3.75, 0.125], "texture": "#0"},
				"down": {"uv": [3.625, 0.375, 3.75, 0.5], "texture": "#0"}
			}
		},
		{
			"name": "winterthorn_1",
			"from": [7.5625, 14.625, 7.96875],
			"to": [7.6875, 15.125, 8.03125],
			"rotation": {"angle": 0, "axis": "y", "origin": [-0.1875, 0, 7.9375]},
			"faces": {
				"north": {"uv": [3.625, 0.375, 3.5, 0.875], "texture": "#0"},
				"east": {"uv": [3.5, 0.375, 3.625, 0.875], "texture": "#0"},
				"south": {"uv": [3.5, 0.375, 3.625, 0.875], "texture": "#0"},
				"west": {"uv": [3.5, 0.375, 3.625, 0.875], "texture": "#0"},
				"up": {"uv": [3.5, 0.375, 3.625, 0.5], "texture": "#0"},
				"down": {"uv": [3.5, 0.75, 3.625, 0.875], "texture": "#0"}
			}
		},
		{
			"name": "winterthorn_2",
			"from": [7.8125, 14.625, 7.96875],
			"to": [7.9375, 15.125, 8.03125],
			"rotation": {"angle": 0, "axis": "y", "origin": [-0.1875, 0, 7.9375]},
			"faces": {
				"north": {"uv": [3.875, 0.375, 3.75, 0.875], "texture": "#0"},
				"east": {"uv": [3.75, 0.375, 3.875, 0.875], "texture": "#0"},
				"south": {"uv": [3.75, 0.375, 3.875, 0.875], "texture": "#0"},
				"west": {"uv": [3.75, 0.375, 3.875, 0.875], "texture": "#0"},
				"up": {"uv": [3.75, 0.375, 3.875, 0.5], "texture": "#0"},
				"down": {"uv": [3.75, 0.75, 3.875, 0.875], "texture": "#0"}
			}
		},
		{
			"name": "winterthorn_3",
			"from": [7.6875, 14.125, 7.9375],
			"to": [7.8125, 15, 8.0625],
			"rotation": {"angle": 0, "axis": "y", "origin": [-0.1875, 0, 7.9375]},
			"faces": {
				"north": {"uv": [1.875, 0.5, 1.75, 1.375], "texture": "#0"},
				"east": {"uv": [1.75, 0.5, 1.875, 1.375], "texture": "#0"},
				"south": {"uv": [1.75, 0.5, 1.875, 1.375], "texture": "#0"},
				"west": {"uv": [1.75, 0.5, 1.875, 1.375], "texture": "#0"},
				"up": {"uv": [1.75, 0.5, 1.875, 0.625], "texture": "#0"},
				"down": {"uv": [1.75, 1.25, 1.875, 1.375], "texture": "#0"}
			}
		},
		{
			"name": "winterthorn_4",
			"from": [7.4375, 14.25, 7.96875],
			"to": [7.5625, 14.75, 8.03125],
			"rotation": {"angle": 0, "axis": "y", "origin": [-0.1875, 0, 7.9375]},
			"faces": {
				"north": {"uv": [3.5, 0.75, 3.375, 1.25], "texture": "#0"},
				"east": {"uv": [3.375, 0.75, 3.5, 1.25], "texture": "#0"},
				"south": {"uv": [3.375, 0.75, 3.5, 1.25], "texture": "#0"},
				"west": {"uv": [3.375, 0.75, 3.5, 1.25], "texture": "#0"},
				"up": {"uv": [3.375, 0.75, 3.5, 0.875], "texture": "#0"},
				"down": {"uv": [3.375, 1.125, 3.5, 1.25], "texture": "#0"}
			}
		},
		{
			"name": "winterthorn_5",
			"from": [7.9375, 14.25, 7.96875],
			"to": [8.0625, 14.75, 8.03125],
			"rotation": {"angle": 0, "axis": "y", "origin": [-0.1875, 0, 7.9375]},
			"faces": {
				"north": {"uv": [4, 0.75, 3.875, 1.25], "texture": "#0"},
				"east": {"uv": [3.875, 0.75, 4, 1.25], "texture": "#0"},
				"south": {"uv": [3.875, 0.75, 4, 1.25], "texture": "#0"},
				"west": {"uv": [3.875, 0.75, 4, 1.25], "texture": "#0"},
				"up": {"uv": [3.875, 0.75, 4, 0.875], "texture": "#0"},
				"down": {"uv": [3.875, 1.125, 4, 1.25], "texture": "#0"}
			}
		},
		{
			"name": "winterthorn_6",
			"from": [7.5625, 13.75, 7.9375],
			"to": [7.6875, 14.625, 8.0625],
			"rotation": {"angle": 0, "axis": "y", "origin": [-0.1875, 0, 7.9375]},
			"faces": {
				"north": {"uv": [1.75, 0.875, 1.625, 1.75], "texture": "#0"},
				"east": {"uv": [1.625, 0.875, 1.75, 1.75], "texture": "#0"},
				"south": {"uv": [1.625, 0.875, 1.75, 1.75], "texture": "#0"},
				"west": {"uv": [1.625, 0.875, 1.75, 1.75], "texture": "#0"},
				"up": {"uv": [1.625, 0.875, 1.75, 1], "texture": "#0"},
				"down": {"uv": [1.625, 1.625, 1.75, 1.75], "texture": "#0"}
			}
		},
		{
			"name": "winterthorn_7",
			"from": [7.8125, 13.75, 7.9375],
			"to": [7.9375, 14.625, 8.0625],
			"rotation": {"angle": 0, "axis": "y", "origin": [-0.1875, 0, 7.9375]},
			"faces": {
				"north": {"uv": [2, 0.875, 1.875, 1.75], "texture": "#0"},
				"east": {"uv": [1.875, 0.875, 2, 1.75], "texture": "#0"},
				"south": {"uv": [1.875, 0.875, 2, 1.75], "texture": "#0"},
				"west": {"uv": [1.875, 0.875, 2, 1.75], "texture": "#0"},
				"up": {"uv": [1.875, 0.875, 2, 1], "texture": "#0"},
				"down": {"uv": [1.875, 1.625, 2, 1.75], "texture": "#0"}
			}
		},
		{
			"name": "winterthorn_8",
			"from": [7.3125, 13.875, 7.96875],
			"to": [7.4375, 14.375, 8.03125],
			"rotation": {"angle": 0, "axis": "y", "origin": [-0.1875, 0, 7.9375]},
			"faces": {
				"north": {"uv": [3.375, 1.125, 3.25, 1.625], "texture": "#0"},
				"east": {"uv": [3.25, 1.125, 3.375, 1.625], "texture": "#0"},
				"south": {"uv": [3.25, 1.125, 3.375, 1.625], "texture": "#0"},
				"west": {"uv": [3.25, 1.125, 3.375, 1.625], "texture": "#0"},
				"up": {"uv": [3.25, 1.125, 3.375, 1.25], "texture": "#0"},
				"down": {"uv": [3.25, 1.5, 3.375, 1.625], "texture": "#0"}
			}
		},
		{
			"name": "winterthorn_9",
			"from": [8.0625, 13.875, 7.96875],
			"to": [8.1875, 14.375, 8.03125],
			"rotation": {"angle": 0, "axis": "y", "origin": [-0.1875, 0, 7.9375]},
			"faces": {
				"north": {"uv": [4.125, 1.125, 4, 1.625], "texture": "#0"},
				"east": {"uv": [4, 1.125, 4.125, 1.625], "texture": "#0"},
				"south": {"uv": [4, 1.125, 4.125, 1.625], "texture": "#0"},
				"west": {"uv": [4, 1.125, 4.125, 1.625], "texture": "#0"},
				"up": {"uv": [4, 1.125, 4.125, 1.25], "texture": "#0"},
				"down": {"uv": [4, 1.5, 4.125, 1.625], "texture": "#0"}
			}
		},
		{
			"name": "winterthorn_10",
			"from": [7.4375, 13.375, 7.9375],
			"to": [7.5625, 14.25, 8.0625],
			"rotation": {"angle": 0, "axis": "y", "origin": [-0.1875, 0, 7.9375]},
			"faces": {
				"north": {"uv": [1.625, 1.25, 1.5, 2.125], "texture": "#0"},
				"east": {"uv": [1.5, 1.25, 1.625, 2.125], "texture": "#0"},
				"south": {"uv": [1.5, 1.25, 1.625, 2.125], "texture": "#0"},
				"west": {"uv": [1.5, 1.25, 1.625, 2.125], "texture": "#0"},
				"up": {"uv": [1.5, 1.25, 1.625, 1.375], "texture": "#0"},
				"down": {"uv": [1.5, 2, 1.625, 2.125], "texture": "#0"}
			}
		},
		{
			"name": "winterthorn_11",
			"from": [7.9375, 13.375, 7.9375],
			"to": [8.0625, 14.25, 8.0625],
			"rotation": {"angle": 0, "axis": "y", "origin": [-0.1875, 0, 7.9375]},
			"faces": {
				"north": {"uv": [2.125, 1.25, 2, 2.125], "texture": "#0"},
				"east": {"uv": [2, 1.25, 2.125, 2.125], "texture": "#0"},
				"south": {"uv": [2, 1.25, 2.125, 2.125], "texture": "#0"},
				"west": {"uv": [2, 1.25, 2.125, 2.125], "texture": "#0"},
				"up": {"uv": [2, 1.25, 2.125, 1.375], "texture": "#0"},
				"down": {"uv": [2, 2, 2.125, 2.125], "texture": "#0"}
			}
		},
		{
			"name": "winterthorn_12",
			"from": [7.1875, 13.375, 7.96875],
			"to": [7.3125, 14, 8.03125],
			"rotation": {"angle": 0, "axis": "y", "origin": [-0.1875, 0, 7.9375]},
			"faces": {
				"north": {"uv": [3.25, 1.5, 3.125, 2.125], "texture": "#0"},
				"east": {"uv": [3.125, 1.5, 3.25, 2.125], "texture": "#0"},
				"south": {"uv": [3.125, 1.5, 3.25, 2.125], "texture": "#0"},
				"west": {"uv": [3.125, 1.5, 3.25, 2.125], "texture": "#0"},
				"up": {"uv": [3.125, 1.5, 3.25, 1.625], "texture": "#0"},
				"down": {"uv": [3.125, 2, 3.25, 2.125], "texture": "#0"}
			}
		},
		{
			"name": "winterthorn_13",
			"from": [8.1875, 13.375, 7.96875],
			"to": [8.3125, 14, 8.03125],
			"rotation": {"angle": 0, "axis": "y", "origin": [-0.1875, 0, 7.9375]},
			"faces": {
				"north": {"uv": [4.25, 1.5, 4.125, 2.125], "texture": "#0"},
				"east": {"uv": [4.125, 1.5, 4.25, 2.125], "texture": "#0"},
				"south": {"uv": [4.125, 1.5, 4.25, 2.125], "texture": "#0"},
				"west": {"uv": [4.125, 1.5, 4.25, 2.125], "texture": "#0"},
				"up": {"uv": [4.125, 1.5, 4.25, 1.625], "texture": "#0"},
				"down": {"uv": [4.125, 2, 4.25, 2.125], "texture": "#0"}
			}
		},
		{
			"name": "winterthorn_14",
			"from": [7.3125, 6.5, 7.9375],
			"to": [7.4375, 13.875, 8.0625],
			"rotation": {"angle": 0, "axis": "y", "origin": [-0.1875, 0, 7.9375]},
			"faces": {
				"north": {"uv": [1.5, 1.625, 1.375, 9], "texture": "#0"},
				"east": {"uv": [1.375, 1.625, 1.5, 9], "texture": "#0"},
				"south": {"uv": [1.375, 1.625, 1.5, 9], "texture": "#0"},
				"west": {"uv": [1.375, 1.625, 1.5, 9], "texture": "#0"},
				"up": {"uv": [1.375, 1.625, 1.5, 1.75], "texture": "#0"},
				"down": {"uv": [1.375, 8.875, 1.5, 9], "texture": "#0"}
			}
		},
		{
			"name": "winterthorn_15",
			"from": [8.0625, 6.5, 7.9375],
			"to": [8.1875, 13.875, 8.0625],
			"rotation": {"angle": 0, "axis": "y", "origin": [-0.1875, 0, 7.9375]},
			"faces": {
				"north": {"uv": [2.25, 1.625, 2.125, 9], "texture": "#0"},
				"east": {"uv": [2.125, 1.625, 2.25, 9], "texture": "#0"},
				"south": {"uv": [2.125, 1.625, 2.25, 9], "texture": "#0"},
				"west": {"uv": [2.125, 1.625, 2.25, 9], "texture": "#0"},
				"up": {"uv": [2.125, 1.625, 2.25, 1.75], "texture": "#0"},
				"down": {"uv": [2.125, 8.875, 2.25, 9], "texture": "#0"}
			}
		},
		{
			"name": "winterthorn_16",
			"from": [7.0625, 12.75, 7.96875],
			"to": [7.1875, 13.5, 8.03125],
			"rotation": {"angle": 0, "axis": "y", "origin": [-0.1875, 0, 7.9375]},
			"faces": {
				"north": {"uv": [3.125, 2, 3, 2.75], "texture": "#0"},
				"east": {"uv": [3, 2, 3.125, 2.75], "texture": "#0"},
				"south": {"uv": [3, 2, 3.125, 2.75], "texture": "#0"},
				"west": {"uv": [3, 2, 3.125, 2.75], "texture": "#0"},
				"up": {"uv": [3, 2, 3.125, 2.125], "texture": "#0"},
				"down": {"uv": [3, 2.625, 3.125, 2.75], "texture": "#0"}
			}
		},
		{
			"name": "winterthorn_17",
			"from": [8.3125, 12.75, 7.96875],
			"to": [8.4375, 13.5, 8.03125],
			"rotation": {"angle": 0, "axis": "y", "origin": [-0.1875, 0, 7.9375]},
			"faces": {
				"north": {"uv": [4.375, 2, 4.25, 2.75], "texture": "#0"},
				"east": {"uv": [4.25, 2, 4.375, 2.75], "texture": "#0"},
				"south": {"uv": [4.25, 2, 4.375, 2.75], "texture": "#0"},
				"west": {"uv": [4.25, 2, 4.375, 2.75], "texture": "#0"},
				"up": {"uv": [4.25, 2, 4.375, 2.125], "texture": "#0"},
				"down": {"uv": [4.25, 2.625, 4.375, 2.75], "texture": "#0"}
			}
		},
		{
			"name": "winterthorn_18",
			"from": [7.1875, 12.875, 7.9375],
			"to": [7.3125, 13.375, 8.0625],
			"rotation": {"angle": 0, "axis": "y", "origin": [-0.1875, 0, 7.9375]},
			"faces": {
				"north": {"uv": [1.375, 2.125, 1.25, 2.625], "texture": "#0"},
				"east": {"uv": [1.25, 2.125, 1.375, 2.625], "texture": "#0"},
				"south": {"uv": [1.25, 2.125, 1.375, 2.625], "texture": "#0"},
				"west": {"uv": [1.25, 2.125, 1.375, 2.625], "texture": "#0"},
				"up": {"uv": [1.25, 2.125, 1.375, 2.25], "texture": "#0"},
				"down": {"uv": [1.25, 2.5, 1.375, 2.625], "texture": "#0"}
			}
		},
		{
			"name": "winterthorn_19",
			"from": [8.1875, 12.875, 7.9375],
			"to": [8.3125, 13.375, 8.0625],
			"rotation": {"angle": 0, "axis": "y", "origin": [-0.1875, 0, 7.9375]},
			"faces": {
				"north": {"uv": [2.375, 2.125, 2.25, 2.625], "texture": "#0"},
				"east": {"uv": [2.25, 2.125, 2.375, 2.625], "texture": "#0"},
				"south": {"uv": [2.25, 2.125, 2.375, 2.625], "texture": "#0"},
				"west": {"uv": [2.25, 2.125, 2.375, 2.625], "texture": "#0"},
				"up": {"uv": [2.25, 2.125, 2.375, 2.25], "texture": "#0"},
				"down": {"uv": [2.25, 2.5, 2.375, 2.625], "texture": "#0"}
			}
		},
		{
			"name": "winterthorn_20",
			"from": [7.4375, 7, 7.9375],
			"to": [7.5625, 13.125, 8.0625],
			"rotation": {"angle": 0, "axis": "y", "origin": [-0.1875, 0, 7.9375]},
			"faces": {
				"north": {"uv": [1.625, 2.375, 1.5, 8.5], "texture": "#0"},
				"east": {"uv": [1.5, 2.375, 1.625, 8.5], "texture": "#0"},
				"south": {"uv": [1.5, 2.375, 1.625, 8.5], "texture": "#0"},
				"west": {"uv": [1.5, 2.375, 1.625, 8.5], "texture": "#0"},
				"up": {"uv": [1.5, 2.375, 1.625, 2.5], "texture": "#0"},
				"down": {"uv": [1.5, 8.375, 1.625, 8.5], "texture": "#0"}
			}
		},
		{
			"name": "winterthorn_21",
			"from": [7.9375, 7, 7.9375],
			"to": [8.0625, 13.125, 8.0625],
			"rotation": {"angle": 0, "axis": "y", "origin": [-0.1875, 0, 7.9375]},
			"faces": {
				"north": {"uv": [2.125, 2.375, 2, 8.5], "texture": "#0"},
				"east": {"uv": [2, 2.375, 2.125, 8.5], "texture": "#0"},
				"south": {"uv": [2, 2.375, 2.125, 8.5], "texture": "#0"},
				"west": {"uv": [2, 2.375, 2.125, 8.5], "texture": "#0"},
				"up": {"uv": [2, 2.375, 2.125, 2.5], "texture": "#0"},
				"down": {"uv": [2, 8.375, 2.125, 8.5], "texture": "#0"}
			}
		},
		{
			"name": "winterthorn_22",
			"from": [7.1875, 7, 7.96875],
			"to": [7.3125, 12.875, 8.03125],
			"rotation": {"angle": 0, "axis": "y", "origin": [-0.1875, 0, 7.9375]},
			"faces": {
				"north": {"uv": [3.25, 2.625, 3.125, 8.5], "texture": "#0"},
				"east": {"uv": [3.125, 2.625, 3.25, 8.5], "texture": "#0"},
				"south": {"uv": [3.125, 2.625, 3.25, 8.5], "texture": "#0"},
				"west": {"uv": [3.125, 2.625, 3.25, 8.5], "texture": "#0"},
				"up": {"uv": [3.125, 2.625, 3.25, 2.75], "texture": "#0"},
				"down": {"uv": [3.125, 8.375, 3.25, 8.5], "texture": "#0"}
			}
		},
		{
			"name": "winterthorn_23",
			"from": [8.1875, 7, 7.96875],
			"to": [8.3125, 12.875, 8.03125],
			"rotation": {"angle": 0, "axis": "y", "origin": [-0.1875, 0, 7.9375]},
			"faces": {
				"north": {"uv": [4.25, 2.625, 4.125, 8.5], "texture": "#0"},
				"east": {"uv": [4.125, 2.625, 4.25, 8.5], "texture": "#0"},
				"south": {"uv": [4.125, 2.625, 4.25, 8.5], "texture": "#0"},
				"west": {"uv": [4.125, 2.625, 4.25, 8.5], "texture": "#0"},
				"up": {"uv": [4.125, 2.625, 4.25, 2.75], "texture": "#0"},
				"down": {"uv": [4.125, 8.375, 4.25, 8.5], "texture": "#0"}
			}
		},
		{
			"name": "winterthorn_24",
			"from": [7.6875, 5.875, 7.9375],
			"to": [7.8125, 8.5, 8.0625],
			"rotation": {"angle": 0, "axis": "y", "origin": [-0.1875, 0, 7.9375]},
			"faces": {
				"north": {"uv": [8, 6.25, 7.875, 8.875], "texture": "#0"},
				"east": {"uv": [7.875, 6.25, 8, 8.875], "texture": "#0"},
				"south": {"uv": [7.875, 6.25, 8, 8.875], "texture": "#0"},
				"west": {"uv": [7.875, 6.25, 8, 8.875], "texture": "#0"},
				"up": {"uv": [7.875, 6.25, 8, 6.375], "texture": "#0"},
				"down": {"uv": [7.875, 8.75, 8, 8.875], "texture": "#0"}
			}
		},
		{
			"name": "winterthorn_25",
			"from": [7.5625, 7, 7.9375],
			"to": [7.6875, 7.625, 8.0625],
			"rotation": {"angle": 0, "axis": "y", "origin": [-0.1875, 0, 7.9375]},
			"faces": {
				"north": {"uv": [7.875, 7.125, 7.75, 7.75], "texture": "#0"},
				"east": {"uv": [7.75, 7.125, 7.875, 7.75], "texture": "#0"},
				"south": {"uv": [7.75, 7.125, 7.875, 7.75], "texture": "#0"},
				"west": {"uv": [7.75, 7.125, 7.875, 7.75], "texture": "#0"},
				"up": {"uv": [7.75, 7.125, 7.875, 7.25], "texture": "#0"},
				"down": {"uv": [7.75, 7.625, 7.875, 7.75], "texture": "#0"}
			}
		},
		{
			"name": "winterthorn_26",
			"from": [7.8125, 7, 7.9375],
			"to": [7.9375, 7.625, 8.0625],
			"rotation": {"angle": 0, "axis": "y", "origin": [-0.1875, 0, 7.9375]},
			"faces": {
				"north": {"uv": [8.125, 7.125, 8, 7.75], "texture": "#0"},
				"east": {"uv": [8, 7.125, 8.125, 7.75], "texture": "#0"},
				"south": {"uv": [8, 7.125, 8.125, 7.75], "texture": "#0"},
				"west": {"uv": [8, 7.125, 8.125, 7.75], "texture": "#0"},
				"up": {"uv": [8, 7.125, 8.125, 7.25], "texture": "#0"},
				"down": {"uv": [8, 7.625, 8.125, 7.75], "texture": "#0"}
			}
		},
		{
			"name": "winterthorn_27",
			"from": [7.4375, 6.5, 7.9375],
			"to": [7.5625, 7, 8.0625],
			"rotation": {"angle": 0, "axis": "y", "origin": [-0.1875, 0, 7.9375]},
			"faces": {
				"north": {"uv": [7.75, 7.75, 7.625, 8.25], "texture": "#0"},
				"east": {"uv": [7.625, 7.75, 7.75, 8.25], "texture": "#0"},
				"south": {"uv": [7.625, 7.75, 7.75, 8.25], "texture": "#0"},
				"west": {"uv": [7.625, 7.75, 7.75, 8.25], "texture": "#0"},
				"up": {"uv": [7.625, 7.75, 7.75, 7.875], "texture": "#0"},
				"down": {"uv": [7.625, 8.125, 7.75, 8.25], "texture": "#0"}
			}
		},
		{
			"name": "winterthorn_28",
			"from": [7.9375, 6.5, 7.9375],
			"to": [8.0625, 7, 8.0625],
			"rotation": {"angle": 0, "axis": "y", "origin": [-0.1875, 0, 7.9375]},
			"faces": {
				"north": {"uv": [8.25, 7.75, 8.125, 8.25], "texture": "#0"},
				"east": {"uv": [8.125, 7.75, 8.25, 8.25], "texture": "#0"},
				"south": {"uv": [8.125, 7.75, 8.25, 8.25], "texture": "#0"},
				"west": {"uv": [8.125, 7.75, 8.25, 8.25], "texture": "#0"},
				"up": {"uv": [8.125, 7.75, 8.25, 7.875], "texture": "#0"},
				"down": {"uv": [8.125, 8.125, 8.25, 8.25], "texture": "#0"}
			}
		},
		{
			"name": "winterthorn_29",
			"from": [6.0625, 5, 7.8125],
			"to": [6.6875, 5.125, 8.1875],
			"rotation": {"angle": 0, "axis": "y", "origin": [-0.1875, 0, 7.9375]},
			"faces": {
				"north": {"uv": [6.875, 7.875, 6.25, 8], "texture": "#0"},
				"east": {"uv": [6.75, 7.875, 6.875, 8], "texture": "#0"},
				"south": {"uv": [6.25, 7.875, 6.875, 8], "texture": "#0"},
				"west": {"uv": [6.25, 7.875, 6.375, 8], "texture": "#0"},
				"up": {"uv": [6.25, 7.875, 6.875, 8], "texture": "#0"},
				"down": {"uv": [6.25, 7.875, 6.875, 8], "texture": "#0"}
			}
		},
		{
			"name": "winterthorn_30",
			"from": [8.8125, 4.75, 7.8125],
			"to": [9.1875, 5.125, 8.1875],
			"rotation": {"angle": 0, "axis": "y", "origin": [-0.1875, 0, 7.9375]},
			"faces": {
				"north": {"uv": [9.375, 7.875, 9, 8.25], "texture": "#0"},
				"east": {"uv": [9.25, 7.875, 9.375, 8.25], "texture": "#0"},
				"south": {"uv": [9, 7.875, 9.375, 8.25], "texture": "#0"},
				"west": {"uv": [9, 7.875, 9.125, 8.25], "texture": "#0"},
				"up": {"uv": [9, 7.875, 9.375, 8], "texture": "#0"},
				"down": {"uv": [9, 8.125, 9.375, 8.25], "texture": "#0"}
			}
		},
		{
			"name": "winterthorn_31",
			"from": [9.1875, 5, 7.8125],
			"to": [9.4375, 5.125, 8.1875],
			"rotation": {"angle": 0, "axis": "y", "origin": [-0.1875, 0, 7.9375]},
			"faces": {
				"north": {"uv": [9.625, 7.875, 9.375, 8], "texture": "#0"},
				"east": {"uv": [9.5, 7.875, 9.625, 8], "texture": "#0"},
				"south": {"uv": [9.375, 7.875, 9.625, 8], "texture": "#0"},
				"west": {"uv": [9.375, 7.875, 9.5, 8], "texture": "#0"},
				"up": {"uv": [9.375, 7.875, 9.625, 8], "texture": "#0"},
				"down": {"uv": [9.375, 7.875, 9.625, 8], "texture": "#0"}
			}
		},
		{
			"name": "winterthorn_32",
			"from": [6.1875, 4.875, 7.8125],
			"to": [6.8125, 5, 8.1875],
			"rotation": {"angle": 0, "axis": "y", "origin": [-0.1875, 0, 7.9375]},
			"faces": {
				"north": {"uv": [7, 8, 6.375, 8.125], "texture": "#0"},
				"east": {"uv": [6.875, 8, 7, 8.125], "texture": "#0"},
				"south": {"uv": [6.375, 8, 7, 8.125], "texture": "#0"},
				"west": {"uv": [6.375, 8, 6.5, 8.125], "texture": "#0"},
				"up": {"uv": [6.375, 8, 7, 8.125], "texture": "#0"},
				"down": {"uv": [6.375, 8, 7, 8.125], "texture": "#0"}
			}
		},
		{
			"name": "winterthorn_33",
			"from": [8.6875, 4.75, 7.8125],
			"to": [8.8125, 5, 8.1875],
			"rotation": {"angle": 0, "axis": "y", "origin": [-0.1875, 0, 7.9375]},
			"faces": {
				"north": {"uv": [9, 8, 8.875, 8.25], "texture": "#0"},
				"east": {"uv": [8.875, 8, 9, 8.25], "texture": "#0"},
				"south": {"uv": [8.875, 8, 9, 8.25], "texture": "#0"},
				"west": {"uv": [8.875, 8, 9, 8.25], "texture": "#0"},
				"up": {"uv": [8.875, 8, 9, 8.125], "texture": "#0"},
				"down": {"uv": [8.875, 8.125, 9, 8.25], "texture": "#0"}
			}
		},
		{
			"name": "winterthorn_34",
			"from": [9.1875, 4.875, 7.8125],
			"to": [9.3125, 5, 8.1875],
			"rotation": {"angle": 0, "axis": "y", "origin": [-0.1875, 0, 7.9375]},
			"faces": {
				"north": {"uv": [9.5, 8, 9.375, 8.125], "texture": "#0"},
				"east": {"uv": [9.375, 8, 9.5, 8.125], "texture": "#0"},
				"south": {"uv": [9.375, 8, 9.5, 8.125], "texture": "#0"},
				"west": {"uv": [9.375, 8, 9.5, 8.125], "texture": "#0"},
				"up": {"uv": [9.375, 8, 9.5, 8.125], "texture": "#0"},
				"down": {"uv": [9.375, 8, 9.5, 8.125], "texture": "#0"}
			}
		},
		{
			"name": "winterthorn_35",
			"from": [6.3125, 4.75, 7.8125],
			"to": [6.9375, 4.875, 8.1875],
			"rotation": {"angle": 0, "axis": "y", "origin": [-0.1875, 0, 7.9375]},
			"faces": {
				"north": {"uv": [7.125, 8.125, 6.5, 8.25], "texture": "#0"},
				"east": {"uv": [7, 8.125, 7.125, 8.25], "texture": "#0"},
				"south": {"uv": [6.5, 8.125, 7.125, 8.25], "texture": "#0"},
				"west": {"uv": [6.5, 8.125, 6.625, 8.25], "texture": "#0"},
				"up": {"uv": [6.5, 8.125, 7.125, 8.25], "texture": "#0"},
				"down": {"uv": [6.5, 8.125, 7.125, 8.25], "texture": "#0"}
			}
		},
		{
			"name": "winterthorn_36",
			"from": [8.5625, 4.75, 7.8125],
			"to": [8.6875, 4.875, 8.1875],
			"rotation": {"angle": 0, "axis": "y", "origin": [-0.1875, 0, 7.9375]},
			"faces": {
				"north": {"uv": [8.875, 8.125, 8.75, 8.25], "texture": "#0"},
				"east": {"uv": [8.75, 8.125, 8.875, 8.25], "texture": "#0"},
				"south": {"uv": [8.75, 8.125, 8.875, 8.25], "texture": "#0"},
				"west": {"uv": [8.75, 8.125, 8.875, 8.25], "texture": "#0"},
				"up": {"uv": [8.75, 8.125, 8.875, 8.25], "texture": "#0"},
				"down": {"uv": [8.75, 8.125, 8.875, 8.25], "texture": "#0"}
			}
		},
		{
			"name": "winterthorn_37",
			"from": [7.3125, 6.375, 7.9375],
			"to": [7.4375, 6.5, 8.0625],
			"rotation": {"angle": 0, "axis": "y", "origin": [-0.1875, 0, 7.9375]},
			"faces": {
				"north": {"uv": [7.625, 8.25, 7.5, 8.375], "texture": "#0"},
				"east": {"uv": [7.5, 8.25, 7.625, 8.375], "texture": "#0"},
				"south": {"uv": [7.5, 8.25, 7.625, 8.375], "texture": "#0"},
				"west": {"uv": [7.5, 8.25, 7.625, 8.375], "texture": "#0"},
				"up": {"uv": [7.5, 8.25, 7.625, 8.375], "texture": "#0"},
				"down": {"uv": [7.5, 8.25, 7.625, 8.375], "texture": "#0"}
			}
		},
		{
			"name": "winterthorn_38",
			"from": [8.0625, 6.375, 7.9375],
			"to": [8.1875, 6.5, 8.0625],
			"rotation": {"angle": 0, "axis": "y", "origin": [-0.1875, 0, 7.9375]},
			"faces": {
				"north": {"uv": [8.375, 8.25, 8.25, 8.375], "texture": "#0"},
				"east": {"uv": [8.25, 8.25, 8.375, 8.375], "texture": "#0"},
				"south": {"uv": [8.25, 8.25, 8.375, 8.375], "texture": "#0"},
				"west": {"uv": [8.25, 8.25, 8.375, 8.375], "texture": "#0"},
				"up": {"uv": [8.25, 8.25, 8.375, 8.375], "texture": "#0"},
				"down": {"uv": [8.25, 8.25, 8.375, 8.375], "texture": "#0"}
			}
		},
		{
			"name": "winterthorn_39",
			"from": [7.0625, 6.375, 7.96875],
			"to": [7.1875, 7.125, 8.03125],
			"rotation": {"angle": 0, "axis": "y", "origin": [-0.1875, 0, 7.9375]},
			"faces": {
				"north": {"uv": [3.125, 8.375, 3, 9.125], "texture": "#0"},
				"east": {"uv": [3, 8.375, 3.125, 9.125], "texture": "#0"},
				"south": {"uv": [3, 8.375, 3.125, 9.125], "texture": "#0"},
				"west": {"uv": [3, 8.375, 3.125, 9.125], "texture": "#0"},
				"up": {"uv": [3, 8.375, 3.125, 8.5], "texture": "#0"},
				"down": {"uv": [3, 9, 3.125, 9.125], "texture": "#0"}
			}
		},
		{
			"name": "winterthorn_40",
			"from": [8.3125, 6.375, 7.96875],
			"to": [8.4375, 7.125, 8.03125],
			"rotation": {"angle": 0, "axis": "y", "origin": [-0.1875, 0, 7.9375]},
			"faces": {
				"north": {"uv": [4.375, 8.375, 4.25, 9.125], "texture": "#0"},
				"east": {"uv": [4.25, 8.375, 4.375, 9.125], "texture": "#0"},
				"south": {"uv": [4.25, 8.375, 4.375, 9.125], "texture": "#0"},
				"west": {"uv": [4.25, 8.375, 4.375, 9.125], "texture": "#0"},
				"up": {"uv": [4.25, 8.375, 4.375, 8.5], "texture": "#0"},
				"down": {"uv": [4.25, 9, 4.375, 9.125], "texture": "#0"}
			}
		},
		{
			"name": "winterthorn_41",
			"from": [7.1875, 6.375, 7.9375],
			"to": [7.3125, 7, 8.0625],
			"rotation": {"angle": 0, "axis": "y", "origin": [-0.1875, 0, 7.9375]},
			"faces": {
				"north": {"uv": [1.375, 8.5, 1.25, 9.125], "texture": "#0"},
				"east": {"uv": [1.25, 8.5, 1.375, 9.125], "texture": "#0"},
				"south": {"uv": [1.25, 8.5, 1.375, 9.125], "texture": "#0"},
				"west": {"uv": [1.25, 8.5, 1.375, 9.125], "texture": "#0"},
				"up": {"uv": [1.25, 8.5, 1.375, 8.625], "texture": "#0"},
				"down": {"uv": [1.25, 9, 1.375, 9.125], "texture": "#0"}
			}
		},
		{
			"name": "winterthorn_42",
			"from": [7.5625, 6, 7.9375],
			"to": [7.6875, 7, 8.0625],
			"rotation": {"angle": 0, "axis": "y", "origin": [-0.1875, 0, 7.9375]},
			"faces": {
				"north": {"uv": [1.75, 8.5, 1.625, 9.5], "texture": "#0"},
				"east": {"uv": [1.625, 8.5, 1.75, 9.5], "texture": "#0"},
				"south": {"uv": [1.625, 8.5, 1.75, 9.5], "texture": "#0"},
				"west": {"uv": [1.625, 8.5, 1.75, 9.5], "texture": "#0"},
				"up": {"uv": [1.625, 8.5, 1.75, 8.625], "texture": "#0"},
				"down": {"uv": [1.625, 9.375, 1.75, 9.5], "texture": "#0"}
			}
		},
		{
			"name": "winterthorn_43",
			"from": [7.8125, 6, 7.9375],
			"to": [7.9375, 7, 8.0625],
			"rotation": {"angle": 0, "axis": "y", "origin": [-0.1875, 0, 7.9375]},
			"faces": {
				"north": {"uv": [2, 8.5, 1.875, 9.5], "texture": "#0"},
				"east": {"uv": [1.875, 8.5, 2, 9.5], "texture": "#0"},
				"south": {"uv": [1.875, 8.5, 2, 9.5], "texture": "#0"},
				"west": {"uv": [1.875, 8.5, 2, 9.5], "texture": "#0"},
				"up": {"uv": [1.875, 8.5, 2, 8.625], "texture": "#0"},
				"down": {"uv": [1.875, 9.375, 2, 9.5], "texture": "#0"}
			}
		},
		{
			"name": "winterthorn_44",
			"from": [8.1875, 6.375, 7.9375],
			"to": [8.3125, 7, 8.0625],
			"rotation": {"angle": 0, "axis": "y", "origin": [-0.1875, 0, 7.9375]},
			"faces": {
				"north": {"uv": [2.375, 8.5, 2.25, 9.125], "texture": "#0"},
				"east": {"uv": [2.25, 8.5, 2.375, 9.125], "texture": "#0"},
				"south": {"uv": [2.25, 8.5, 2.375, 9.125], "texture": "#0"},
				"west": {"uv": [2.25, 8.5, 2.375, 9.125], "texture": "#0"},
				"up": {"uv": [2.25, 8.5, 2.375, 8.625], "texture": "#0"},
				"down": {"uv": [2.25, 9, 2.375, 9.125], "texture": "#0"}
			}
		},
		{
			"name": "winterthorn_45",
			"from": [7.0625, 6.25, 7.875],
			"to": [7.4375, 6.375, 8.125],
			"rotation": {"angle": 0, "axis": "y", "origin": [-0.1875, 0, 7.9375]},
			"faces": {
				"north": {"uv": [7.625, 8.75, 7.25, 8.875], "texture": "#0"},
				"east": {"uv": [7.5, 8.75, 7.625, 8.875], "texture": "#0"},
				"south": {"uv": [7.25, 8.75, 7.625, 8.875], "texture": "#0"},
				"west": {"uv": [7.25, 8.75, 7.375, 8.875], "texture": "#0"},
				"up": {"uv": [7.25, 8.75, 7.625, 8.875], "texture": "#0"},
				"down": {"uv": [7.25, 8.75, 7.625, 8.875], "texture": "#0"}
			}
		},
		{
			"name": "winterthorn_46",
			"from": [8.0625, 6.125, 7.875],
			"to": [8.3125, 6.375, 8.125],
			"rotation": {"angle": 0, "axis": "y", "origin": [-0.1875, 0, 7.9375]},
			"faces": {
				"north": {"uv": [8.5, 8.75, 8.25, 9], "texture": "#0"},
				"east": {"uv": [8.375, 8.75, 8.5, 9], "texture": "#0"},
				"south": {"uv": [8.25, 8.75, 8.5, 9], "texture": "#0"},
				"west": {"uv": [8.25, 8.75, 8.375, 9], "texture": "#0"},
				"up": {"uv": [8.25, 8.75, 8.5, 8.875], "texture": "#0"},
				"down": {"uv": [8.25, 8.875, 8.5, 9], "texture": "#0"}
			}
		},
		{
			"name": "winterthorn_47",
			"from": [8.3125, 6.25, 7.875],
			"to": [8.4375, 6.375, 8.125],
			"rotation": {"angle": 0, "axis": "y", "origin": [-0.1875, 0, 7.9375]},
			"faces": {
				"north": {"uv": [8.625, 8.75, 8.5, 8.875], "texture": "#0"},
				"east": {"uv": [8.5, 8.75, 8.625, 8.875], "texture": "#0"},
				"south": {"uv": [8.5, 8.75, 8.625, 8.875], "texture": "#0"},
				"west": {"uv": [8.5, 8.75, 8.625, 8.875], "texture": "#0"},
				"up": {"uv": [8.5, 8.75, 8.625, 8.875], "texture": "#0"},
				"down": {"uv": [8.5, 8.75, 8.625, 8.875], "texture": "#0"}
			}
		},
		{
			"name": "winterthorn_48",
			"from": [4.6875, 5, 7.875],
			"to": [6.0625, 5.125, 8.125],
			"rotation": {"angle": 0, "axis": "y", "origin": [-0.1875, 0, 7.9375]},
			"faces": {
				"north": {"uv": [6.25, 8.875, 4.875, 9], "texture": "#0"},
				"east": {"uv": [6.125, 8.875, 6.25, 9], "texture": "#0"},
				"south": {"uv": [4.875, 8.875, 6.25, 9], "texture": "#0"},
				"west": {"uv": [4.875, 8.875, 5, 9], "texture": "#0"},
				"up": {"uv": [4.875, 8.875, 6.25, 9], "texture": "#0"},
				"down": {"uv": [4.875, 8.875, 6.25, 9], "texture": "#0"}
			}
		},
		{
			"name": "winterthorn_49",
			"from": [7.1875, 6.125, 7.875],
			"to": [7.4375, 6.25, 8.125],
			"rotation": {"angle": 0, "axis": "y", "origin": [-0.1875, 0, 7.9375]},
			"faces": {
				"north": {"uv": [7.625, 8.875, 7.375, 9], "texture": "#0"},
				"east": {"uv": [7.5, 8.875, 7.625, 9], "texture": "#0"},
				"south": {"uv": [7.375, 8.875, 7.625, 9], "texture": "#0"},
				"west": {"uv": [7.375, 8.875, 7.5, 9], "texture": "#0"},
				"up": {"uv": [7.375, 8.875, 7.625, 9], "texture": "#0"},
				"down": {"uv": [7.375, 8.875, 7.625, 9], "texture": "#0"}
			}
		},
		{
			"name": "winterthorn_50",
			"from": [9.4375, 4.75, 7.875],
			"to": [10.1875, 5.125, 8.125],
			"rotation": {"angle": 0, "axis": "y", "origin": [-0.1875, 0, 7.9375]},
			"faces": {
				"north": {"uv": [10.375, 8.875, 9.625, 9.25], "texture": "#0"},
				"east": {"uv": [10.25, 8.875, 10.375, 9.25], "texture": "#0"},
				"south": {"uv": [9.625, 8.875, 10.375, 9.25], "texture": "#0"},
				"west": {"uv": [9.625, 8.875, 9.75, 9.25], "texture": "#0"},
				"up": {"uv": [9.625, 8.875, 10.375, 9], "texture": "#0"},
				"down": {"uv": [9.625, 9.125, 10.375, 9.25], "texture": "#0"}
			}
		},
		{
			"name": "winterthorn_51",
			"from": [10.1875, 4.875, 7.875],
			"to": [10.4375, 5.125, 8.125],
			"rotation": {"angle": 0, "axis": "y", "origin": [-0.1875, 0, 7.9375]},
			"faces": {
				"north": {"uv": [10.625, 8.875, 10.375, 9.125], "texture": "#0"},
				"east": {"uv": [10.5, 8.875, 10.625, 9.125], "texture": "#0"},
				"south": {"uv": [10.375, 8.875, 10.625, 9.125], "texture": "#0"},
				"west": {"uv": [10.375, 8.875, 10.5, 9.125], "texture": "#0"},
				"up": {"uv": [10.375, 8.875, 10.625, 9], "texture": "#0"},
				"down": {"uv": [10.375, 9, 10.625, 9.125], "texture": "#0"}
			}
		},
		{
			"name": "winterthorn_52",
			"from": [10.4375, 5, 7.875],
			"to": [10.8125, 5.125, 8.125],
			"rotation": {"angle": 0, "axis": "y", "origin": [-0.1875, 0, 7.9375]},
			"faces": {
				"north": {"uv": [11, 8.875, 10.625, 9], "texture": "#0"},
				"east": {"uv": [10.875, 8.875, 11, 9], "texture": "#0"},
				"south": {"uv": [10.625, 8.875, 11, 9], "texture": "#0"},
				"west": {"uv": [10.625, 8.875, 10.75, 9], "texture": "#0"},
				"up": {"uv": [10.625, 8.875, 11, 9], "texture": "#0"},
				"down": {"uv": [10.625, 8.875, 11, 9], "texture": "#0"}
			}
		},
		{
			"name": "winterthorn_53",
			"from": [7.4375, 6.125, 7.9375],
			"to": [7.5625, 6.5, 8.0625],
			"rotation": {"angle": 0, "axis": "y", "origin": [-0.1875, 0, 7.9375]},
			"faces": {
				"north": {"uv": [1.625, 9, 1.5, 9.375], "texture": "#0"},
				"east": {"uv": [1.5, 9, 1.625, 9.375], "texture": "#0"},
				"south": {"uv": [1.5, 9, 1.625, 9.375], "texture": "#0"},
				"west": {"uv": [1.5, 9, 1.625, 9.375], "texture": "#0"},
				"up": {"uv": [1.5, 9, 1.625, 9.125], "texture": "#0"},
				"down": {"uv": [1.5, 9.25, 1.625, 9.375], "texture": "#0"}
			}
		},
		{
			"name": "winterthorn_54",
			"from": [7.9375, 6.125, 7.9375],
			"to": [8.0625, 6.5, 8.0625],
			"rotation": {"angle": 0, "axis": "y", "origin": [-0.1875, 0, 7.9375]},
			"faces": {
				"north": {"uv": [2.125, 9, 2, 9.375], "texture": "#0"},
				"east": {"uv": [2, 9, 2.125, 9.375], "texture": "#0"},
				"south": {"uv": [2, 9, 2.125, 9.375], "texture": "#0"},
				"west": {"uv": [2, 9, 2.125, 9.375], "texture": "#0"},
				"up": {"uv": [2, 9, 2.125, 9.125], "texture": "#0"},
				"down": {"uv": [2, 9.25, 2.125, 9.375], "texture": "#0"}
			}
		},
		{
			"name": "winterthorn_55",
			"from": [6.9375, 6.25, 7.96875],
			"to": [7.0625, 6.5, 8.03125],
			"rotation": {"angle": 0, "axis": "y", "origin": [-0.1875, 0, 7.9375]},
			"faces": {
				"north": {"uv": [3, 9, 2.875, 9.25], "texture": "#0"},
				"east": {"uv": [2.875, 9, 3, 9.25], "texture": "#0"},
				"south": {"uv": [2.875, 9, 3, 9.25], "texture": "#0"},
				"west": {"uv": [2.875, 9, 3, 9.25], "texture": "#0"},
				"up": {"uv": [2.875, 9, 3, 9.125], "texture": "#0"},
				"down": {"uv": [2.875, 9.125, 3, 9.25], "texture": "#0"}
			}
		},
		{
			"name": "winterthorn_56",
			"from": [8.4375, 6.25, 7.96875],
			"to": [8.5625, 6.5, 8.03125],
			"rotation": {"angle": 0, "axis": "y", "origin": [-0.1875, 0, 7.9375]},
			"faces": {
				"north": {"uv": [4.5, 9, 4.375, 9.25], "texture": "#0"},
				"east": {"uv": [4.375, 9, 4.5, 9.25], "texture": "#0"},
				"south": {"uv": [4.375, 9, 4.5, 9.25], "texture": "#0"},
				"west": {"uv": [4.375, 9, 4.5, 9.25], "texture": "#0"},
				"up": {"uv": [4.375, 9, 4.5, 9.125], "texture": "#0"},
				"down": {"uv": [4.375, 9.125, 4.5, 9.25], "texture": "#0"}
			}
		},
		{
			"name": "winterthorn_57",
			"from": [5.0625, 4.875, 7.875],
			"to": [6.1875, 5, 8.125],
			"rotation": {"angle": 0, "axis": "y", "origin": [-0.1875, 0, 7.9375]},
			"faces": {
				"north": {"uv": [6.375, 9, 5.25, 9.125], "texture": "#0"},
				"east": {"uv": [6.25, 9, 6.375, 9.125], "texture": "#0"},
				"south": {"uv": [5.25, 9, 6.375, 9.125], "texture": "#0"},
				"west": {"uv": [5.25, 9, 5.375, 9.125], "texture": "#0"},
				"up": {"uv": [5.25, 9, 6.375, 9.125], "texture": "#0"},
				"down": {"uv": [5.25, 9, 6.375, 9.125], "texture": "#0"}
			}
		},
		{
			"name": "winterthorn_58",
			"from": [7.3125, 5.625, 7.875],
			"to": [7.5625, 6.125, 8.125],
			"rotation": {"angle": 0, "axis": "y", "origin": [-0.1875, 0, 7.9375]},
			"faces": {
				"north": {"uv": [7.75, 9, 7.5, 9.5], "texture": "#0"},
				"east": {"uv": [7.625, 9, 7.75, 9.5], "texture": "#0"},
				"south": {"uv": [7.5, 9, 7.75, 9.5], "texture": "#0"},
				"west": {"uv": [7.5, 9, 7.625, 9.5], "texture": "#0"},
				"up": {"uv": [7.5, 9, 7.75, 9.125], "texture": "#0"},
				"down": {"uv": [7.5, 9.375, 7.75, 9.5], "texture": "#0"}
			}
		},
		{
			"name": "winterthorn_59",
			"from": [7.9375, 5.625, 7.875],
			"to": [8.1875, 6.125, 8.125],
			"rotation": {"angle": 0, "axis": "y", "origin": [-0.1875, 0, 7.9375]},
			"faces": {
				"north": {"uv": [8.375, 9, 8.125, 9.5], "texture": "#0"},
				"east": {"uv": [8.25, 9, 8.375, 9.5], "texture": "#0"},
				"south": {"uv": [8.125, 9, 8.375, 9.5], "texture": "#0"},
				"west": {"uv": [8.125, 9, 8.25, 9.5], "texture": "#0"},
				"up": {"uv": [8.125, 9, 8.375, 9.125], "texture": "#0"},
				"down": {"uv": [8.125, 9.375, 8.375, 9.5], "texture": "#0"}
			}
		},
		{
			"name": "winterthorn_60",
			"from": [9.3125, 4.75, 7.875],
			"to": [9.4375, 5, 8.125],
			"rotation": {"angle": 0, "axis": "y", "origin": [-0.1875, 0, 7.9375]},
			"faces": {
				"north": {"uv": [9.625, 9, 9.5, 9.25], "texture": "#0"},
				"east": {"uv": [9.5, 9, 9.625, 9.25], "texture": "#0"},
				"south": {"uv": [9.5, 9, 9.625, 9.25], "texture": "#0"},
				"west": {"uv": [9.5, 9, 9.625, 9.25], "texture": "#0"},
				"up": {"uv": [9.5, 9, 9.625, 9.125], "texture": "#0"},
				"down": {"uv": [9.5, 9.125, 9.625, 9.25], "texture": "#0"}
			}
		},
		{
			"name": "winterthorn_61",
			"from": [6.8125, 6.25, 7.96875],
			"to": [6.9375, 6.375, 8.03125],
			"rotation": {"angle": 0, "axis": "y", "origin": [-0.1875, 0, 7.9375]},
			"faces": {
				"north": {"uv": [2.875, 9.125, 2.75, 9.25], "texture": "#0"},
				"east": {"uv": [2.75, 9.125, 2.875, 9.25], "texture": "#0"},
				"south": {"uv": [2.75, 9.125, 2.875, 9.25], "texture": "#0"},
				"west": {"uv": [2.75, 9.125, 2.875, 9.25], "texture": "#0"},
				"up": {"uv": [2.75, 9.125, 2.875, 9.25], "texture": "#0"},
				"down": {"uv": [2.75, 9.125, 2.875, 9.25], "texture": "#0"}
			}
		},
		{
			"name": "winterthorn_62",
			"from": [8.5625, 6.25, 7.96875],
			"to": [8.6875, 6.375, 8.03125],
			"rotation": {"angle": 0, "axis": "y", "origin": [-0.1875, 0, 7.9375]},
			"faces": {
				"north": {"uv": [4.625, 9.125, 4.5, 9.25], "texture": "#0"},
				"east": {"uv": [4.5, 9.125, 4.625, 9.25], "texture": "#0"},
				"south": {"uv": [4.5, 9.125, 4.625, 9.25], "texture": "#0"},
				"west": {"uv": [4.5, 9.125, 4.625, 9.25], "texture": "#0"},
				"up": {"uv": [4.5, 9.125, 4.625, 9.25], "texture": "#0"},
				"down": {"uv": [4.5, 9.125, 4.625, 9.25], "texture": "#0"}
			}
		},
		{
			"name": "winterthorn_63",
			"from": [5.3125, 4.75, 7.875],
			"to": [6.3125, 4.875, 8.125],
			"rotation": {"angle": 0, "axis": "y", "origin": [-0.1875, 0, 7.9375]},
			"faces": {
				"north": {"uv": [6.5, 9.125, 5.5, 9.25], "texture": "#0"},
				"east": {"uv": [6.375, 9.125, 6.5, 9.25], "texture": "#0"},
				"south": {"uv": [5.5, 9.125, 6.5, 9.25], "texture": "#0"},
				"west": {"uv": [5.5, 9.125, 5.625, 9.25], "texture": "#0"},
				"up": {"uv": [5.5, 9.125, 6.5, 9.25], "texture": "#0"},
				"down": {"uv": [5.5, 9.125, 6.5, 9.25], "texture": "#0"}
			}
		},
		{
			"name": "winterthorn_64",
			"from": [7.5625, 5.75, 7.875],
			"to": [7.6875, 6, 8.125],
			"rotation": {"angle": 0, "axis": "y", "origin": [-0.1875, 0, 7.9375]},
			"faces": {
				"north": {"uv": [7.875, 9.125, 7.75, 9.375], "texture": "#0"},
				"east": {"uv": [7.75, 9.125, 7.875, 9.375], "texture": "#0"},
				"south": {"uv": [7.75, 9.125, 7.875, 9.375], "texture": "#0"},
				"west": {"uv": [7.75, 9.125, 7.875, 9.375], "texture": "#0"},
				"up": {"uv": [7.75, 9.125, 7.875, 9.25], "texture": "#0"},
				"down": {"uv": [7.75, 9.25, 7.875, 9.375], "texture": "#0"}
			}
		},
		{
			"name": "winterthorn_65",
			"from": [7.8125, 5.75, 7.875],
			"to": [7.9375, 6, 8.125],
			"rotation": {"angle": 0, "axis": "y", "origin": [-0.1875, 0, 7.9375]},
			"faces": {
				"north": {"uv": [8.125, 9.125, 8, 9.375], "texture": "#0"},
				"east": {"uv": [8, 9.125, 8.125, 9.375], "texture": "#0"},
				"south": {"uv": [8, 9.125, 8.125, 9.375], "texture": "#0"},
				"west": {"uv": [8, 9.125, 8.125, 9.375], "texture": "#0"},
				"up": {"uv": [8, 9.125, 8.125, 9.25], "texture": "#0"},
				"down": {"uv": [8, 9.25, 8.125, 9.375], "texture": "#0"}
			}
		},
		{
			"name": "winterthorn_66",
			"from": [9.1875, 4.75, 7.875],
			"to": [9.3125, 4.875, 8.125],
			"rotation": {"angle": 0, "axis": "y", "origin": [-0.1875, 0, 7.9375]},
			"faces": {
				"north": {"uv": [9.5, 9.125, 9.375, 9.25], "texture": "#0"},
				"east": {"uv": [9.375, 9.125, 9.5, 9.25], "texture": "#0"},
				"south": {"uv": [9.375, 9.125, 9.5, 9.25], "texture": "#0"},
				"west": {"uv": [9.375, 9.125, 9.5, 9.25], "texture": "#0"},
				"up": {"uv": [9.375, 9.125, 9.5, 9.25], "texture": "#0"},
				"down": {"uv": [9.375, 9.125, 9.5, 9.25], "texture": "#0"}
			}
		},
		{
			"name": "winterthorn_67",
			"from": [7.1875, 5.5, 7.875],
			"to": [7.3125, 5.875, 8.125],
			"rotation": {"angle": 0, "axis": "y", "origin": [-0.1875, 0, 7.9375]},
			"faces": {
				"north": {"uv": [7.5, 9.25, 7.375, 9.625], "texture": "#0"},
				"east": {"uv": [7.375, 9.25, 7.5, 9.625], "texture": "#0"},
				"south": {"uv": [7.375, 9.25, 7.5, 9.625], "texture": "#0"},
				"west": {"uv": [7.375, 9.25, 7.5, 9.625], "texture": "#0"},
				"up": {"uv": [7.375, 9.25, 7.5, 9.375], "texture": "#0"},
				"down": {"uv": [7.375, 9.5, 7.5, 9.625], "texture": "#0"}
			}
		},
		{
			"name": "winterthorn_68",
			"from": [8.1875, 5.5, 7.875],
			"to": [8.3125, 5.875, 8.125],
			"rotation": {"angle": 0, "axis": "y", "origin": [-0.1875, 0, 7.9375]},
			"faces": {
				"north": {"uv": [8.5, 9.25, 8.375, 9.625], "texture": "#0"},
				"east": {"uv": [8.375, 9.25, 8.5, 9.625], "texture": "#0"},
				"south": {"uv": [8.375, 9.25, 8.5, 9.625], "texture": "#0"},
				"west": {"uv": [8.375, 9.25, 8.5, 9.625], "texture": "#0"},
				"up": {"uv": [8.375, 9.25, 8.5, 9.375], "texture": "#0"},
				"down": {"uv": [8.375, 9.5, 8.5, 9.625], "texture": "#0"}
			}
		},
		{
			"name": "winterthorn_69",
			"from": [7.1875, 5.875, 7.9375],
			"to": [7.3125, 6.125, 8.0625],
			"rotation": {"angle": 0, "axis": "y", "origin": [-0.1875, 0, 7.9375]},
			"faces": {
				"north": {"uv": [1.375, 9.375, 1.25, 9.625], "texture": "#0"},
				"east": {"uv": [1.25, 9.375, 1.375, 9.625], "texture": "#0"},
				"south": {"uv": [1.25, 9.375, 1.375, 9.625], "texture": "#0"},
				"west": {"uv": [1.25, 9.375, 1.375, 9.625], "texture": "#0"},
				"up": {"uv": [1.25, 9.375, 1.375, 9.5], "texture": "#0"},
				"down": {"uv": [1.25, 9.5, 1.375, 9.625], "texture": "#0"}
			}
		},
		{
			"name": "winterthorn_70",
			"from": [8.1875, 5.875, 7.9375],
			"to": [8.3125, 6.125, 8.0625],
			"rotation": {"angle": 0, "axis": "y", "origin": [-0.1875, 0, 7.9375]},
			"faces": {
				"north": {"uv": [2.375, 9.375, 2.25, 9.625], "texture": "#0"},
				"east": {"uv": [2.25, 9.375, 2.375, 9.625], "texture": "#0"},
				"south": {"uv": [2.25, 9.375, 2.375, 9.625], "texture": "#0"},
				"west": {"uv": [2.25, 9.375, 2.375, 9.625], "texture": "#0"},
				"up": {"uv": [2.25, 9.375, 2.375, 9.5], "texture": "#0"},
				"down": {"uv": [2.25, 9.5, 2.375, 9.625], "texture": "#0"}
			}
		},
		{
			"name": "winterthorn_71",
			"from": [7.0625, 5.375, 7.875],
			"to": [7.1875, 5.75, 8.125],
			"rotation": {"angle": 0, "axis": "y", "origin": [-0.1875, 0, 7.9375]},
			"faces": {
				"north": {"uv": [7.375, 9.375, 7.25, 9.75], "texture": "#0"},
				"east": {"uv": [7.25, 9.375, 7.375, 9.75], "texture": "#0"},
				"south": {"uv": [7.25, 9.375, 7.375, 9.75], "texture": "#0"},
				"west": {"uv": [7.25, 9.375, 7.375, 9.75], "texture": "#0"},
				"up": {"uv": [7.25, 9.375, 7.375, 9.5], "texture": "#0"},
				"down": {"uv": [7.25, 9.625, 7.375, 9.75], "texture": "#0"}
			}
		},
		{
			"name": "winterthorn_72",
			"from": [8.3125, 5.375, 7.875],
			"to": [8.4375, 5.75, 8.125],
			"rotation": {"angle": 0, "axis": "y", "origin": [-0.1875, 0, 7.9375]},
			"faces": {
				"north": {"uv": [8.625, 9.375, 8.5, 9.75], "texture": "#0"},
				"east": {"uv": [8.5, 9.375, 8.625, 9.75], "texture": "#0"},
				"south": {"uv": [8.5, 9.375, 8.625, 9.75], "texture": "#0"},
				"west": {"uv": [8.5, 9.375, 8.625, 9.75], "texture": "#0"},
				"up": {"uv": [8.5, 9.375, 8.625, 9.5], "texture": "#0"},
				"down": {"uv": [8.5, 9.625, 8.625, 9.75], "texture": "#0"}
			}
		},
		{
			"name": "winterthorn_73",
			"from": [7.0625, 5.75, 7.9375],
			"to": [7.1875, 6, 8.0625],
			"rotation": {"angle": 0, "axis": "y", "origin": [-0.1875, 0, 7.9375]},
			"faces": {
				"north": {"uv": [1.25, 9.5, 1.125, 9.75], "texture": "#0"},
				"east": {"uv": [1.125, 9.5, 1.25, 9.75], "texture": "#0"},
				"south": {"uv": [1.125, 9.5, 1.25, 9.75], "texture": "#0"},
				"west": {"uv": [1.125, 9.5, 1.25, 9.75], "texture": "#0"},
				"up": {"uv": [1.125, 9.5, 1.25, 9.625], "texture": "#0"},
				"down": {"uv": [1.125, 9.625, 1.25, 9.75], "texture": "#0"}
			}
		},
		{
			"name": "winterthorn_74",
			"from": [8.3125, 5.75, 7.9375],
			"to": [8.4375, 6, 8.0625],
			"rotation": {"angle": 0, "axis": "y", "origin": [-0.1875, 0, 7.9375]},
			"faces": {
				"north": {"uv": [2.5, 9.5, 2.375, 9.75], "texture": "#0"},
				"east": {"uv": [2.375, 9.5, 2.5, 9.75], "texture": "#0"},
				"south": {"uv": [2.375, 9.5, 2.5, 9.75], "texture": "#0"},
				"west": {"uv": [2.375, 9.5, 2.5, 9.75], "texture": "#0"},
				"up": {"uv": [2.375, 9.5, 2.5, 9.625], "texture": "#0"},
				"down": {"uv": [2.375, 9.625, 2.5, 9.75], "texture": "#0"}
			}
		},
		{
			"name": "winterthorn_75",
			"from": [6.9375, 5.375, 7.875],
			"to": [7.0625, 5.625, 8.125],
			"rotation": {"angle": 0, "axis": "y", "origin": [-0.1875, 0, 7.9375]},
			"faces": {
				"north": {"uv": [7.25, 9.5, 7.125, 9.75], "texture": "#0"},
				"east": {"uv": [7.125, 9.5, 7.25, 9.75], "texture": "#0"},
				"south": {"uv": [7.125, 9.5, 7.25, 9.75], "texture": "#0"},
				"west": {"uv": [7.125, 9.5, 7.25, 9.75], "texture": "#0"},
				"up": {"uv": [7.125, 9.5, 7.25, 9.625], "texture": "#0"},
				"down": {"uv": [7.125, 9.625, 7.25, 9.75], "texture": "#0"}
			}
		},
		{
			"name": "winterthorn_76",
			"from": [7.3125, 5.375, 7.875],
			"to": [7.4375, 5.625, 8.125],
			"rotation": {"angle": 0, "axis": "y", "origin": [-0.1875, 0, 7.9375]},
			"faces": {
				"north": {"uv": [7.625, 9.5, 7.5, 9.75], "texture": "#0"},
				"east": {"uv": [7.5, 9.5, 7.625, 9.75], "texture": "#0"},
				"south": {"uv": [7.5, 9.5, 7.625, 9.75], "texture": "#0"},
				"west": {"uv": [7.5, 9.5, 7.625, 9.75], "texture": "#0"},
				"up": {"uv": [7.5, 9.5, 7.625, 9.625], "texture": "#0"},
				"down": {"uv": [7.5, 9.625, 7.625, 9.75], "texture": "#0"}
			}
		},
		{
			"name": "winterthorn_77",
			"from": [8.0625, 5.375, 7.875],
			"to": [8.1875, 5.625, 8.125],
			"rotation": {"angle": 0, "axis": "y", "origin": [-0.1875, 0, 7.9375]},
			"faces": {
				"north": {"uv": [8.375, 9.5, 8.25, 9.75], "texture": "#0"},
				"east": {"uv": [8.25, 9.5, 8.375, 9.75], "texture": "#0"},
				"south": {"uv": [8.25, 9.5, 8.375, 9.75], "texture": "#0"},
				"west": {"uv": [8.25, 9.5, 8.375, 9.75], "texture": "#0"},
				"up": {"uv": [8.25, 9.5, 8.375, 9.625], "texture": "#0"},
				"down": {"uv": [8.25, 9.625, 8.375, 9.75], "texture": "#0"}
			}
		},
		{
			"name": "winterthorn_78",
			"from": [8.4375, 5.375, 7.875],
			"to": [8.5625, 5.625, 8.125],
			"rotation": {"angle": 0, "axis": "y", "origin": [-0.1875, 0, 7.9375]},
			"faces": {
				"north": {"uv": [8.75, 9.5, 8.625, 9.75], "texture": "#0"},
				"east": {"uv": [8.625, 9.5, 8.75, 9.75], "texture": "#0"},
				"south": {"uv": [8.625, 9.5, 8.75, 9.75], "texture": "#0"},
				"west": {"uv": [8.625, 9.5, 8.75, 9.75], "texture": "#0"},
				"up": {"uv": [8.625, 9.5, 8.75, 9.625], "texture": "#0"},
				"down": {"uv": [8.625, 9.625, 8.75, 9.75], "texture": "#0"}
			}
		},
		{
			"name": "winterthorn_79",
			"from": [6.5625, 5.75, 7.9375],
			"to": [7.0625, 5.875, 8.0625],
			"rotation": {"angle": 0, "axis": "y", "origin": [-0.1875, 0, 7.9375]},
			"faces": {
				"north": {"uv": [1.125, 9.625, 0.625, 9.75], "texture": "#0"},
				"east": {"uv": [1, 9.625, 1.125, 9.75], "texture": "#0"},
				"south": {"uv": [0.625, 9.625, 1.125, 9.75], "texture": "#0"},
				"west": {"uv": [0.625, 9.625, 0.75, 9.75], "texture": "#0"},
				"up": {"uv": [0.625, 9.625, 1.125, 9.75], "texture": "#0"},
				"down": {"uv": [0.625, 9.625, 1.125, 9.75], "texture": "#0"}
			}
		},
		{
			"name": "winterthorn_80",
			"from": [7.6875, 5.25, 7.9375],
			"to": [7.8125, 5.875, 8.0625],
			"rotation": {"angle": 0, "axis": "y", "origin": [-0.1875, 0, 7.9375]},
			"faces": {
				"north": {"uv": [1.875, 9.625, 1.75, 10.25], "texture": "#0"},
				"east": {"uv": [1.75, 9.625, 1.875, 10.25], "texture": "#0"},
				"south": {"uv": [1.75, 9.625, 1.875, 10.25], "texture": "#0"},
				"west": {"uv": [1.75, 9.625, 1.875, 10.25], "texture": "#0"},
				"up": {"uv": [1.75, 9.625, 1.875, 9.75], "texture": "#0"},
				"down": {"uv": [1.75, 10.125, 1.875, 10.25], "texture": "#0"}
			}
		},
		{
			"name": "winterthorn_81",
			"from": [8.4375, 5.625, 7.9375],
			"to": [8.8125, 5.875, 8.0625],
			"rotation": {"angle": 0, "axis": "y", "origin": [-0.1875, 0, 7.9375]},
			"faces": {
				"north": {"uv": [2.875, 9.625, 2.5, 9.875], "texture": "#0"},
				"east": {"uv": [2.75, 9.625, 2.875, 9.875], "texture": "#0"},
				"south": {"uv": [2.5, 9.625, 2.875, 9.875], "texture": "#0"},
				"west": {"uv": [2.5, 9.625, 2.625, 9.875], "texture": "#0"},
				"up": {"uv": [2.5, 9.625, 2.875, 9.75], "texture": "#0"},
				"down": {"uv": [2.5, 9.75, 2.875, 9.875], "texture": "#0"}
			}
		},
		{
			"name": "winterthorn_82",
			"from": [8.8125, 5.75, 7.9375],
			"to": [8.9375, 5.875, 8.0625],
			"rotation": {"angle": 0, "axis": "y", "origin": [-0.1875, 0, 7.9375]},
			"faces": {
				"north": {"uv": [3, 9.625, 2.875, 9.75], "texture": "#0"},
				"east": {"uv": [2.875, 9.625, 3, 9.75], "texture": "#0"},
				"south": {"uv": [2.875, 9.625, 3, 9.75], "texture": "#0"},
				"west": {"uv": [2.875, 9.625, 3, 9.75], "texture": "#0"},
				"up": {"uv": [2.875, 9.625, 3, 9.75], "texture": "#0"},
				"down": {"uv": [2.875, 9.625, 3, 9.75], "texture": "#0"}
			}
		},
		{
			"name": "winterthorn_83",
			"from": [6.6875, 5.25, 7.875],
			"to": [6.9375, 5.5, 8.125],
			"rotation": {"angle": 0, "axis": "y", "origin": [-0.1875, 0, 7.9375]},
			"faces": {
				"north": {"uv": [7.125, 9.625, 6.875, 9.875], "texture": "#0"},
				"east": {"uv": [7, 9.625, 7.125, 9.875], "texture": "#0"},
				"south": {"uv": [6.875, 9.625, 7.125, 9.875], "texture": "#0"},
				"west": {"uv": [6.875, 9.625, 7, 9.875], "texture": "#0"},
				"up": {"uv": [6.875, 9.625, 7.125, 9.75], "texture": "#0"},
				"down": {"uv": [6.875, 9.75, 7.125, 9.875], "texture": "#0"}
			}
		},
		{
			"name": "winterthorn_84",
			"from": [7.4375, 5.25, 7.875],
			"to": [7.5625, 5.5, 8.125],
			"rotation": {"angle": 0, "axis": "y", "origin": [-0.1875, 0, 7.9375]},
			"faces": {
				"north": {"uv": [7.75, 9.625, 7.625, 9.875], "texture": "#0"},
				"east": {"uv": [7.625, 9.625, 7.75, 9.875], "texture": "#0"},
				"south": {"uv": [7.625, 9.625, 7.75, 9.875], "texture": "#0"},
				"west": {"uv": [7.625, 9.625, 7.75, 9.875], "texture": "#0"},
				"up": {"uv": [7.625, 9.625, 7.75, 9.75], "texture": "#0"},
				"down": {"uv": [7.625, 9.75, 7.75, 9.875], "texture": "#0"}
			}
		},
		{
			"name": "winterthorn_85",
			"from": [7.9375, 5.25, 7.875],
			"to": [8.0625, 5.5, 8.125],
			"rotation": {"angle": 0, "axis": "y", "origin": [-0.1875, 0, 7.9375]},
			"faces": {
				"north": {"uv": [8.25, 9.625, 8.125, 9.875], "texture": "#0"},
				"east": {"uv": [8.125, 9.625, 8.25, 9.875], "texture": "#0"},
				"south": {"uv": [8.125, 9.625, 8.25, 9.875], "texture": "#0"},
				"west": {"uv": [8.125, 9.625, 8.25, 9.875], "texture": "#0"},
				"up": {"uv": [8.125, 9.625, 8.25, 9.75], "texture": "#0"},
				"down": {"uv": [8.125, 9.75, 8.25, 9.875], "texture": "#0"}
			}
		},
		{
			"name": "winterthorn_86",
			"from": [8.5625, 5.25, 7.875],
			"to": [8.8125, 5.5, 8.125],
			"rotation": {"angle": 0, "axis": "y", "origin": [-0.1875, 0, 7.9375]},
			"faces": {
				"north": {"uv": [9, 9.625, 8.75, 9.875], "texture": "#0"},
				"east": {"uv": [8.875, 9.625, 9, 9.875], "texture": "#0"},
				"south": {"uv": [8.75, 9.625, 9, 9.875], "texture": "#0"},
				"west": {"uv": [8.75, 9.625, 8.875, 9.875], "texture": "#0"},
				"up": {"uv": [8.75, 9.625, 9, 9.75], "texture": "#0"},
				"down": {"uv": [8.75, 9.75, 9, 9.875], "texture": "#0"}
			}
		},
		{
			"name": "winterthorn_87",
			"from": [6.6875, 5.625, 7.9375],
			"to": [7.0625, 5.75, 8.0625],
			"rotation": {"angle": 0, "axis": "y", "origin": [-0.1875, 0, 7.9375]},
			"faces": {
				"north": {"uv": [1.125, 9.75, 0.75, 9.875], "texture": "#0"},
				"east": {"uv": [1, 9.75, 1.125, 9.875], "texture": "#0"},
				"south": {"uv": [0.75, 9.75, 1.125, 9.875], "texture": "#0"},
				"west": {"uv": [0.75, 9.75, 0.875, 9.875], "texture": "#0"},
				"up": {"uv": [0.75, 9.75, 1.125, 9.875], "texture": "#0"},
				"down": {"uv": [0.75, 9.75, 1.125, 9.875], "texture": "#0"}
			}
		},
		{
			"name": "winterthorn_88",
			"from": [7.5625, 5.375, 7.9375],
			"to": [7.6875, 5.75, 8.0625],
			"rotation": {"angle": 0, "axis": "y", "origin": [-0.1875, 0, 7.9375]},
			"faces": {
				"north": {"uv": [1.75, 9.75, 1.625, 10.125], "texture": "#0"},
				"east": {"uv": [1.625, 9.75, 1.75, 10.125], "texture": "#0"},
				"south": {"uv": [1.625, 9.75, 1.75, 10.125], "texture": "#0"},
				"west": {"uv": [1.625, 9.75, 1.75, 10.125], "texture": "#0"},
				"up": {"uv": [1.625, 9.75, 1.75, 9.875], "texture": "#0"},
				"down": {"uv": [1.625, 10, 1.75, 10.125], "texture": "#0"}
			}
		},
		{
			"name": "winterthorn_89",
			"from": [7.8125, 5.375, 7.9375],
			"to": [7.9375, 5.75, 8.0625],
			"rotation": {"angle": 0, "axis": "y", "origin": [-0.1875, 0, 7.9375]},
			"faces": {
				"north": {"uv": [2, 9.75, 1.875, 10.125], "texture": "#0"},
				"east": {"uv": [1.875, 9.75, 2, 10.125], "texture": "#0"},
				"south": {"uv": [1.875, 9.75, 2, 10.125], "texture": "#0"},
				"west": {"uv": [1.875, 9.75, 2, 10.125], "texture": "#0"},
				"up": {"uv": [1.875, 9.75, 2, 9.875], "texture": "#0"},
				"down": {"uv": [1.875, 10, 2, 10.125], "texture": "#0"}
			}
		},
		{
			"name": "winterthorn_90",
			"from": [6.4375, 5.125, 7.875],
			"to": [6.6875, 5.375, 8.125],
			"rotation": {"angle": 0, "axis": "y", "origin": [-0.1875, 0, 7.9375]},
			"faces": {
				"north": {"uv": [6.875, 9.75, 6.625, 10], "texture": "#0"},
				"east": {"uv": [6.75, 9.75, 6.875, 10], "texture": "#0"},
				"south": {"uv": [6.625, 9.75, 6.875, 10], "texture": "#0"},
				"west": {"uv": [6.625, 9.75, 6.75, 10], "texture": "#0"},
				"up": {"uv": [6.625, 9.75, 6.875, 9.875], "texture": "#0"},
				"down": {"uv": [6.625, 9.875, 6.875, 10], "texture": "#0"}
			}
		},
		{
			"name": "winterthorn_91",
			"from": [7.5625, 5.125, 7.875],
			"to": [7.6875, 5.375, 8.125],
			"rotation": {"angle": 0, "axis": "y", "origin": [-0.1875, 0, 7.9375]},
			"faces": {
				"north": {"uv": [7.875, 9.75, 7.75, 10], "texture": "#0"},
				"east": {"uv": [7.75, 9.75, 7.875, 10], "texture": "#0"},
				"south": {"uv": [7.75, 9.75, 7.875, 10], "texture": "#0"},
				"west": {"uv": [7.75, 9.75, 7.875, 10], "texture": "#0"},
				"up": {"uv": [7.75, 9.75, 7.875, 9.875], "texture": "#0"},
				"down": {"uv": [7.75, 9.875, 7.875, 10], "texture": "#0"}
			}
		},
		{
			"name": "winterthorn_92",
			"from": [7.8125, 5.125, 7.875],
			"to": [7.9375, 5.375, 8.125],
			"rotation": {"angle": 0, "axis": "y", "origin": [-0.1875, 0, 7.9375]},
			"faces": {
				"north": {"uv": [8.125, 9.75, 8, 10], "texture": "#0"},
				"east": {"uv": [8, 9.75, 8.125, 10], "texture": "#0"},
				"south": {"uv": [8, 9.75, 8.125, 10], "texture": "#0"},
				"west": {"uv": [8, 9.75, 8.125, 10], "texture": "#0"},
				"up": {"uv": [8, 9.75, 8.125, 9.875], "texture": "#0"},
				"down": {"uv": [8, 9.875, 8.125, 10], "texture": "#0"}
			}
		},
		{
			"name": "winterthorn_93",
			"from": [8.8125, 5.125, 7.875],
			"to": [9.0625, 5.375, 8.125],
			"rotation": {"angle": 0, "axis": "y", "origin": [-0.1875, 0, 7.9375]},
			"faces": {
				"north": {"uv": [9.25, 9.75, 9, 10], "texture": "#0"},
				"east": {"uv": [9.125, 9.75, 9.25, 10], "texture": "#0"},
				"south": {"uv": [9, 9.75, 9.25, 10], "texture": "#0"},
				"west": {"uv": [9, 9.75, 9.125, 10], "texture": "#0"},
				"up": {"uv": [9, 9.75, 9.25, 9.875], "texture": "#0"},
				"down": {"uv": [9, 9.875, 9.25, 10], "texture": "#0"}
			}
		},
		{
			"name": "winterthorn_94",
			"from": [6.8125, 5.5, 7.9375],
			"to": [6.9375, 5.625, 8.0625],
			"rotation": {"angle": 0, "axis": "y", "origin": [-0.1875, 0, 7.9375]},
			"faces": {
				"north": {"uv": [1, 9.875, 0.875, 10], "texture": "#0"},
				"east": {"uv": [0.875, 9.875, 1, 10], "texture": "#0"},
				"south": {"uv": [0.875, 9.875, 1, 10], "texture": "#0"},
				"west": {"uv": [0.875, 9.875, 1, 10], "texture": "#0"},
				"up": {"uv": [0.875, 9.875, 1, 10], "texture": "#0"},
				"down": {"uv": [0.875, 9.875, 1, 10], "texture": "#0"}
			}
		},
		{
			"name": "winterthorn_95",
			"from": [7.4375, 5.5, 7.9375],
			"to": [7.5625, 5.625, 8.0625],
			"rotation": {"angle": 0, "axis": "y", "origin": [-0.1875, 0, 7.9375]},
			"faces": {
				"north": {"uv": [1.625, 9.875, 1.5, 10], "texture": "#0"},
				"east": {"uv": [1.5, 9.875, 1.625, 10], "texture": "#0"},
				"south": {"uv": [1.5, 9.875, 1.625, 10], "texture": "#0"},
				"west": {"uv": [1.5, 9.875, 1.625, 10], "texture": "#0"},
				"up": {"uv": [1.5, 9.875, 1.625, 10], "texture": "#0"},
				"down": {"uv": [1.5, 9.875, 1.625, 10], "texture": "#0"}
			}
		},
		{
			"name": "winterthorn_96",
			"from": [7.9375, 5.5, 7.9375],
			"to": [8.0625, 5.625, 8.0625],
			"rotation": {"angle": 0, "axis": "y", "origin": [-0.1875, 0, 7.9375]},
			"faces": {
				"north": {"uv": [2.125, 9.875, 2, 10], "texture": "#0"},
				"east": {"uv": [2, 9.875, 2.125, 10], "texture": "#0"},
				"south": {"uv": [2, 9.875, 2.125, 10], "texture": "#0"},
				"west": {"uv": [2, 9.875, 2.125, 10], "texture": "#0"},
				"up": {"uv": [2, 9.875, 2.125, 10], "texture": "#0"},
				"down": {"uv": [2, 9.875, 2.125, 10], "texture": "#0"}
			}
		},
		{
			"name": "winterthorn_97",
			"from": [8.5625, 5.5, 7.9375],
			"to": [8.6875, 5.625, 8.0625],
			"rotation": {"angle": 0, "axis": "y", "origin": [-0.1875, 0, 7.9375]},
			"faces": {
				"north": {"uv": [2.75, 9.875, 2.625, 10], "texture": "#0"},
				"east": {"uv": [2.625, 9.875, 2.75, 10], "texture": "#0"},
				"south": {"uv": [2.625, 9.875, 2.75, 10], "texture": "#0"},
				"west": {"uv": [2.625, 9.875, 2.75, 10], "texture": "#0"},
				"up": {"uv": [2.625, 9.875, 2.75, 10], "texture": "#0"},
				"down": {"uv": [2.625, 9.875, 2.75, 10], "texture": "#0"}
			}
		},
		{
			"name": "winterthorn_98",
			"from": [5.8125, 5.125, 7.875],
			"to": [6.4375, 5.25, 8.125],
			"rotation": {"angle": 0, "axis": "y", "origin": [-0.1875, 0, 7.9375]},
			"faces": {
				"north": {"uv": [6.625, 9.875, 6, 10], "texture": "#0"},
				"east": {"uv": [6.5, 9.875, 6.625, 10], "texture": "#0"},
				"south": {"uv": [6, 9.875, 6.625, 10], "texture": "#0"},
				"west": {"uv": [6, 9.875, 6.125, 10], "texture": "#0"},
				"up": {"uv": [6, 9.875, 6.625, 10], "texture": "#0"},
				"down": {"uv": [6, 9.875, 6.625, 10], "texture": "#0"}
			}
		},
		{
			"name": "winterthorn_99",
			"from": [7.6875, 5.125, 7.875],
			"to": [7.8125, 5.25, 8.125],
			"rotation": {"angle": 0, "axis": "y", "origin": [-0.1875, 0, 7.9375]},
			"faces": {
				"north": {"uv": [8, 9.875, 7.875, 10], "texture": "#0"},
				"east": {"uv": [7.875, 9.875, 8, 10], "texture": "#0"},
				"south": {"uv": [7.875, 9.875, 8, 10], "texture": "#0"},
				"west": {"uv": [7.875, 9.875, 8, 10], "texture": "#0"},
				"up": {"uv": [7.875, 9.875, 8, 10], "texture": "#0"},
				"down": {"uv": [7.875, 9.875, 8, 10], "texture": "#0"}
			}
		},
		{
			"name": "winterthorn_100",
			"from": [9.0625, 5.125, 7.875],
			"to": [9.6875, 5.25, 8.125],
			"rotation": {"angle": 0, "axis": "y", "origin": [-0.1875, 0, 7.9375]},
			"faces": {
				"north": {"uv": [9.875, 9.875, 9.25, 10], "texture": "#0"},
				"east": {"uv": [9.75, 9.875, 9.875, 10], "texture": "#0"},
				"south": {"uv": [9.25, 9.875, 9.875, 10], "texture": "#0"},
				"west": {"uv": [9.25, 9.875, 9.375, 10], "texture": "#0"},
				"up": {"uv": [9.25, 9.875, 9.875, 10], "texture": "#0"},
				"down": {"uv": [9.25, 9.875, 9.875, 10], "texture": "#0"}
			}
		},
		{
			"name": "winterthorn_101",
			"from": [7.1875, 5.125, 7.9375],
			"to": [7.3125, 5.5, 8.0625],
			"rotation": {"angle": 0, "axis": "y", "origin": [-0.1875, 0, 7.9375]},
			"faces": {
				"north": {"uv": [1.375, 10, 1.25, 10.375], "texture": "#0"},
				"east": {"uv": [1.25, 10, 1.375, 10.375], "texture": "#0"},
				"south": {"uv": [1.25, 10, 1.375, 10.375], "texture": "#0"},
				"west": {"uv": [1.25, 10, 1.375, 10.375], "texture": "#0"},
				"up": {"uv": [1.25, 10, 1.375, 10.125], "texture": "#0"},
				"down": {"uv": [1.25, 10.25, 1.375, 10.375], "texture": "#0"}
			}
		},
		{
			"name": "winterthorn_102",
			"from": [8.1875, 5.125, 7.9375],
			"to": [8.3125, 5.5, 8.0625],
			"rotation": {"angle": 0, "axis": "y", "origin": [-0.1875, 0, 7.9375]},
			"faces": {
				"north": {"uv": [2.375, 10, 2.25, 10.375], "texture": "#0"},
				"east": {"uv": [2.25, 10, 2.375, 10.375], "texture": "#0"},
				"south": {"uv": [2.25, 10, 2.375, 10.375], "texture": "#0"},
				"west": {"uv": [2.25, 10, 2.375, 10.375], "texture": "#0"},
				"up": {"uv": [2.25, 10, 2.375, 10.125], "texture": "#0"},
				"down": {"uv": [2.25, 10.25, 2.375, 10.375], "texture": "#0"}
			}
		},
		{
			"name": "winterthorn_103",
			"from": [7.0625, 5.25, 7.9375],
			"to": [7.1875, 5.375, 8.0625],
			"rotation": {"angle": 0, "axis": "y", "origin": [-0.1875, 0, 7.9375]},
			"faces": {
				"north": {"uv": [1.25, 10.125, 1.125, 10.25], "texture": "#0"},
				"east": {"uv": [1.125, 10.125, 1.25, 10.25], "texture": "#0"},
				"south": {"uv": [1.125, 10.125, 1.25, 10.25], "texture": "#0"},
				"west": {"uv": [1.125, 10.125, 1.25, 10.25], "texture": "#0"},
				"up": {"uv": [1.125, 10.125, 1.25, 10.25], "texture": "#0"},
				"down": {"uv": [1.125, 10.125, 1.25, 10.25], "texture": "#0"}
			}
		},
		{
			"name": "winterthorn_104",
			"from": [7.3125, 5.125, 7.9375],
			"to": [7.4375, 5.375, 8.0625],
			"rotation": {"angle": 0, "axis": "y", "origin": [-0.1875, 0, 7.9375]},
			"faces": {
				"north": {"uv": [1.5, 10.125, 1.375, 10.375], "texture": "#0"},
				"east": {"uv": [1.375, 10.125, 1.5, 10.375], "texture": "#0"},
				"south": {"uv": [1.375, 10.125, 1.5, 10.375], "texture": "#0"},
				"west": {"uv": [1.375, 10.125, 1.5, 10.375], "texture": "#0"},
				"up": {"uv": [1.375, 10.125, 1.5, 10.25], "texture": "#0"},
				"down": {"uv": [1.375, 10.25, 1.5, 10.375], "texture": "#0"}
			}
		},
		{
			"name": "winterthorn_105",
			"from": [8.0625, 5.125, 7.9375],
			"to": [8.1875, 5.375, 8.0625],
			"rotation": {"angle": 0, "axis": "y", "origin": [-0.1875, 0, 7.9375]},
			"faces": {
				"north": {"uv": [2.25, 10.125, 2.125, 10.375], "texture": "#0"},
				"east": {"uv": [2.125, 10.125, 2.25, 10.375], "texture": "#0"},
				"south": {"uv": [2.125, 10.125, 2.25, 10.375], "texture": "#0"},
				"west": {"uv": [2.125, 10.125, 2.25, 10.375], "texture": "#0"},
				"up": {"uv": [2.125, 10.125, 2.25, 10.25], "texture": "#0"},
				"down": {"uv": [2.125, 10.25, 2.25, 10.375], "texture": "#0"}
			}
		},
		{
			"name": "winterthorn_106",
			"from": [8.3125, 5.25, 7.9375],
			"to": [8.4375, 5.375, 8.0625],
			"rotation": {"angle": 0, "axis": "y", "origin": [-0.1875, 0, 7.9375]},
			"faces": {
				"north": {"uv": [2.5, 10.125, 2.375, 10.25], "texture": "#0"},
				"east": {"uv": [2.375, 10.125, 2.5, 10.25], "texture": "#0"},
				"south": {"uv": [2.375, 10.125, 2.5, 10.25], "texture": "#0"},
				"west": {"uv": [2.375, 10.125, 2.5, 10.25], "texture": "#0"},
				"up": {"uv": [2.375, 10.125, 2.5, 10.25], "texture": "#0"},
				"down": {"uv": [2.375, 10.125, 2.5, 10.25], "texture": "#0"}
			}
		},
		{
			"name": "winterthorn_107",
			"from": [7.4375, 5.125, 7.9375],
			"to": [7.5625, 5.25, 8.0625],
			"rotation": {"angle": 0, "axis": "y", "origin": [-0.1875, 0, 7.9375]},
			"faces": {
				"north": {"uv": [1.625, 10.25, 1.5, 10.375], "texture": "#0"},
				"east": {"uv": [1.5, 10.25, 1.625, 10.375], "texture": "#0"},
				"south": {"uv": [1.5, 10.25, 1.625, 10.375], "texture": "#0"},
				"west": {"uv": [1.5, 10.25, 1.625, 10.375], "texture": "#0"},
				"up": {"uv": [1.5, 10.25, 1.625, 10.375], "texture": "#0"},
				"down": {"uv": [1.5, 10.25, 1.625, 10.375], "texture": "#0"}
			}
		},
		{
			"name": "winterthorn_108",
			"from": [7.9375, 5.125, 7.9375],
			"to": [8.0625, 5.25, 8.0625],
			"rotation": {"angle": 0, "axis": "y", "origin": [-0.1875, 0, 7.9375]},
			"faces": {
				"north": {"uv": [2.125, 10.25, 2, 10.375], "texture": "#0"},
				"east": {"uv": [2, 10.25, 2.125, 10.375], "texture": "#0"},
				"south": {"uv": [2, 10.25, 2.125, 10.375], "texture": "#0"},
				"west": {"uv": [2, 10.25, 2.125, 10.375], "texture": "#0"},
				"up": {"uv": [2, 10.25, 2.125, 10.375], "texture": "#0"},
				"down": {"uv": [2, 10.25, 2.125, 10.375], "texture": "#0"}
			}
		},
		{
			"name": "winterthorn_109",
			"from": [6.6875, 5, 7.75],
			"to": [8.8125, 5.125, 8.25],
			"rotation": {"angle": 0, "axis": "y", "origin": [-0.1875, 0, 7.9375]},
			"faces": {
				"north": {"uv": [9, 10.375, 6.875, 10.5], "texture": "#0"},
				"east": {"uv": [8.875, 10.375, 9, 10.5], "texture": "#0"},
				"south": {"uv": [6.875, 10.375, 9, 10.5], "texture": "#0"},
				"west": {"uv": [6.875, 10.375, 7, 10.5], "texture": "#0"},
				"up": {"uv": [6.875, 10.375, 9, 10.5], "texture": "#0"},
				"down": {"uv": [6.875, 10.375, 9, 10.5], "texture": "#0"}
			}
		},
		{
			"name": "winterthorn_110",
			"from": [6.8125, 4.875, 7.75],
			"to": [8.6875, 5, 8.25],
			"rotation": {"angle": 0, "axis": "y", "origin": [-0.1875, 0, 7.9375]},
			"faces": {
				"north": {"uv": [8.875, 10.5, 7, 10.625], "texture": "#0"},
				"east": {"uv": [8.75, 10.5, 8.875, 10.625], "texture": "#0"},
				"south": {"uv": [7, 10.5, 8.875, 10.625], "texture": "#0"},
				"west": {"uv": [7, 10.5, 7.125, 10.625], "texture": "#0"},
				"up": {"uv": [7, 10.5, 8.875, 10.625], "texture": "#0"},
				"down": {"uv": [7, 10.5, 8.875, 10.625], "texture": "#0"}
			}
		},
		{
			"name": "winterthorn_111",
			"from": [6.9375, 4.75, 7.75],
			"to": [8.5625, 4.875, 8.25],
			"rotation": {"angle": 0, "axis": "y", "origin": [-0.1875, 0, 7.9375]},
			"faces": {
				"north": {"uv": [8.75, 10.625, 7.125, 10.75], "texture": "#0"},
				"east": {"uv": [8.625, 10.625, 8.75, 10.75], "texture": "#0"},
				"south": {"uv": [7.125, 10.625, 8.75, 10.75], "texture": "#0"},
				"west": {"uv": [7.125, 10.625, 7.25, 10.75], "texture": "#0"},
				"up": {"uv": [7.125, 10.625, 8.75, 10.75], "texture": "#0"},
				"down": {"uv": [7.125, 10.625, 8.75, 10.75], "texture": "#0"}
			}
		},
		{
			"name": "winterthorn_112",
			"from": [7.0625, 4.625, 7.9375],
			"to": [7.3125, 4.75, 8.0625],
			"rotation": {"angle": 0, "axis": "y", "origin": [-0.1875, 0, 7.9375]},
			"faces": {
				"north": {"uv": [7.5, 10.75, 7.25, 10.875], "texture": "#0"},
				"east": {"uv": [7.375, 10.75, 7.5, 10.875], "texture": "#0"},
				"south": {"uv": [7.25, 10.75, 7.5, 10.875], "texture": "#0"},
				"west": {"uv": [7.25, 10.75, 7.375, 10.875], "texture": "#0"},
				"up": {"uv": [7.25, 10.75, 7.5, 10.875], "texture": "#0"},
				"down": {"uv": [7.25, 10.75, 7.5, 10.875], "texture": "#0"}
			}
		},
		{
			"name": "winterthorn_113",
			"from": [8.1875, 4.625, 7.9375],
			"to": [8.4375, 4.75, 8.0625],
			"rotation": {"angle": 0, "axis": "y", "origin": [-0.1875, 0, 7.9375]},
			"faces": {
				"north": {"uv": [8.625, 10.75, 8.375, 10.875], "texture": "#0"},
				"east": {"uv": [8.5, 10.75, 8.625, 10.875], "texture": "#0"},
				"south": {"uv": [8.375, 10.75, 8.625, 10.875], "texture": "#0"},
				"west": {"uv": [8.375, 10.75, 8.5, 10.875], "texture": "#0"},
				"up": {"uv": [8.375, 10.75, 8.625, 10.875], "texture": "#0"},
				"down": {"uv": [8.375, 10.75, 8.625, 10.875], "texture": "#0"}
			}
		},
		{
			"name": "winterthorn_114",
			"from": [7.5625, 1, 7.875],
			"to": [7.9375, 4.75, 8.125],
			"rotation": {"angle": 0, "axis": "y", "origin": [-0.1875, 0, 7.9375]},
			"faces": {
				"north": {"uv": [11.125, 10.75, 10.75, 14.5], "texture": "#0"},
				"east": {"uv": [11, 10.75, 11.125, 14.5], "texture": "#0"},
				"south": {"uv": [10.75, 10.75, 11.125, 14.5], "texture": "#0"},
				"west": {"uv": [10.75, 10.75, 10.875, 14.5], "texture": "#0"},
				"up": {"uv": [10.75, 10.75, 11.125, 10.875], "texture": "#0"},
				"down": {"uv": [10.75, 14.375, 11.125, 14.5], "texture": "#0"}
			}
		},
		{
			"name": "winterthorn_115",
			"from": [7.1875, 4.5, 7.9375],
			"to": [7.4375, 4.625, 8.0625],
			"rotation": {"angle": 0, "axis": "y", "origin": [-0.1875, 0, 7.9375]},
			"faces": {
				"north": {"uv": [7.625, 10.875, 7.375, 11], "texture": "#0"},
				"east": {"uv": [7.5, 10.875, 7.625, 11], "texture": "#0"},
				"south": {"uv": [7.375, 10.875, 7.625, 11], "texture": "#0"},
				"west": {"uv": [7.375, 10.875, 7.5, 11], "texture": "#0"},
				"up": {"uv": [7.375, 10.875, 7.625, 11], "texture": "#0"},
				"down": {"uv": [7.375, 10.875, 7.625, 11], "texture": "#0"}
			}
		},
		{
			"name": "winterthorn_116",
			"from": [8.0625, 4.5, 7.9375],
			"to": [8.3125, 4.625, 8.0625],
			"rotation": {"angle": 0, "axis": "y", "origin": [-0.1875, 0, 7.9375]},
			"faces": {
				"north": {"uv": [8.5, 10.875, 8.25, 11], "texture": "#0"},
				"east": {"uv": [8.375, 10.875, 8.5, 11], "texture": "#0"},
				"south": {"uv": [8.25, 10.875, 8.5, 11], "texture": "#0"},
				"west": {"uv": [8.25, 10.875, 8.375, 11], "texture": "#0"},
				"up": {"uv": [8.25, 10.875, 8.5, 11], "texture": "#0"},
				"down": {"uv": [8.25, 10.875, 8.5, 11], "texture": "#0"}
			}
		},
		{
			"name": "winterthorn_117",
			"from": [6.9375, 4.25, 7.875],
			"to": [7.1875, 4.5, 8.125],
			"rotation": {"angle": 0, "axis": "y", "origin": [-0.1875, 0, 7.9375]},
			"faces": {
				"north": {"uv": [7.375, 11, 7.125, 11.25], "texture": "#0"},
				"east": {"uv": [7.25, 11, 7.375, 11.25], "texture": "#0"},
				"south": {"uv": [7.125, 11, 7.375, 11.25], "texture": "#0"},
				"west": {"uv": [7.125, 11, 7.25, 11.25], "texture": "#0"},
				"up": {"uv": [7.125, 11, 7.375, 11.125], "texture": "#0"},
				"down": {"uv": [7.125, 11.125, 7.375, 11.25], "texture": "#0"}
			}
		},
		{
			"name": "winterthorn_118",
			"from": [7.3125, 4.375, 7.9375],
			"to": [7.5625, 4.5, 8.0625],
			"rotation": {"angle": 0, "axis": "y", "origin": [-0.1875, 0, 7.9375]},
			"faces": {
				"north": {"uv": [7.75, 11, 7.5, 11.125], "texture": "#0"},
				"east": {"uv": [7.625, 11, 7.75, 11.125], "texture": "#0"},
				"south": {"uv": [7.5, 11, 7.75, 11.125], "texture": "#0"},
				"west": {"uv": [7.5, 11, 7.625, 11.125], "texture": "#0"},
				"up": {"uv": [7.5, 11, 7.75, 11.125], "texture": "#0"},
				"down": {"uv": [7.5, 11, 7.75, 11.125], "texture": "#0"}
			}
		},
		{
			"name": "winterthorn_119",
			"from": [7.9375, 4.375, 7.9375],
			"to": [8.1875, 4.5, 8.0625],
			"rotation": {"angle": 0, "axis": "y", "origin": [-0.1875, 0, 7.9375]},
			"faces": {
				"north": {"uv": [8.375, 11, 8.125, 11.125], "texture": "#0"},
				"east": {"uv": [8.25, 11, 8.375, 11.125], "texture": "#0"},
				"south": {"uv": [8.125, 11, 8.375, 11.125], "texture": "#0"},
				"west": {"uv": [8.125, 11, 8.25, 11.125], "texture": "#0"},
				"up": {"uv": [8.125, 11, 8.375, 11.125], "texture": "#0"},
				"down": {"uv": [8.125, 11, 8.375, 11.125], "texture": "#0"}
			}
		},
		{
			"name": "winterthorn_120",
			"from": [5.5625, 4.625, 7.9375],
			"to": [6.1875, 4.75, 8.0625],
			"rotation": {"angle": 0, "axis": "y", "origin": [-0.1875, 0, 7.9375]},
			"faces": {
				"north": {"uv": [6.375, 11.125, 5.75, 11.25], "texture": "#0"},
				"east": {"uv": [6.25, 11.125, 6.375, 11.25], "texture": "#0"},
				"south": {"uv": [5.75, 11.125, 6.375, 11.25], "texture": "#0"},
				"west": {"uv": [5.75, 11.125, 5.875, 11.25], "texture": "#0"},
				"up": {"uv": [5.75, 11.125, 6.375, 11.25], "texture": "#0"},
				"down": {"uv": [5.75, 11.125, 6.375, 11.25], "texture": "#0"}
			}
		},
		{
			"name": "winterthorn_121",
			"from": [7.4375, 4.25, 7.9375],
			"to": [7.5625, 4.375, 8.0625],
			"rotation": {"angle": 0, "axis": "y", "origin": [-0.1875, 0, 7.9375]},
			"faces": {
				"north": {"uv": [7.75, 11.125, 7.625, 11.25], "texture": "#0"},
				"east": {"uv": [7.625, 11.125, 7.75, 11.25], "texture": "#0"},
				"south": {"uv": [7.625, 11.125, 7.75, 11.25], "texture": "#0"},
				"west": {"uv": [7.625, 11.125, 7.75, 11.25], "texture": "#0"},
				"up": {"uv": [7.625, 11.125, 7.75, 11.25], "texture": "#0"},
				"down": {"uv": [7.625, 11.125, 7.75, 11.25], "texture": "#0"}
			}
		},
		{
			"name": "winterthorn_122",
			"from": [7.9375, 4.25, 7.9375],
			"to": [8.0625, 4.375, 8.0625],
			"rotation": {"angle": 0, "axis": "y", "origin": [-0.1875, 0, 7.9375]},
			"faces": {
				"north": {"uv": [8.25, 11.125, 8.125, 11.25], "texture": "#0"},
				"east": {"uv": [8.125, 11.125, 8.25, 11.25], "texture": "#0"},
				"south": {"uv": [8.125, 11.125, 8.25, 11.25], "texture": "#0"},
				"west": {"uv": [8.125, 11.125, 8.25, 11.25], "texture": "#0"},
				"up": {"uv": [8.125, 11.125, 8.25, 11.25], "texture": "#0"},
				"down": {"uv": [8.125, 11.125, 8.25, 11.25], "texture": "#0"}
			}
		},
		{
			"name": "winterthorn_123",
			"from": [9.3125, 4.625, 7.9375],
			"to": [9.9375, 4.75, 8.0625],
			"rotation": {"angle": 0, "axis": "y", "origin": [-0.1875, 0, 7.9375]},
			"faces": {
				"north": {"uv": [10.125, 11.125, 9.5, 11.25], "texture": "#0"},
				"east": {"uv": [10, 11.125, 10.125, 11.25], "texture": "#0"},
				"south": {"uv": [9.5, 11.125, 10.125, 11.25], "texture": "#0"},
				"west": {"uv": [9.5, 11.125, 9.625, 11.25], "texture": "#0"},
				"up": {"uv": [9.5, 11.125, 10.125, 11.25], "texture": "#0"},
				"down": {"uv": [9.5, 11.125, 10.125, 11.25], "texture": "#0"}
			}
		},
		{
			"name": "winterthorn_124",
			"from": [5.6875, 4.375, 7.9375],
			"to": [6.0625, 4.625, 8.0625],
			"rotation": {"angle": 0, "axis": "y", "origin": [-0.1875, 0, 7.9375]},
			"faces": {
				"north": {"uv": [6.25, 11.25, 5.875, 11.5], "texture": "#0"},
				"east": {"uv": [6.125, 11.25, 6.25, 11.5], "texture": "#0"},
				"south": {"uv": [5.875, 11.25, 6.25, 11.5], "texture": "#0"},
				"west": {"uv": [5.875, 11.25, 6, 11.5], "texture": "#0"},
				"up": {"uv": [5.875, 11.25, 6.25, 11.375], "texture": "#0"},
				"down": {"uv": [5.875, 11.375, 6.25, 11.5], "texture": "#0"}
			}
		},
		{
			"name": "winterthorn_125",
			"from": [7.1875, 4, 7.875],
			"to": [7.4375, 4.25, 8.125],
			"rotation": {"angle": 0, "axis": "y", "origin": [-0.1875, 0, 7.9375]},
			"faces": {
				"north": {"uv": [7.625, 11.25, 7.375, 11.5], "texture": "#0"},
				"east": {"uv": [7.5, 11.25, 7.625, 11.5], "texture": "#0"},
				"south": {"uv": [7.375, 11.25, 7.625, 11.5], "texture": "#0"},
				"west": {"uv": [7.375, 11.25, 7.5, 11.5], "texture": "#0"},
				"up": {"uv": [7.375, 11.25, 7.625, 11.375], "texture": "#0"},
				"down": {"uv": [7.375, 11.375, 7.625, 11.5], "texture": "#0"}
			}
		},
		{
			"name": "winterthorn_126",
			"from": [9.4375, 4.375, 7.9375],
			"to": [9.8125, 4.625, 8.0625],
			"rotation": {"angle": 0, "axis": "y", "origin": [-0.1875, 0, 7.9375]},
			"faces": {
				"north": {"uv": [10, 11.25, 9.625, 11.5], "texture": "#0"},
				"east": {"uv": [9.875, 11.25, 10, 11.5], "texture": "#0"},
				"south": {"uv": [9.625, 11.25, 10, 11.5], "texture": "#0"},
				"west": {"uv": [9.625, 11.25, 9.75, 11.5], "texture": "#0"},
				"up": {"uv": [9.625, 11.25, 10, 11.375], "texture": "#0"},
				"down": {"uv": [9.625, 11.375, 10, 11.5], "texture": "#0"}
			}
		},
		{
			"name": "winterthorn_127",
			"from": [5.8125, 4.125, 7.9375],
			"to": [5.9375, 4.375, 8.0625],
			"rotation": {"angle": 0, "axis": "y", "origin": [-0.1875, 0, 7.9375]},
			"faces": {
				"north": {"uv": [6.125, 11.5, 6, 11.75], "texture": "#0"},
				"east": {"uv": [6, 11.5, 6.125, 11.75], "texture": "#0"},
				"south": {"uv": [6, 11.5, 6.125, 11.75], "texture": "#0"},
				"west": {"uv": [6, 11.5, 6.125, 11.75], "texture": "#0"},
				"up": {"uv": [6, 11.5, 6.125, 11.625], "texture": "#0"},
				"down": {"uv": [6, 11.625, 6.125, 11.75], "texture": "#0"}
			}
		},
		{
			"name": "winterthorn_128",
			"from": [9.5625, 4.125, 7.9375],
			"to": [9.6875, 4.375, 8.0625],
			"rotation": {"angle": 0, "axis": "y", "origin": [-0.1875, 0, 7.9375]},
			"faces": {
				"north": {"uv": [9.875, 11.5, 9.75, 11.75], "texture": "#0"},
				"east": {"uv": [9.75, 11.5, 9.875, 11.75], "texture": "#0"},
				"south": {"uv": [9.75, 11.5, 9.875, 11.75], "texture": "#0"},
				"west": {"uv": [9.75, 11.5, 9.875, 11.75], "texture": "#0"},
				"up": {"uv": [9.75, 11.5, 9.875, 11.625], "texture": "#0"},
				"down": {"uv": [9.75, 11.625, 9.875, 11.75], "texture": "#0"}
			}
		},
		{
			"name": "winterthorn_129",
			"from": [7.1875, 0.875, 7.75],
			"to": [8.3125, 1, 8.25],
			"rotation": {"angle": 0, "axis": "y", "origin": [-0.1875, 0, 7.9375]},
			"faces": {
				"north": {"uv": [8.5, 14.5, 7.375, 14.625], "texture": "#0"},
				"east": {"uv": [8.375, 14.5, 8.5, 14.625], "texture": "#0"},
				"south": {"uv": [7.375, 14.5, 8.5, 14.625], "texture": "#0"},
				"west": {"uv": [7.375, 14.5, 7.5, 14.625], "texture": "#0"},
				"up": {"uv": [7.375, 14.5, 8.5, 14.625], "texture": "#0"},
				"down": {"uv": [7.375, 14.5, 8.5, 14.625], "texture": "#0"}
			}
		},
		{
			"name": "winterthorn_130",
			"from": [7.4375, 0.75, 7.75],
			"to": [8.0625, 0.875, 8.25],
			"rotation": {"angle": 0, "axis": "y", "origin": [-0.1875, 0, 7.9375]},
			"faces": {
				"north": {"uv": [8.25, 14.625, 7.625, 14.75], "texture": "#0"},
				"east": {"uv": [8.125, 14.625, 8.25, 14.75], "texture": "#0"},
				"south": {"uv": [7.625, 14.625, 8.25, 14.75], "texture": "#0"},
				"west": {"uv": [7.625, 14.625, 7.75, 14.75], "texture": "#0"},
				"up": {"uv": [7.625, 14.625, 8.25, 14.75], "texture": "#0"},
				"down": {"uv": [7.625, 14.625, 8.25, 14.75], "texture": "#0"}
			}
		},
		{
			"name": "winterthorn_131",
			"from": [7.5625, 0.625, 7.75],
			"to": [7.9375, 0.75, 8.25],
			"rotation": {"angle": 0, "axis": "y", "origin": [-0.1875, 0, 7.9375]},
			"faces": {
				"north": {"uv": [8.125, 14.75, 7.75, 14.875], "texture": "#0"},
				"east": {"uv": [8, 14.75, 8.125, 14.875], "texture": "#0"},
				"south": {"uv": [7.75, 14.75, 8.125, 14.875], "texture": "#0"},
				"west": {"uv": [7.75, 14.75, 7.875, 14.875], "texture": "#0"},
				"up": {"uv": [7.75, 14.75, 8.125, 14.875], "texture": "#0"},
				"down": {"uv": [7.75, 14.75, 8.125, 14.875], "texture": "#0"}
			}
		},
		{
			"name": "winterthorn_132",
			"from": [7.4375, 0.5, 7.9375],
			"to": [7.6875, 0.625, 8.0625],
			"rotation": {"angle": 0, "axis": "y", "origin": [-0.1875, 0, 7.9375]},
			"faces": {
				"north": {"uv": [9.375, 14.875, 9.125, 15], "texture": "#0"},
				"east": {"uv": [9.25, 14.875, 9.375, 15], "texture": "#0"},
				"south": {"uv": [9.125, 14.875, 9.375, 15], "texture": "#0"},
				"west": {"uv": [9.125, 14.875, 9.25, 15], "texture": "#0"},
				"up": {"uv": [9.125, 14.875, 9.375, 15], "texture": "#0"},
				"down": {"uv": [9.125, 14.875, 9.375, 15], "texture": "#0"}
			}
		},
		{
			"name": "winterthorn_133",
			"from": [7.8125, 0.5, 7.9375],
			"to": [8.0625, 0.625, 8.0625],
			"rotation": {"angle": 0, "axis": "y", "origin": [-0.1875, 0, 7.9375]},
			"faces": {
				"north": {"uv": [9.75, 14.875, 9.5, 15], "texture": "#0"},
				"east": {"uv": [9.625, 14.875, 9.75, 15], "texture": "#0"},
				"south": {"uv": [9.5, 14.875, 9.75, 15], "texture": "#0"},
				"west": {"uv": [9.5, 14.875, 9.625, 15], "texture": "#0"},
				"up": {"uv": [9.5, 14.875, 9.75, 15], "texture": "#0"},
				"down": {"uv": [9.5, 14.875, 9.75, 15], "texture": "#0"}
			}
		},
		{
			"name": "winterthorn_134",
			"from": [7.1875, 0.125, 7.9375],
			"to": [7.4375, 0.5, 8.0625],
			"rotation": {"angle": 0, "axis": "y", "origin": [-0.1875, 0, 7.9375]},
			"faces": {
				"north": {"uv": [9.125, 15, 8.875, 15.375], "texture": "#0"},
				"east": {"uv": [9, 15, 9.125, 15.375], "texture": "#0"},
				"south": {"uv": [8.875, 15, 9.125, 15.375], "texture": "#0"},
				"west": {"uv": [8.875, 15, 9, 15.375], "texture": "#0"},
				"up": {"uv": [8.875, 15, 9.125, 15.125], "texture": "#0"},
				"down": {"uv": [8.875, 15.25, 9.125, 15.375], "texture": "#0"}
			}
		},
		{
			"name": "winterthorn_135",
			"from": [7.4375, 0.375, 7.9375],
			"to": [7.5625, 0.5, 8.0625],
			"rotation": {"angle": 0, "axis": "y", "origin": [-0.1875, 0, 7.9375]},
			"faces": {
				"north": {"uv": [9.25, 15, 9.125, 15.125], "texture": "#0"},
				"east": {"uv": [9.125, 15, 9.25, 15.125], "texture": "#0"},
				"south": {"uv": [9.125, 15, 9.25, 15.125], "texture": "#0"},
				"west": {"uv": [9.125, 15, 9.25, 15.125], "texture": "#0"},
				"up": {"uv": [9.125, 15, 9.25, 15.125], "texture": "#0"},
				"down": {"uv": [9.125, 15, 9.25, 15.125], "texture": "#0"}
			}
		},
		{
			"name": "winterthorn_136",
			"from": [7.9375, 0.375, 7.9375],
			"to": [8.3125, 0.5, 8.0625],
			"rotation": {"angle": 0, "axis": "y", "origin": [-0.1875, 0, 7.9375]},
			"faces": {
				"north": {"uv": [10, 15, 9.625, 15.125], "texture": "#0"},
				"east": {"uv": [9.875, 15, 10, 15.125], "texture": "#0"},
				"south": {"uv": [9.625, 15, 10, 15.125], "texture": "#0"},
				"west": {"uv": [9.625, 15, 9.75, 15.125], "texture": "#0"},
				"up": {"uv": [9.625, 15, 10, 15.125], "texture": "#0"},
				"down": {"uv": [9.625, 15, 10, 15.125], "texture": "#0"}
			}
		},
		{
			"name": "winterthorn_137",
			"from": [6.9375, 0.25, 7.9375],
			"to": [7.1875, 0.375, 8.0625],
			"rotation": {"angle": 0, "axis": "y", "origin": [-0.1875, 0, 7.9375]},
			"faces": {
				"north": {"uv": [8.875, 15.125, 8.625, 15.25], "texture": "#0"},
				"east": {"uv": [8.75, 15.125, 8.875, 15.25], "texture": "#0"},
				"south": {"uv": [8.625, 15.125, 8.875, 15.25], "texture": "#0"},
				"west": {"uv": [8.625, 15.125, 8.75, 15.25], "texture": "#0"},
				"up": {"uv": [8.625, 15.125, 8.875, 15.25], "texture": "#0"},
				"down": {"uv": [8.625, 15.125, 8.875, 15.25], "texture": "#0"}
			}
		},
		{
			"name": "winterthorn_138",
			"from": [8.0625, 0.125, 7.9375],
			"to": [8.3125, 0.375, 8.0625],
			"rotation": {"angle": 0, "axis": "y", "origin": [-0.1875, 0, 7.9375]},
			"faces": {
				"north": {"uv": [10, 15.125, 9.75, 15.375], "texture": "#0"},
				"east": {"uv": [9.875, 15.125, 10, 15.375], "texture": "#0"},
				"south": {"uv": [9.75, 15.125, 10, 15.375], "texture": "#0"},
				"west": {"uv": [9.75, 15.125, 9.875, 15.375], "texture": "#0"},
				"up": {"uv": [9.75, 15.125, 10, 15.25], "texture": "#0"},
				"down": {"uv": [9.75, 15.25, 10, 15.375], "texture": "#0"}
			}
		},
		{
			"name": "winterthorn_139",
			"from": [8.3125, 0.25, 7.9375],
			"to": [8.5625, 0.375, 8.0625],
			"rotation": {"angle": 0, "axis": "y", "origin": [-0.1875, 0, 7.9375]},
			"faces": {
				"north": {"uv": [10.25, 15.125, 10, 15.25], "texture": "#0"},
				"east": {"uv": [10.125, 15.125, 10.25, 15.25], "texture": "#0"},
				"south": {"uv": [10, 15.125, 10.25, 15.25], "texture": "#0"},
				"west": {"uv": [10, 15.125, 10.125, 15.25], "texture": "#0"},
				"up": {"uv": [10, 15.125, 10.25, 15.25], "texture": "#0"},
				"down": {"uv": [10, 15.125, 10.25, 15.25], "texture": "#0"}
			}
		},
		{
			"name": "winterthorn_140",
			"from": [7.4375, 0, 7.9375],
			"to": [7.5625, 0.25, 8.0625],
			"rotation": {"angle": 0, "axis": "y", "origin": [-0.1875, 0, 7.9375]},
			"faces": {
				"north": {"uv": [9.25, 15.25, 9.125, 15.5], "texture": "#0"},
				"east": {"uv": [9.125, 15.25, 9.25, 15.5], "texture": "#0"},
				"south": {"uv": [9.125, 15.25, 9.25, 15.5], "texture": "#0"},
				"west": {"uv": [9.125, 15.25, 9.25, 15.5], "texture": "#0"},
				"up": {"uv": [9.125, 15.25, 9.25, 15.375], "texture": "#0"},
				"down": {"uv": [9.125, 15.375, 9.25, 15.5], "texture": "#0"}
			}
		},
		{
			"name": "winterthorn_141",
			"from": [7.9375, 0, 7.9375],
			"to": [8.0625, 0.25, 8.0625],
			"rotation": {"angle": 0, "axis": "y", "origin": [-0.1875, 0, 7.9375]},
			"faces": {
				"north": {"uv": [9.75, 15.25, 9.625, 15.5], "texture": "#0"},
				"east": {"uv": [9.625, 15.25, 9.75, 15.5], "texture": "#0"},
				"south": {"uv": [9.625, 15.25, 9.75, 15.5], "texture": "#0"},
				"west": {"uv": [9.625, 15.25, 9.75, 15.5], "texture": "#0"},
				"up": {"uv": [9.625, 15.25, 9.75, 15.375], "texture": "#0"},
				"down": {"uv": [9.625, 15.375, 9.75, 15.5], "texture": "#0"}
			}
		},
		{
			"name": "winterthorn_142",
			"from": [7.5625, -0.25, 7.9375],
			"to": [7.6875, 0.125, 8.0625],
			"rotation": {"angle": 0, "axis": "y", "origin": [-0.1875, 0, 7.9375]},
			"faces": {
				"north": {"uv": [9.375, 15.375, 9.25, 15.75], "texture": "#0"},
				"east": {"uv": [9.25, 15.375, 9.375, 15.75], "texture": "#0"},
				"south": {"uv": [9.25, 15.375, 9.375, 15.75], "texture": "#0"},
				"west": {"uv": [9.25, 15.375, 9.375, 15.75], "texture": "#0"},
				"up": {"uv": [9.25, 15.375, 9.375, 15.5], "texture": "#0"},
				"down": {"uv": [9.25, 15.625, 9.375, 15.75], "texture": "#0"}
			}
		},
		{
			"name": "winterthorn_143",
			"from": [7.8125, -0.25, 7.9375],
			"to": [7.9375, 0.125, 8.0625],
			"rotation": {"angle": 0, "axis": "y", "origin": [-0.1875, 0, 7.9375]},
			"faces": {
				"north": {"uv": [9.625, 15.375, 9.5, 15.75], "texture": "#0"},
				"east": {"uv": [9.5, 15.375, 9.625, 15.75], "texture": "#0"},
				"south": {"uv": [9.5, 15.375, 9.625, 15.75], "texture": "#0"},
				"west": {"uv": [9.5, 15.375, 9.625, 15.75], "texture": "#0"},
				"up": {"uv": [9.5, 15.375, 9.625, 15.5], "texture": "#0"},
				"down": {"uv": [9.5, 15.625, 9.625, 15.75], "texture": "#0"}
			}
		},
		{
			"name": "winterthorn_144",
			"from": [7.6875, -0.5, 7.9375],
			"to": [7.8125, 0, 8.0625],
			"rotation": {"angle": 0, "axis": "y", "origin": [-0.1875, 0, 7.9375]},
			"faces": {
				"north": {"uv": [9.5, 15.5, 9.375, 16], "texture": "#0"},
				"east": {"uv": [9.375, 15.5, 9.5, 16], "texture": "#0"},
				"south": {"uv": [9.375, 15.5, 9.5, 16], "texture": "#0"},
				"west": {"uv": [9.375, 15.5, 9.5, 16], "texture": "#0"},
				"up": {"uv": [9.375, 15.5, 9.5, 15.625], "texture": "#0"},
				"down": {"uv": [9.375, 15.875, 9.5, 16], "texture": "#0"}
			}
		}
	],
	"gui_light": "front",
	"display": {
		"thirdperson_righthand": {
			"rotation": [0, -90, 0],
			"translation": [0, 10, 1.5],
			"scale": [2.5, 2.5, 2.5]
		},
		"thirdperson_lefthand": {
			"rotation": [0, 90, 0],
			"translation": [0, 10, 1.5],
			"scale": [2.5, 2.5, 2.5]
		},
		"firstperson_righthand": {
			"rotation": [10, -90, 0],
			"translation": [-1.5, 9.75, 4.75],
			"scale": [1.4, 1.4, 1.4]
		},
		"firstperson_lefthand": {
			"rotation": [10, -90, 0],
			"translation": [-1.5, 9.75, 4],
			"scale": [1.4, 1.4, 1.4]
		},
		"ground": {
			"rotation": [0, 0, 45],
			"translation": [0, 2.25, 0.25]
		},
		"gui": {
			"rotation": [0, 0, -45],
			"scale": [1.4, 1.4, 1]
		},
		"head": {
			"rotation": [0, 0, 45],
			"translation": [1.25, 17.75, 0],
			"scale": [2, 2, 2]
		},
		"fixed": {
			"rotation": [0, 0, 90],
			"translation": [1.25, -0.25, -0.25],
			"scale": [4, 4, 4]
		}
	},
	"groups": [
		{
			"name": "winterthorn",
			"origin": [7.8125, 8, 15.9375],
			"color": 0,
			"children": [
				0,
				1,
				2,
				3,
				4,
				5,
				6,
				7,
				8,
				9,
				10,
				11,
				12,
				13,
				14,
				15,
				16,
				17,
				18,
				19,
				20,
				21,
				22,
				23,
				24,
				25,
				26,
				27,
				28,
				29,
				30,
				31,
				32,
				33,
				34,
				35,
				36,
				37,
				38,
				39,
				40,
				41,
				42,
				43,
				44,
				45,
				46,
				47,
				48,
				49,
				50,
				51,
				52,
				53,
				54,
				55,
				56,
				57,
				58,
				59,
				60,
				61,
				62,
				63,
				64,
				65,
				66,
				67,
				68,
				69,
				70,
				71,
				72,
				73,
				74,
				75,
				76,
				77,
				78,
				79,
				80,
				81,
				82,
				83,
				84,
				85,
				86,
				87,
				88,
				89,
				90,
				91,
				92,
				93,
				94,
				95,
				96,
				97,
				98,
				99,
				100,
				101,
				102,
				103,
				104,
				105,
				106,
				107,
				108,
				109,
				110,
				111,
				112,
				113,
				114,
				115,
				116,
				117,
				118,
				119,
				120,
				121,
				122,
				123,
				124,
				125,
				126,
				127,
				128,
				129,
				130,
				131,
				132,
				133,
				134,
				135,
				136,
				137,
				138,
				139,
				140,
				141,
				142,
				143,
				144
			]
		}
	]
}