{
	"textures": {
		"1": "./item/wooden_tonfa",
		"particle": "./item/wooden_tonfa"
	},
	"elements": [
		{
			"name": "T_tonfa_1",
			"from": [6.8125, 5, 7.5],
			"to": [7.8125, 5.375, 8.5],
			"rotation": {"angle": 0, "axis": "y", "origin": [1.0625, 0, 7.9375]},
			"faces": {
				"north": {"uv": [6.75, 10.375, 5.75, 10.75], "texture": "#1"},
				"east": {"uv": [6.625, 10.375, 6.75, 10.75], "texture": "#1"},
				"south": {"uv": [5.75, 10.375, 6.75, 10.75], "texture": "#1"},
				"west": {"uv": [5.75, 10.375, 5.875, 10.75], "texture": "#1"},
				"up": {"uv": [5.75, 9.25, 6.75, 10.25], "texture": "#1"},
				"down": {"uv": [5.75, 9.25, 6.75, 10.25], "texture": "#1"}
			}
		},
		{
			"name": "T_tonfa_2",
			"from": [7.0625, 3, 7.75],
			"to": [7.5625, 5, 8.25],
			"rotation": {"angle": 0, "axis": "y", "origin": [1.0625, 0, 7.9375]},
			"faces": {
				"north": {"uv": [6.5, 11, 6, 13], "texture": "#1"},
				"east": {"uv": [6.375, 11, 6.5, 13], "texture": "#1"},
				"south": {"uv": [6, 11, 6.5, 13], "texture": "#1"},
				"west": {"uv": [6, 11, 6.125, 13], "texture": "#1"},
				"up": {"uv": [6, 11, 6.5, 11.125], "texture": "#1"},
				"down": {"uv": [6, 12.875, 6.5, 13], "texture": "#1"}
			}
		},
		{
			"name": "T_tonfa_4",
			"from": [5.3125, 2.375, 7.6875],
			"to": [12.0625, 3, 8.3125],
			"rotation": {"angle": 0, "axis": "y", "origin": [1.0625, 0, 7.9375]},
			"faces": {
				"north": {"uv": [11, 13.25, 4.25, 13.875], "texture": "#1"},
				"east": {"uv": [11.125, 13.25, 11.75, 13.875], "texture": "#1"},
				"south": {"uv": [4.25, 13.25, 11, 13.875], "texture": "#1"},
				"west": {"uv": [3.5, 13.25, 4.125, 13.875], "texture": "#1"},
				"up": {"uv": [4.25, 13.25, 11, 13.375], "texture": "#1"},
				"down": {"uv": [4.25, 13.75, 11, 13.875], "texture": "#1"}
			}
		}
	],
	"gui_light": "front",
	"display": {
		"thirdperson_righthand": {
			"rotation": [0, -90, 0],
			"translation": [0, 7.5, 3.5],
			"scale": [2.4, 2.4, 2.4]
		},
		"thirdperson_lefthand": {
			"rotation": [0, 90, 0],
			"translation": [0, 7.5, 3.5],
			"scale": [2.4, 2.4, 2.4]
		},
		"firstperson_righthand": {
			"rotation": [41, -30, 0],
			"translation": [-4, 13.5, 5.5],
			"scale": [2, 2, 2]
		},
		"firstperson_lefthand": {
			"rotation": [41, 150, 0],
			"translation": [-4, 13.5, 5.5],
			"scale": [2, 2, 2]
		},
		"ground": {
			"rotation": [0, 0, 45],
			"translation": [-4.25, 3, 0.25]
		},
		"gui": {
			"rotation": [-180, 0, 135],
			"translation": [-6, 7.75, 0],
			"scale": [2, 2, 1]
		},
		"head": {
			"rotation": [0, 0, 45],
			"translation": [-8.5, 19.5, 0],
			"scale": [2, 2, 2]
		},
		"fixed": {
			"translation": [-2.5, 17, -1.25],
			"scale": [4, 4, 4]
		}
	},
	"groups": [
		{
			"name": "T_tonfa",
			"origin": [9.0625, 8, 15.9375],
			"color": 0,
			"children": [0, 1, 2]
		}
	]
}